rank,Player,School,Pos,Year,predicted_round,Height,Weight,arm_length_inches,40yd,Vertical,Broad Jump,Bench,3Cone,Shuttle,RAS,speed_score,explosive_score,agility_score,p4_conference,yards_per_coverage_snap,forced_incompletion_rate,snap_counts_coverage,coverage_percent,coverage_snaps_per_target,INT_rate,PBU_rate,qb_rating_against,catch_rate,stop_percent,missed_tackle_rate,avg_depth_of_tackle,snap_counts_run,forced_fumbles,interceptions,pass_break_ups,true_pass_set_pass_rush_win_rate,pass_rush_win_rate,snap_counts_pass_rush,true_pass_set_pressure_rate,true_pass_set_sack_rate,snap_counts_pass_block,snap_counts_run_block,grades_run_block,gap_rate,zone_rate,penalty_rate,arm_33_plus,arm_34_plus,is_center,btt_rate,twp_rate,ypa,qb_rating,pressure_to_sack_rate,sack_percent,epa,positive_epa_percent,player_game_count,yprr,yards_per_reception,caught_percent,avg_depth_of_target,targeted_qb_rating,contested_catch_rate,drop_rate,yards_after_catch_per_reception,avoided_tackles,slot_rate,wide_rate,inline_rate,route_rate,yards_after_contact,yco_attempt,elusive_rating,mtf_per_attempt,breakaway_percent,explosive_rate,targets_per_route,fumble_rate
1,Rueben Bain Jr.,Miami,ED,2026,1.0,75.0,276.0,31.0,4.72,,,,,,,111.21697620463732,0.0,,1.0,,,,,,,,,,6.9,,,,,,,30.3,23.5,557.0,,,,,,,,,,,,,,,,,,,,,,,,,,,,,,,,,,,,,,,,,
2,David Bailey,Texas Tech,ED,2026,1.0,75.625,251.0,33.75,4.5,35.0,129.0,,,,,122.42036274958086,2.2330870374285277,,1.0,,,,,,,,,,9.0,,,,,,,38.6,21.6,380.0,,,,,,,,,,,,,,,,,,,,,,,,,,,,,,,,,,,,,,,,,
3,Fernando Mendoza,Indiana,QB,2026,1.0,76.75,236.0,31.78,,,,,,,,,,,1.0,,,,,,,,,,,,,,,,,,,,,,,,,,,,,,,5.7,2.6,9.3,129.4,18.9,5.7,0.39,58.3,16.0,,,,9.8,,,,,,,,,,,,,,,,,
4,Sonny Styles,Ohio State,LB,2026,1.6317,77.0,244.0,32.875,4.46,43.5,134.0,,7.09,4.26,,123.33330999166198,5.219539956803906,,1.0,0.6,8.8,317.0,83.2,8.9,0.0031545741324921,0.0094637223974763,,,11.3,3.4,3.1,282.0,0.0,1.0,3.0,12.9,14.3,64.0,,,,,,,,,,,,,,,,,,,,,,,,,,,,,,,,,,,,,,,,,
5,Jalon Kilgore,South Carolina,S,2026,2.0,73.0,210.0,,4.4,,,,,4.32,,112.05689502083187,0.0,,1.0,1.1,16.9,380.0,97.4,5.5,0.0052631578947368,0.0236842105263157,68.1,52.3,2.0,13.3,5.0,304.0,1.0,2.0,9.0,33.3,33.3,10.0,,,,,,,,,,,,,,,,,,,,,,,,9.5,,,,,,,,,,,,,,,,,
6,Spencer Fano,Utah,OT,2026,2.0334,77.0,311.0,,4.91,32.0,111.0,,7.34,4.67,,107.01986928782048,,2.0384212580581984,1.0,,,,,,,,,,,,,,,,,,,,0.0198019801980198,0.0,101.0,440.0,80.0,0.7,0.245,0.0073937153419593,0.0,0.0,,,,,,,,,,,,,,,,,,,,,,,,,,,,,,,
7,Dani Dennis-Sutton,Penn State,ED,2026,2.251,78.0,256.0,33.5,4.63,39.5,131.0,,6.9,,,111.41559833314624,3.902848339623472,,1.0,,,,,,,,,,5.8,,,,,,,22.2,15.8,320.0,,,,,,,,,,,,,,,,,,,,,,,,,,,,,,,,,,,,,,,,,
8,Kenyon Sadiq,Oregon,TE,2026,2.322,75.0,241.0,31.5,4.39,43.5,133.0,,,,,129.77437837626428,3.386391048170691,,1.0,,,,,,,,,,,,,,,,,,,,,,,332.0,66.3,,,,,,,,,,,,,,,14.0,1.62,11.0,76.1,8.3,139.9,58.3,10.5,4.9,8.0,58.5,10.7,27.7,84.0,,,,,,,,
9,Jeremiyah Love,Notre Dame,RB,2026,2.3918,72.0,212.0,32.0,4.36,,,,,,,,,,,,,,,,,,,,,,,,,,,,,,,,,,,,,,,,,,,6.9,,,,,,,1.83,,,,,,,,56.0,,,,,896.0,4.5,127.5,0.2814070351758794,52.9,0.1959798994974874,0.2222222222222222,0.0044247787610619
10,Romello Height,Texas Tech,ED,2026,2.5128,75.0,239.0,32.25,4.64,39.0,125.0,,,,,103.1231034323699,2.814302647067249,,1.0,,,,,,,,,,7.1,,,,,,,28.0,21.8,350.0,,,,,,,,,,,,,,,,,,,,,,,,,,,,,,,,,,,,,,,,,
11,Zxavian Harris,Ole Miss,DT,2026,2.6146,80.0,330.0,,,,,,,,,,0.0,,1.0,,,,,,,,,,8.1,,,,,,,9.2,7.0,354.0,,,,,,,,,,,,,,,,,,,,,,,,,,,,,,,,,,,,,,,,,
12,Lee Hunter,Texas Tech,DT,2026,2.7872,75.5,318.0,33.25,5.18,21.5,100.0,,,,,88.33607055407602,-3.4659006688529255,,1.0,,,,,,,,,,11.9,,,,,,,17.5,10.6,328.0,,,,,,,,,,,,,,,,,,,,,,,,,,,,,,,,,,,,,,,,,
13,Omar Cooper Jr,Indiana,WR,2026,2.7875,72.0,199.0,30.25,4.42,37.0,,,,,,104.27831253892639,0.5250521510416721,,1.0,,,,,,,,,,,,,,,,,,,,,,,,,,,,,,,,,,,,,,,16.0,2.55,13.6,75.8,9.7,143.2,50.0,4.2,7.2,27.0,83.3,15.7,0.8,94.3,,,,,,,,
14,Isaac Smith,Mississippi State,S,2026,2.7914,72.0,220.0,,4.6,,,,,,,98.2700890863026,0.0,,1.0,0.3,26.7,217.0,91.2,13.5,0.0046082949308755,0.0184331797235023,26.8,40.0,6.1,2.9,5.3,182.0,1.0,1.0,4.0,16.7,17.6,21.0,,,,,,,,,,,,,,,,,,,,,,,,11.8,,,,,,,,,,,,,,,,,
15,Kadyn Proctor,Alabama,OT,2026,2.7968,78.0,352.0,,5.22,32.5,109.0,25.0,,,,94.8179687018087,,-0.0,1.0,,,,,,,,,,,,,,,,,,,,0.0424710424710424,0.0038610038610038,259.0,369.0,81.1,0.477,0.4529999999999999,0.0,0.0,0.0,,,,,,,,,,,,,,,,,,,,,,,,,,,,,,,
16,Malachi Lawrence,UCF,ED,2026,2.8184,76.0,253.0,33.625,4.52,40.0,130.0,,,,,121.2262797678768,3.897354618416667,,1.0,,,,,,,,,,4.2,,,,,,,34.7,19.2,228.0,,,,,,,,,,,,,,,,,,,,,,,,,,,,,,,,,,,,,,,,,
17,Dillon Thieneman,Purdue,S,2026,2.8411,72.0,201.0,,4.35,41.0,,,,,,112.27137079521073,1.8696863865774944,,1.0,0.4,17.2,436.0,98.9,14.2,0.0045871559633027,0.0091743119266055,80.4,62.1,4.9,11.1,6.8,371.0,0.0,2.0,4.0,0.0,20.0,5.0,,,,,,,,,,,,,,,,,,,,,,,,11.0,,,,,,,,,,,,,,,,,
18,Treydan Stukes,Arizona,CB,2026,2.917,77.0,190.0,,4.33,38.0,,,,,,108.10157243465963,0.710183978898797,,1.0,0.8,15.4,285.0,96.3,6.8,0.0140350877192982,0.0210526315789473,34.4,59.0,2.0,3.3,9.7,312.0,0.0,4.0,6.0,50.0,27.3,11.0,,,,,,,,,,,,,,,,,,,,,,,,10.3,,,,,,,,,,,,,,,,,
19,Zion Young,Missouri,ED,2026,2.9341,78.0,262.0,33.0,4.76,,,,,,,102.07126005380407,0.0,,1.0,,,,,,,,,,9.3,,,,,,,25.6,17.4,326.0,,,,,,,,,,,,,,,,,,,,,,,,,,,,,,,,,,,,,,,,,
20,Eli Stowers,Vanderbilt,TE,2026,3.0893,76.0,239.0,32.62,4.51,45.5,135.0,,,,,115.53717093006233,4.052974082257908,,1.0,,,,,,,,,,,,,,,,,,,,,,,127.0,51.2,,,,,,,,,,,,,,,12.0,2.55,12.4,72.9,8.2,101.5,41.2,6.1,6.1,9.0,66.4,8.4,24.9,90.4,,,,,,,,
21,Michael Taaffe,Texas,S,2026,3.1208,71.0,190.0,,4.5,,,,,,,92.66880048773052,0.0,,1.0,0.3,0.0,339.0,98.3,18.1,0.0058997050147492,0.0,59.7,66.7,4.0,14.3,7.8,255.0,0.0,2.0,0.0,66.7,50.0,6.0,,,,,,,,,,,,,,,,,,,,,,,,5.2,,,,,,,,,,,,,,,,,
22,Chris Johnson,San Diego State,CB,2026,3.1301,72.0,193.0,,4.4,,126.0,,,,,102.98562256676453,0.3550601765726541,,0.0,0.6,18.6,349.0,97.5,7.7,0.0114613180515759,0.0143266475644699,16.1,41.9,2.2,12.0,7.2,276.0,0.0,4.0,5.0,0.0,11.1,9.0,,,,,,,,,,,,,,,,,,,,,,,,12.8,,,,,,,,,,,,,,,,,
23,Peter Woods,Clemson,DT,2026,3.1377,74.5,298.0,31.25,4.86,,,,,,,106.83195665701842,0.0,,1.0,,,,,,,,,,10.1,,,,,,,16.0,8.1,362.0,,,,,,,,,,,,,,,,,,,,,,,,,,,,,,,,,,,,,,,,,
24,Dallen Bentley,Utah,TE,2026,3.2151,76.0,253.0,33.12,4.62,35.0,118.0,,,4.42,,111.06637936826918,0.5534131533000207,,1.0,,,,,,,,,,,,,,,,,,,,,,,419.0,61.7,,,,,,,,,,,,,,,13.0,2.07,12.9,63.2,10.8,109.5,26.7,0.0,5.4,10.0,30.4,11.9,55.5,82.9,,,,,,,,
25,Mansoor Delane,Virginia Tech,CB,2026,3.2198,72.0,187.0,,4.44,,,,,,,96.23647825399611,0.0,,1.0,0.5,31.4,357.0,98.3,9.7,0.0056022408963585,0.0196078431372549,31.3,40.0,0.8,7.7,5.1,260.0,0.0,2.0,7.0,0.0,0.0,6.0,,,,,,,,,,,,,,,,,,,,,,,,12.1,,,,,,,,,,,,,,,,,
26,Zachariah Branch,Georgia,WR,2026,3.2354,68.625,177.0,29.38,4.35,38.0,125.0,20.0,,,,98.86583398384228,0.8353647703930333,,1.0,,,,,,,,,,,,,,,,,,,,,,,,,,,,,,,,,,,,,,,14.0,2.57,10.0,87.1,3.6,124.5,62.5,2.4,7.8,20.0,79.2,19.0,1.2,92.4,,,,,,,,
27,Will Heldt,Clemson,ED,2026,3.2444,78.0,265.0,,,,,,,,,,0.0,,1.0,,,,,,,,,,7.4,,,,,,,21.6,15.5,342.0,,,,,,,,,,,,,,,,,,,,,,,,,,,,,,,,,,,,,,,,,
28,Skyler Bell,UConn,WR,2026,3.2575,71.625,192.0,31.88,4.4,41.0,133.0,,,,,102.45201830476057,1.7663026284471168,,0.0,,,,,,,,,,,,,,,,,,,,,,,,,,,,,,,,,,,,,,,13.0,3.13,12.6,72.3,8.3,128.0,65.0,3.8,8.2,15.0,36.4,61.1,0.0,94.2,,,,,,,,
29,Jeff Caldwell,Cincinnati,WR,2026,3.3852,77.0,216.0,32.62,4.31,42.0,134.0,,,,,125.19144901979112,2.076615247798478,,1.0,,,,,,,,,,,,,,,,,,,,,,,,,,,,,,,,,,,,,,,13.0,2.16,14.9,55.2,15.0,116.9,38.5,8.6,3.7,11.0,8.2,91.8,0.0,95.3,,,,,,,,
30,Riley Nowakowski,Indiana,TE,2026,3.4334,74.0,250.0,31.5,4.66,33.0,120.0,,,,,106.02940823998897,-0.11316988078719589,,1.0,,,,,,,,,,,,,,,,,,,,,,,466.0,69.7,,,,,,,,,,,,,,,16.0,1.68,12.1,88.9,5.3,130.0,57.1,0.0,7.7,10.0,21.6,9.5,67.2,57.2,,,,,,,,
31,T.J. Parker,Clemson,ED,2026,3.4514,75.5,263.0,33.125,4.68,34.0,120.0,,,,,109.64840834790695,0.5248696867859513,,1.0,,,,,,,,,,7.6,,,,,,,27.6,15.5,324.0,,,,,,,,,,,,,,,,,,,,,,,,,,,,,,,,,,,,,,,,,
32,Akheem Mesidor,Miami,ED,2026,3.4972,75.0,259.0,32.125,4.9,,,,,,,89.85566023874888,0.0,,1.0,,,,,,,,,,4.9,,,,,,,36.6,20.8,445.0,,,,,,,,,,,,,,,,,,,,,,,,,,,,,,,,,,,,,,,,,
33,Jalen Farmer,Florida,IOL,2026,3.5202,77.0,312.0,,4.93,,108.0,,,,,105.63234293150053,,-0.0,1.0,,,,,,,,,,,,,,,,,,,,,,,,,,,,0.0,0.0,0.0,,,,,,,,,,,,,,,,,,,,,,,,,,,,,,
34,De'Zhaun Stribling,Mississippi,WR,2026,3.5809,74.125,207.0,31.62,4.36,36.0,127.0,,,,,114.56563960194973,0.21473953169031096,,1.0,,,,,,,,,,,,,,,,,,,,,,,,,,,,,,,,,,,,,,,15.0,2.15,14.7,74.3,9.3,136.7,44.4,1.8,7.3,12.0,17.5,80.5,1.0,93.3,,,,,,,,
35,A'Mauri Washington,Oregon,DT,2026,3.593,75.0,330.0,,,,,,,,,,0.0,,1.0,,,,,,,,,,7.2,,,,,,,10.9,8.2,358.0,,,,,,,,,,,,,,,,,,,,,,,,,,,,,,,,,,,,,,,,,
36,Makai Lemon,USC,WR,2026,3.6478,71.125,192.0,30.5,,,,,,,,,,,1.0,,,,,,,,,,,,,,,,,,,,,,,,,,,,,,,,,,,,,,,12.0,3.13,14.6,73.1,10.3,126.2,71.4,2.5,6.4,21.0,70.6,27.9,0.5,92.0,,,,,,,,
37,Anthony Hill Jr,Texas,LB,2026,3.6636,74.0,238.0,32.375,4.51,37.0,125.0,21.0,,,,115.05375180483195,1.7917108267926292,,1.0,0.9,3.4,250.0,74.4,8.2,0.008,0.004,,,8.6,4.4,2.4,227.0,0.0,2.0,1.0,16.1,10.8,86.0,,,,,,,,,,,,,,,,,,,,,,,,,,,,,,,,,,,,,,,,,
38,Zakee Wheatley,Penn State,S,2026,3.684,75.0,203.0,,4.4,,,,,,,108.32166518680415,0.0,,1.0,0.1,10.0,325.0,95.0,30.9,0.003076923076923,0.003076923076923,69.2,70.0,4.5,10.4,6.5,316.0,0.0,1.0,1.0,0.0,5.9,17.0,,,,,,,,,,,,,,,,,,,,,,,,7.4,,,,,,,,,,,,,,,,,
39,Gracen Halton,Oklahoma,DT,2026,3.7052,74.625,293.0,31.125,4.82,36.5,114.0,,,4.79,,108.56990631187224,3.774820631168979,,1.0,,,,,,,,,,10.2,,,,,,,14.4,10.4,259.0,,,,,,,,,,,,,,,,,,,,,,,,,,,,,,,,,,,,,,,,,
40,Keionte Scott,Auburn,CB,2026,3.7096,71.0,193.0,,,,,,,,,,0.0,,1.0,0.9,8.9,390.0,81.8,6.6,0.0051282051282051,0.0102564102564102,69.9,69.6,6.9,12.1,3.7,279.0,1.0,2.0,4.0,9.4,8.0,87.0,,,,,,,,,,,,,,,,,,,,,,,,4.2,,,,,,,,,,,,,,,,,
41,Clev Lubin,Louisville,ED,2026,3.7239,75.0,250.0,,,,,,,,,,0.0,,1.0,,,,,,,,,,7.5,,,,,,,36.4,24.0,301.0,,,,,,,,,,,,,,,,,,,,,,,,,,,,,,,,,,,,,,,,,
42,Mike Washington Jr.,Arkansas,RB,2026,3.7244,73.0,223.0,33.625,4.33,39.0,128.0,,,,,,,,,,,,,,,,,,,,,,,,,,,,,,,,,,,,,,,,,6.4,,,,,,,0.99,,,,,,,,34.0,,,,,644.0,3.86,73.2,0.2035928143712574,48.3,0.1796407185628742,0.1572052401746725,0.0153846153846153
43,Bear Alexander,Oregon,DT,2026,3.7502,75.0,315.0,,5.1,,,,,,,93.12361894347265,0.0,,1.0,,,,,,,,,,10.6,,,,,,,19.8,10.1,311.0,,,,,,,,,,,,,,,,,,,,,,,,,,,,,,,,,,,,,,,,,
44,Davison Igbinosun,Ole Miss,CB,2026,3.7522,74.0,192.0,,,,,,,,,,0.0,,1.0,0.6,21.7,363.0,98.1,7.6,0.0055096418732782,0.0137741046831955,42.6,47.8,2.8,12.1,7.2,285.0,0.0,2.0,5.0,25.0,14.3,7.0,,,,,,,,,,,,,,,,,,,,,,,,12.4,,,,,,,,,,,,,,,,,
45,Diego Pavia,Vanderbilt,QB,2026,3.7558,70.0,207.0,28.58,,,,,,,,,,,1.0,,,,,,,,,,,,,,,,,,,,,,,,,,,,,,,7.4,2.5,9.3,116.3,13.3,4.6,0.37,55.7,13.0,,,,9.8,,,,,,,,,,,,,,,,,
46,Malik Muhammad,Texas,CB,2026,3.7619,72.0,182.0,,4.42,39.0,131.0,,,,,95.37011498534977,2.315833809199684,,1.0,0.5,5.7,366.0,98.9,10.0,0.0054644808743169,0.0054644808743169,57.8,60.0,0.9,0.0,10.9,223.0,0.0,2.0,2.0,0.0,0.0,4.0,,,,,,,,,,,,,,,,,,,,,,,,8.3,,,,,,,,,,,,,,,,,
47,Jacob Rodriguez,Texas Tech,LB,2026,3.7801,73.375,231.0,30.875,4.57,38.5,121.0,,6.9,4.19,,105.91980566416568,1.6038156364567366,,1.0,1.2,4.5,447.0,91.8,6.4,0.0089485458612975,0.0067114093959731,,,15.3,10.3,2.8,285.0,4.0,4.0,3.0,8.3,2.9,40.0,,,,,,,,,,,,,,,,,,,,,,,,,,,,,,,,,,,,,,,,,
48,DeMonte Capehart,Clemson,DT,2026,3.788,76.875,313.0,33.875,4.85,33.5,107.0,,,,,113.13770864127997,1.6320630934137939,,1.0,,,,,,,,,,8.6,,,,,,,6.6,5.2,204.0,,,,,,,,,,,,,,,,,,,,,,,,,,,,,,,,,,,,,,,,,
49,Austin Barber,Florida,OT,2026,3.7893,79.0,318.0,,5.12,32.0,111.0,,,,,92.55018085241318,,-0.0,1.0,,,,,,,,,,,,,,,,,,,,0.0857142857142857,0.0214285714285714,140.0,328.0,90.0,0.317,0.634,0.0106837606837606,0.0,0.0,,,,,,,,,,,,,,,,,,,,,,,,,,,,,,,
50,A.J. Haulcy,New Mexico,S,2026,3.8067,71.0,215.0,,4.52,,,,,,,103.01838003989532,0.0,,0.0,0.7,13.5,406.0,98.5,10.4,0.0073891625615763,0.0098522167487684,59.0,62.2,4.3,14.3,6.7,289.0,0.0,3.0,4.0,33.3,16.7,6.0,,,,,,,,,,,,,,,,,,,,,,,,7.9,,,,,,,,,,,,,,,,,
51,Logan Jones,Iowa,IOL,2026,3.8199,75.0,299.0,,4.9,31.0,110.0,,7.46,4.59,,103.7329822833433,,2.1108730884771507,1.0,,,,,,,,,,,,,,,,,,,,0.0229885057471264,0.0114942528735632,87.0,430.0,73.0,0.258,0.628,0.0,0.0,0.0,1.0,,,,,,,,,,,,,,,,,,,,,,,,,,,,,,
52,Cashius Howell,Texas A&M,ED,2026,3.8395,74.5,253.0,30.25,4.59,32.5,115.0,,,,,113.99866741519068,-0.7089799081799518,,1.0,,,,,,,,,,3.1,,,,,,,28.8,19.9,300.0,,,,,,,,,,,,,,,,,,,,,,,,,,,,,,,,,,,,,,,,,
53,Keldric Faulk,Auburn,ED,2026,3.8653,77.875,276.0,34.375,4.74,35.0,117.0,,,,,109.35174330598333,0.35759089954905243,,1.0,,,,,,,,,,8.6,,,,,,,19.2,11.6,316.0,,,,,,,,,,,,,,,,,,,,,,,,,,,,,,,,,,,,,,,,,
54,Brenen Thompson,Mississippi State,WR,2026,3.869,69.0,164.0,29.38,4.26,,,,,,,99.5945210208984,,,1.0,,,,,,,,,,,,,,,,,,,,,,,,,,,,,,,,,,,,,,,13.0,2.77,18.5,65.5,18.4,120.6,33.3,8.1,4.3,7.0,13.2,86.8,0.0,94.8,,,,,,,,
55,Genesis Smith,Arizona,S,2026,3.8878,74.0,202.0,,4.5,42.5,,,,4.18,,98.52156683432403,2.3696391566147,,1.0,0.5,26.1,382.0,96.0,15.7,0.0026178010471204,0.0157068062827225,91.4,69.6,3.8,20.0,6.5,373.0,2.0,1.0,6.0,16.7,6.7,16.0,,,,,,,,,,,,,,,,,,,,,,,,7.6,,,,,,,,,,,,,,,,,
56,Michael Trigg,Baylor,TE,2026,3.9132,76.0,240.0,34.25,,,,,,,,,,,1.0,,,,,,,,,,,,,,,,,,,,,,,192.0,46.0,,,,,,,,,,,,,,,11.0,2.18,13.9,58.8,11.3,98.8,41.2,12.3,4.5,17.0,69.4,2.9,27.2,83.5,,,,,,,,
57,Daylen Everette,Georgia,CB,2026,3.9172,73.0,196.0,,4.38,,124.0,,,,,106.50981368968212,-0.0015780452292121563,,1.0,1.0,13.4,450.0,98.3,6.4,0.0022222222222222,0.0155555555555555,83.7,55.2,2.8,5.9,5.8,293.0,0.0,1.0,7.0,0.0,0.0,8.0,,,,,,,,,,,,,,,,,,,,,,,,11.3,,,,,,,,,,,,,,,,,
58,Caleb Downs,Alabama,S,2026,3.9275,71.0,206.0,,4.45,,,,,,,105.06478402644238,0.0,,1.0,0.5,7.7,365.0,93.8,8.9,0.0054794520547945,0.0027397260273972,54.5,66.7,7.2,15.6,4.6,293.0,0.0,2.0,1.0,10.0,4.3,24.0,,,,,,,,,,,,,,,,,,,,,,,,5.6,,,,,,,,,,,,,,,,,
59,Xavier Nwankpa,Iowa,S,2026,3.9318,74.0,208.0,,4.48,,,,,,,103.27168774078505,0.0,,1.0,0.5,3.7,405.0,97.4,14.3,0.0024691358024691,0.0,79.4,59.3,4.4,12.5,5.8,325.0,2.0,1.0,0.0,40.0,30.0,11.0,,,,,,,,,,,,,,,,,,,,,,,,11.6,,,,,,,,,,,,,,,,,
60,Mikail Kamara,Indiana,ED,2026,3.9335,73.0,262.0,,4.8,,,,,,,98.71117862654322,0.0,,1.0,,,,,,,,,,5.9,,,,,,,22.2,16.7,340.0,,,,,,,,,,,,,,,,,,,,,,,,,,,,,,,,,,,,,,,,,
61,Tacario Davis,Arizona,CB,2026,3.959,75.0,194.0,,4.41,,123.0,,,,,102.58346580747289,-0.17989715613014529,,1.0,0.7,17.9,238.0,96.7,7.8,0.0084033613445378,0.0168067226890756,50.6,53.6,1.7,0.0,2.5,175.0,0.0,2.0,4.0,0.0,12.5,8.0,,,,,,,,,,,,,,,,,,,,,,,,13.0,,,,,,,,,,,,,,,,,
62,Josiah Trotter,Missouri,LB,2026,3.9819,74.0,237.0,32.25,4.61,,,27.0,,,,104.94811442041086,0.0,,1.0,1.0,0.0,245.0,82.2,7.2,0.0,0.0,,,11.1,10.3,2.7,218.0,0.0,0.0,0.0,40.9,26.5,53.0,,,,,,,,,,,,,,,,,,,,,,,,,,,,,,,,,,,,,,,,,
63,Sam Roush,Stanford,TE,2026,4.0121,78.0,267.0,30.62,4.7,38.5,126.0,,7.08,4.37,,109.43338304286694,1.7199334629526497,,1.0,,,,,,,,,,,,,,,,,,,,,,,324.0,57.6,,,,,,,,,,,,,,,12.0,1.39,11.1,61.3,6.3,69.0,40.0,12.5,6.5,3.0,29.1,5.1,65.6,86.3,,,,,,,,
64,Caleb Banks,Florida,DT,2026,4.0357,78.25,327.0,35.0,5.04,32.0,114.0,,,,,101.35743289785329,2.2972175189132114,,1.0,,,,,,,,,,4.3,,,,,,,20.0,11.2,233.0,,,,,,,,,,,,,,,,,,,,,,,,,,,,,,,,,,,,,,,,,
65,Carnell Tate,Ohio State,WR,2026,4.0681,74.25,192.0,31.75,4.53,,,,,,,91.18815238625429,,,1.0,,,,,,,,,,,,,,,,,,,,,,,,,,,,,,,,,,,,,,,11.0,3.02,17.2,77.3,14.6,151.8,85.7,0.0,4.5,6.0,10.1,88.9,0.7,97.3,,,,,,,,
66,Christen Miller,Georgia,DT,2026,4.0834,75.75,321.0,33.0,,,,,,,,,0.0,,1.0,,,,,,,,,,7.4,,,,,,,17.6,11.3,244.0,,,,,,,,,,,,,,,,,,,,,,,,,,,,,,,,,,,,,,,,,
67,Carson Beck,Miami,QB,2026,4.1067,77.0,233.0,30.58,,,,,,,,,,,1.0,,,,,,,,,,,,,,,,,,,,,,,,,,,,,,,3.3,2.2,8.1,106.7,18.0,3.0,0.22,49.1,16.0,,,,7.6,,,,,,,,,,,,,,,,,
68,Brian Parker II,Duke,IOL,2026,4.1134,77.0,309.0,,5.14,,,29.0,7.66,4.8,,88.53928267604081,,0.19670818990510963,1.0,,,,,,,,,,,,,,,,,,,,0.0653061224489796,0.0081632653061224,245.0,364.0,83.9,0.255,0.695,0.0032840722495894,0.0,0.0,0.0,,,,,,,,,,,,,,,,,,,,,,,,,,,,,,
69,Bud Clark,TCU,S,2026,4.1306,73.0,188.0,,4.41,38.0,,,,,,99.41078129796341,0.869780846503083,,1.0,0.7,17.1,400.0,99.0,9.0,0.01,0.015,75.9,65.9,2.5,10.3,6.3,321.0,0.0,4.0,6.0,0.0,0.0,4.0,,,,,,,,,,,,,,,,,,,,,,,,10.3,,,,,,,,,,,,,,,,,
70,Matthew Hibner,SMU,TE,2026,4.1539,76.0,251.0,32.38,4.57,37.0,116.0,,,,,115.09035160911509,1.2199961873872374,,1.0,,,,,,,,,,,,,,,,,,,,,,,276.0,60.4,,,,,,,,,,,,,,,13.0,1.37,14.1,72.1,8.8,96.7,54.5,3.1,6.8,1.0,50.2,2.1,25.1,73.5,,,,,,,,
71,Max Iheanachor,Arizona State,OT,2026,4.1549,77.0,321.0,,4.91,30.5,115.0,25.0,,,,110.4610226411266,,-0.0,1.0,,,,,,,,,,,,,,,,,,,,0.0683229813664596,0.0,161.0,376.0,66.8,0.588,0.33,0.0148975791433892,0.0,0.0,,,,,,,,,,,,,,,,,,,,,,,,,,,,,,,
72,Jakobe Thomas,Middle Tennessee,S,2026,4.1581,73.0,211.0,,4.55,,,,,,,98.46159445865382,0.0,,0.0,0.9,12.0,411.0,90.3,7.9,0.0121654501216545,0.0145985401459854,55.8,62.0,3.5,22.9,6.0,319.0,0.0,5.0,6.0,16.7,18.2,44.0,,,,,,,,,,,,,,,,,,,,,,,,8.6,,,,,,,,,,,,,,,,,
73,Arvell Reese,Ohio State,LB,2026,4.16,76.125,241.0,32.5,4.46,,,,,,,121.81691683602679,0.0,,1.0,0.9,3.6,251.0,67.8,8.5,0.0,0.0039840637450199,,,6.4,4.7,1.9,281.0,0.0,0.0,1.0,27.1,13.0,119.0,,,,,,,,,,,,,,,,,,,,,,,,,,,,,,,,,,,,,,,,,
74,John Henry Daley,Utah,ED,2026,4.166,76.0,247.0,,,,,,,,,,0.0,,1.0,,,,,,,,,,8.8,,,,,,,33.6,23.0,279.0,,,,,,,,,,,,,,,,,,,,,,,,,,,,,,,,,,,,,,,,,
75,Dae'Quan Wright,Mississippi,TE,2026,4.1679,76.0,246.0,32.25,,,,,,,,,,,1.0,,,,,,,,,,,,,,,,,,,,,,,366.0,43.2,,,,,,,,,,,,,,,15.0,2.08,16.3,70.9,7.7,132.0,0.0,4.9,10.1,7.0,34.8,7.6,46.0,69.8,,,,,,,,
76,Blake Miller,Clemson,OT,2026,4.1693,78.0,317.0,,5.04,32.0,113.0,32.0,,,,98.25781721290365,,-0.0,1.0,,,,,,,,,,,,,,,,,,,,0.056701030927835,0.0103092783505154,194.0,346.0,73.3,0.506,0.367,0.0018518518518518,0.0,0.0,,,,,,,,,,,,,,,,,,,,,,,,,,,,,,,
77,Denzel Boston,Washington,WR,2026,4.1771,75.625,212.0,32.0,,35.0,,,,4.28,,,-0.09557308766105019,,1.0,,,,,,,,,,,,,,,,,,,,,,,,,,,,,,,,,,,,,,,12.0,2.44,14.2,65.3,14.4,116.2,76.9,3.1,4.9,7.0,17.6,81.3,0.5,97.8,,,,,,,,
78,Emmett Johnson,Nebraska,RB,2026,4.1847,70.0,202.0,30.25,4.56,,120.0,16.0,7.32,4.29,,,,,,,,,,,,,,,,,,,,,,,,,,,,,,,,,,,,,,5.8,,,,,,,1.27,,,,,,,,68.0,,,,,740.0,2.95,88.3,0.2709163346613545,27.9,0.1434262948207171,0.1855670103092783,0.0033670033670033
79,Derrick Moore,Michigan,ED,2026,4.2423,76.0,255.0,33.375,4.65,,,,,,,109.0833242998705,0.0,,1.0,,,,,,,,,,5.5,,,,,,,36.0,19.8,234.0,,,,,,,,,,,,,,,,,,,,,,,,,,,,,,,,,,,,,,,,,
80,Luke Altmyer,Illinois,QB,2026,4.2488,74.0,210.0,29.78,4.72,32.0,114.0,,,,,84.62161232961536,,,1.0,,,,,,,,,,,,,,,,,,,,,,,,,,,,,,,3.1,3.1,8.2,106.4,21.5,7.4,0.17,52.0,13.0,,,,9.3,,,,,,,,,,,,,,,,,
81,Joey Aguilar,Tennessee,QB,2026,4.2571,75.0,229.0,31.38,,,,,,,,,,,1.0,,,,,,,,,,,,,,,,,,,,,,,,,,,,,,,4.8,1.9,8.8,104.0,14.6,4.4,0.19,50.4,13.0,,,,9.5,,,,,,,,,,,,,,,,,
82,Keanu Tanuvasa,BYU,DT,2026,4.3022,76.0,300.0,,,,,,,,,,0.0,,1.0,,,,,,,,,,,,,,,,,,,,,,,,,,,,,,,,,,,,,,,,,,,,,,,,,,,,,,,,,,,,
83,Devin Moore,Florida,CB,2026,4.3272,75.0,198.0,,4.5,,,,,,,96.57064471879286,0.0,,1.0,0.7,13.3,268.0,97.5,8.5,0.0074626865671641,0.0111940298507462,70.0,56.7,2.2,15.0,9.7,281.0,1.0,2.0,3.0,,0.0,7.0,,,,,,,,,,,,,,,,,,,,,,,,13.0,,,,,,,,,,,,,,,,,
84,Matayo Uiagalelei,Oregon,ED,2026,4.3275,77.0,270.0,,4.85,,,,,,,97.59482854040125,0.0,,1.0,,,,,,,,,,3.7,,,,,,,25.2,15.4,383.0,,,,,,,,,,,,,,,,,,,,,,,,,,,,,,,,,,,,,,,,,
85,Darrell Jackson Jr.,Florida State,DT,2026,4.3493,77.625,315.0,34.75,5.05,,,,,,,96.8668187238679,0.0,,1.0,,,,,,,,,,8.9,,,,,,,9.6,5.8,252.0,,,,,,,,,,,,,,,,,,,,,,,,,,,,,,,,,,,,,,,,,
86,Malik Benson,Oregon,WR,2026,4.36,72.0,189.0,31.88,4.37,32.5,122.0,,,,,103.64922328047979,-0.8713546360394531,,1.0,,,,,,,,,,,,,,,,,,,,,,,,,,,,,,,,,,,,,,,15.0,2.6,16.7,72.9,13.8,133.4,60.0,2.3,4.2,3.0,20.1,79.5,0.0,94.5,,,,,,,,
87,Jake Slaughter,Florida,IOL,2026,4.3686,77.0,303.0,,5.1,32.5,110.0,,,,,89.57605250753083,,-0.0,1.0,,,,,,,,,,,,,,,,,,,,0.0283687943262411,0.0070921985815602,141.0,326.0,80.2,0.316,0.635,0.0085653104925053,0.0,0.0,1.0,,,,,,,,,,,,,,,,,,,,,,,,,,,,,,
88,Eric McAlister,TCU,WR,2026,4.3696,76.0,194.0,32.62,,,,,,,,,,,1.0,,,,,,,,,,,,,,,,,,,,,,,,,,,,,,,,,,,,,,,13.0,2.6,16.5,59.7,12.0,96.4,37.9,7.8,7.9,27.0,21.9,78.1,0.0,95.2,,,,,,,,
89,Colton Hood,Auburn,CB,2026,4.4081,71.0,193.0,,4.44,40.5,125.0,,,,,99.3242796953008,1.7844102926294367,,1.0,0.8,15.4,450.0,99.8,8.1,0.0022222222222222,0.0111111111111111,70.8,53.8,2.2,13.0,7.6,322.0,0.0,1.0,5.0,,0.0,1.0,,,,,,,,,,,,,,,,,,,,,,,,11.6,,,,,,,,,,,,,,,,,
90,Chandler Rivers,Duke,CB,2026,4.4154,69.0,185.0,,4.4,39.0,130.0,,,,,98.71678847073285,2.137514698298751,,1.0,1.1,16.4,482.0,95.4,7.3,0.0041493775933609,0.0124481327800829,84.9,70.5,1.1,26.1,5.4,357.0,0.0,2.0,6.0,18.2,18.2,23.0,,,,,,,,,,,,,,,,,,,,,,,,8.7,,,,,,,,,,,,,,,,,
91,Kyle Louis,Pittsburgh,LB,2026,4.4313,72.0,220.0,31.25,4.53,39.5,129.0,,6.97,4.26,,104.48642460924971,3.196847516573795,,1.0,1.5,5.0,290.0,77.1,4.6,0.0068965517241379,0.0103448275862068,,,5.6,8.2,6.7,292.0,0.0,2.0,3.0,29.4,16.7,86.0,,,,,,,,,,,,,,,,,,,,,,,,,,,,,,,,,,,,,,,,,
92,Julian Neal,Fresno State,CB,2026,4.4328,74.0,203.0,,4.49,40.0,134.0,,7.13,4.2,,99.89429116969761,3.209785241126051,,0.0,1.0,16.7,386.0,98.5,7.4,0.005181347150259,0.0207253886010362,82.5,56.3,0.8,8.7,8.6,379.0,0.0,2.0,8.0,100.0,50.0,6.0,,,,,,,,,,,,,,,,,,,,,,,,15.2,,,,,,,,,,,,,,,,,
93,Kendrick Law,Kentucky,WR,2026,4.4375,71.0,203.0,31.12,4.45,42.0,128.0,21.0,,,,103.5347143561544,2.076615247798478,,1.0,,,,,,,,,,,,,,,,,,,,,,,,,,,,,,,,,,,,,,,12.0,1.84,10.2,82.8,3.4,97.9,100.0,1.9,9.5,14.0,77.3,19.8,0.6,93.6,,,,,,,,
94,Eli Raridon,Notre Dame,TE,2026,4.4483,78.0,245.0,32.75,4.62,36.0,123.0,,,,,107.55439899298796,0.886704670343629,,0.0,,,,,,,,,,,,,,,,,,,,,,,332.0,55.4,,,,,,,,,,,,,,,12.0,2.23,15.1,72.7,8.1,98.9,66.7,8.6,5.8,6.0,47.9,3.6,46.6,69.9,,,,,,,,
95,Jaren Kanak,Oklahoma,TE,2026,4.4508,74.0,234.0,30.5,4.52,36.0,119.0,,,,,112.12232990388607,0.886704670343629,,1.0,,,,,,,,,,,,,,,,,,,,,,,204.0,43.9,,,,,,,,,,,,,,,13.0,1.73,12.0,77.2,7.5,90.5,60.0,2.2,6.1,8.0,44.6,9.2,41.0,83.2,,,,,,,,
96,Max Llewellyn,Iowa,ED,2026,4.4757,78.0,258.0,32.25,4.81,32.5,115.0,,,,,96.39830466497826,-0.7089799081799518,,1.0,,,,,,,,,,4.1,,,,,,,24.5,17.2,306.0,,,,,,,,,,,,,,,,,,,,,,,,,,,,,,,,,,,,,,,,,
97,Tanner Koziol,Houston,TE,2026,4.4876,78.5,247.0,33.75,4.7,36.5,122.0,,,,,101.23612588609787,1.0533504288654332,,1.0,,,,,,,,,,,,,,,,,,,,,,,434.0,46.0,,,,,,,,,,,,,,,13.0,2.26,9.8,78.7,6.9,111.3,74.1,2.6,3.9,2.0,50.9,7.6,37.0,76.3,,,,,,,,
98,Gabe Jacas,Illinois,ED,2026,4.5026,76.0,260.0,33.0,,,,30.0,,,,,0.0,,1.0,,,,,,,,,,7.0,,,,,,,24.1,14.9,292.0,,,,,,,,,,,,,,,,,,,,,,,,,,,,,,,,,,,,,,,,,
99,Keith Abney II,Arizona State,CB,2026,4.5155,70.0,187.0,,,,,,,,,,0.0,,1.0,0.7,13.9,458.0,98.7,6.0,0.0043668122270742,0.019650655021834,46.1,44.4,1.0,10.0,5.0,321.0,0.0,2.0,9.0,0.0,20.0,6.0,,,,,,,,,,,,,,,,,,,,,,,,11.2,,,,,,,,,,,,,,,,,
100,Joe Fagnano,UConn,QB,2026,4.5156,75.0,226.0,31.38,4.83,35.0,118.0,,,4.35,,83.05196491175583,,,0.0,,,,,,,,,,,,,,,,,,,,,,,,,,,,,,,3.2,1.7,8.4,116.0,14.0,3.5,0.31,51.0,12.0,,,,7.6,,,,,,,,,,,,,,,,,
101,Kenyatta Jackson Jr.,Ohio State,ED,2026,4.5179,78.0,261.0,,,,,,,,,,0.0,,1.0,,,,,,,,,,5.5,,,,,,,22.6,12.9,287.0,,,,,,,,,,,,,,,,,,,,,,,,,,,,,,,,,,,,,,,,,
102,DJ Rogers,TCU,TE,2026,4.5425,76.0,258.0,33.62,,,,,,,,,,,1.0,,,,,,,,,,,,,,,,,,,,,,,205.0,58.3,,,,,,,,,,,,,,,13.0,1.4,9.4,85.0,5.4,116.6,66.7,5.6,5.0,10.0,35.7,6.4,56.4,72.6,,,,,,,,
103,CJ Allen,Georgia,LB,2026,4.5451,72.75,230.0,31.5,4.55,,,,,,,107.32780438621032,0.0,,1.0,1.3,6.8,255.0,74.3,5.5,0.0,0.0117647058823529,,,10.7,4.7,3.3,236.0,2.0,0.0,3.0,7.9,9.9,88.0,,,,,,,,,,,,,,,,,,,,,,,,,,,,,,,,,,,,,,,,,
104,Kayden McDonald,Ohio State,DT,2026,4.5612,74.125,326.0,32.25,,,,,,,,,0.0,,1.0,,,,,,,,,,13.8,,,,,,,7.7,4.0,230.0,,,,,,,,,,,,,,,,,,,,,,,,,,,,,,,,,,,,,,,,,
105,Deion Burks,Oklahoma,WR,2026,4.5953,69.75,180.0,29.38,4.3,42.5,131.0,26.0,,,,105.30007449980272,2.2317715574741586,,1.0,,,,,,,,,,,,,,,,,,,,,,,,,,,,,,,,,,,,,,,13.0,1.45,10.6,67.4,8.6,94.0,52.9,4.9,5.2,10.0,22.1,77.9,0.0,95.1,,,,,,,,
106,Ty Simpson,Alabama,QB,2026,4.607,73.125,211.0,30.78,,,,,,,,,,,1.0,,,,,,,,,,,,,,,,,,,,,,,,,,,,,,,6.0,3.0,7.5,102.5,18.3,5.5,0.14,46.4,15.0,,,,8.6,,,,,,,,,,,,,,,,,
107,KC Concepcion,Texas A&M,WR,2026,4.6137,71.625,196.0,30.25,,,,,,,,,,,1.0,,,,,,,,,,,,,,,,,,,,,,,,,,,,,,,,,,,,,,,13.0,2.46,15.1,60.4,12.3,111.8,66.7,10.3,7.2,14.0,34.4,65.3,0.3,94.7,,,,,,,,
108,Will Kacmarek,Ohio State,TE,2026,4.616,77.625,261.0,32.25,4.74,36.0,119.0,,,,,103.40871377848424,0.886704670343629,,1.0,,,,,,,,,,,,,,,,,,,,,,,302.0,71.0,,,,,,,,,,,,,,,14.0,1.46,11.2,88.2,5.5,147.1,50.0,0.0,5.7,1.0,10.1,5.3,77.3,55.6,,,,,,,,
109,Chris Brazzell II,Tennessee,WR,2026,4.6278,76.0,198.0,32.38,4.37,,,,,,,108.58490057955026,,,1.0,,,,,,,,,,,,,,,,,,,,,,,,,,,,,,,,,,,,,,,12.0,2.57,16.5,70.9,15.7,135.1,41.2,3.2,4.0,8.0,5.7,94.3,0.0,92.5,,,,,,,,
110,Taylen Green,Arkansas,QB,2026,4.6346,78.0,227.0,34.68,4.36,43.5,134.0,,,,,125.63478352484341,,,1.0,,,,,,,,,,,,,,,,,,,,,,,,,,,,,,,3.2,5.3,8.2,91.9,19.0,6.9,0.08,48.9,12.0,,,,9.5,,,,,,,,,,,,,,,,,
111,Kaytron Allen,Penn State,RB,2026,4.6847,71.0,216.0,29.5,4.55,,,,,,,,,,,,,,,,,,,,,,,,,,,,,,,,,,,,,,,,,,,6.2,,,,,,,0.48,,,,,,,,57.0,,,,,792.0,3.77,102.6,0.2714285714285714,40.4,0.1428571428571428,0.1619718309859155,0.0043859649122807
112,Vincent Anthony Jr.,Duke,ED,2026,4.6932,78.0,258.0,34.125,4.84,32.5,123.0,,,,,94.0303938235244,0.5413508504063649,,1.0,,,,,,,,,,3.4,,,,,,,12.1,11.3,323.0,,,,,,,,,,,,,,,,,,,,,,,,,,,,,,,,,,,,,,,,,
113,Francis Mauigoa,Miami,OT,2026,4.7068,77.0,329.0,,5.3,,,,,,,83.39162086569883,,-0.0,1.0,,,,,,,,,,,,,,,,,,,,0.0377358490566037,0.0047169811320754,212.0,476.0,77.1,0.492,0.452,0.004360465116279,0.0,0.0,,,,,,,,,,,,,,,,,,,,,,,,,,,,,,,
114,Zach Rice,North Carolina,IOL,2026,4.7193,77.0,320.0,,5.0,,,,,,,102.4,,-0.0,1.0,,,,,,,,,,,,,,,,,,,,0.0,0.0,2.0,10.0,69.7,0.2,0.6,0.0,0.0,0.0,1.0,,,,,,,,,,,,,,,,,,,,,,,,,,,,,,
115,Monroe Freeling,Georgia,OT,2026,4.7327,79.0,315.0,,4.93,33.5,,,,,,106.64803853661111,,-0.0,1.0,,,,,,,,,,,,,,,,,,,,0.0442477876106194,0.0176991150442477,113.0,422.0,61.7,0.455,0.45,0.0037383177570093,0.0,0.0,,,,,,,,,,,,,,,,,,,,,,,,,,,,,,,
116,Joshua Josephs,Tennessee,ED,2026,4.7352,75.0,242.0,34.25,4.68,,,,,,,100.89321224408168,0.0,,1.0,,,,,,,,,,8.2,,,,,,,34.8,21.3,183.0,,,,,,,,,,,,,,,,,,,,,,,,,,,,,,,,,,,,,,,,,
117,Peyton Bowen,Oklahoma,S,2026,4.7375,72.0,201.0,,4.45,,,,,,,102.51466790929572,0.0,,1.0,1.0,18.8,396.0,98.8,11.6,0.005050505050505,0.0151515151515151,124.5,75.0,2.6,8.7,4.2,278.0,0.0,2.0,6.0,,0.0,5.0,,,,,,,,,,,,,,,,,,,,,,,,8.7,,,,,,,,,,,,,,,,,
118,Marlin Klein,Michigan,TE,2026,4.7463,78.0,248.0,32.38,4.61,36.0,117.0,,7.42,,,109.81912395047212,0.886704670343629,,1.0,,,,,,,,,,,,,,,,,,,,,,,183.0,59.9,,,,,,,,,,,,,,,11.0,1.53,10.3,58.5,8.6,84.2,40.0,11.1,5.5,1.0,38.6,7.6,53.8,77.1,,,,,,,,
119,Avieon Terrell,Clemson,CB,2026,4.7529,70.0,186.0,,4.39,,123.0,,,,,100.15781899578903,-0.17989715613014529,,1.0,0.9,17.6,392.0,96.8,7.3,0.0,0.0127551020408163,96.9,56.9,2.5,15.8,4.5,248.0,1.0,0.0,5.0,0.0,7.7,13.0,,,,,,,,,,,,,,,,,,,,,,,,8.3,,,,,,,,,,,,,,,,,
120,Shad Banks Jr.,UTSA,LB,2026,4.7679,73.0,230.0,32.0,,,,,,,,,0.0,,0.0,0.6,11.1,351.0,86.2,12.1,0.0085470085470085,0.0056980056980056,,,10.0,14.1,4.0,306.0,1.0,3.0,2.0,34.8,22.0,56.0,,,,,,,,,,,,,,,,,,,,,,,,,,,,,,,,,,,,,,,,,
121,Bishop Fitzgerald,North Carolina State,S,2026,4.7729,71.0,201.0,,4.55,,,,,,,93.79516818099249,0.0,,1.0,0.6,12.5,290.0,97.0,11.3,0.0172413793103448,0.0103448275862068,88.4,70.8,2.5,6.1,10.4,241.0,0.0,5.0,3.0,0.0,11.1,9.0,,,,,,,,,,,,,,,,,,,,,,,,5.9,,,,,,,,,,,,,,,,,
122,Antonio Williams,Clemson,WR,2026,4.8032,71.5,187.0,30.75,4.41,39.5,124.0,10.0,7.0,,,98.8820005463785,1.300833699420075,,1.0,,,,,,,,,,,,,,,,,,,,,,,,,,,,,,,,,,,,,,,10.0,2.27,11.1,76.4,7.7,119.6,46.2,1.8,5.8,8.0,93.0,6.7,0.0,94.4,,,,,,,,
123,Bryce Lance,North Dakota State,WR,2026,4.8129,75.0,204.0,32.12,4.34,41.5,133.0,,7.0,4.15,,115.00090155520506,1.9214589381227973,,0.0,,,,,,,,,,,,,,,,,,,,,,,,,,,,,,,,,,,,,,,,,,,,,,,,,,,,,,,,,,,,
124,Jude Bowry,Boston College,OT,2026,4.8383,77.0,314.0,,5.08,34.5,115.0,,,,,94.29850219363156,,-0.0,1.0,,,,,,,,,,,,,,,,,,,,0.0902255639097744,0.0,133.0,189.0,68.2,0.6559999999999999,0.296,0.0062111801242236,0.0,0.0,,,,,,,,,,,,,,,,,,,,,,,,,,,,,,,
125,Robert Spears-Jennings,Oklahoma,S,2026,4.839,73.0,205.0,,4.32,,,,,4.43,,117.71962486193196,0.0,,1.0,1.0,3.3,348.0,96.1,11.0,0.0028735632183908,0.0028735632183908,118.9,73.3,3.2,11.1,6.4,227.0,0.0,1.0,1.0,0.0,0.0,14.0,,,,,,,,,,,,,,,,,,,,,,,,10.5,,,,,,,,,,,,,,,,,
126,Matt Gulbin,Wake Forest,IOL,2026,4.842,76.0,305.0,,5.3,,,,,,,77.30834153203082,,-0.0,1.0,,,,,,,,,,,,,,,,,,,,0.0242424242424242,0.0121212121212121,165.0,301.0,81.9,0.256,0.635,0.0042918454935622,0.0,0.0,1.0,,,,,,,,,,,,,,,,,,,,,,,,,,,,,,
127,Eric Rivers,Georgia Tech,WR,2026,4.8561,70.0,176.0,30.5,4.35,37.0,127.0,,,,,98.30726995003526,0.5250521510416721,,1.0,,,,,,,,,,,,,,,,,,,,,,,,,,,,,,,,,,,,,,,13.0,2.07,14.4,68.2,12.9,103.7,42.9,6.3,5.3,7.0,27.3,72.7,0.0,96.3,,,,,,,,
128,Max Klare,Ohio State,TE,2026,4.8594,76.0,246.0,32.12,,,,,,,,,,,1.0,,,,,,,,,,,,,,,,,,,,,,,151.0,71.6,,,,,,,,,,,,,,,14.0,1.48,10.4,78.2,6.9,97.6,66.7,4.4,5.2,5.0,40.1,13.4,42.1,89.6,,,,,,,,
129,Bauer Sharp,LSU,TE,2026,4.8615,77.0,249.0,31.75,4.63,35.0,120.0,,,,,108.36907806622428,0.5534131533000207,,1.0,,,,,,,,,,,,,,,,,,,,,,,282.0,51.1,,,,,,,,,,,,,,,13.0,1.14,10.3,77.4,4.9,108.0,60.0,7.7,6.0,2.0,36.6,4.1,57.2,68.1,,,,,,,,
130,Keylan Rutledge,Middle Tennessee,IOL,2026,4.8731,76.0,316.0,,5.05,32.5,104.0,,7.54,,,97.1743324341024,,0.8958341214565502,0.0,,,,,,,,,,,,,,,,,,,,,,,,,,,,0.0,0.0,0.0,,,,,,,,,,,,,,,,,,,,,,,,,,,,,,
131,Elijah Sarratt,Indiana,WR,2026,4.9047,74.5,210.0,31.25,,,,,,,,,,,1.0,,,,,,,,,,,,,,,,,,,,,,,,,,,,,,,,,,,,,,,14.0,2.39,12.9,73.6,9.6,132.9,40.0,4.5,4.8,9.0,13.7,86.3,0.0,94.3,,,,,,,,
132,Ahmaad Moses,SMU,S,2026,4.9058,69.0,196.0,,4.6,38.0,,,,,,87.54971573143324,0.869780846503083,,1.0,0.6,4.1,556.0,95.9,10.6,0.0089928057553956,0.0035971223021582,84.2,71.4,3.8,12.7,6.8,352.0,0.0,5.0,2.0,0.0,8.7,24.0,,,,,,,,,,,,,,,,,,,,,,,,8.4,,,,,,,,,,,,,,,,,
133,Brandon Cisse,North Carolina State,CB,2026,4.9255,72.0,189.0,,,41.0,131.0,,,,,,3.033822007646819,,1.0,1.4,21.1,269.0,97.5,6.6,0.0037174721189591,0.0260223048327137,78.9,47.4,5.2,10.5,2.9,216.0,0.0,1.0,7.0,0.0,0.0,7.0,,,,,,,,,,,,,,,,,,,,,,,,15.3,,,,,,,,,,,,,,,,,
134,Oscar Delp,Georgia,TE,2026,4.9394,77.0,245.0,31.62,,,,,,,,,,,1.0,,,,,,,,,,,,,,,,,,,,,,,392.0,59.4,,,,,,,,,,,,,,,14.0,1.29,13.1,71.4,8.1,112.4,25.0,4.8,7.8,0.0,23.9,0.6,73.9,62.7,,,,,,,,
135,Isaiah Nwokobia,SMU,S,2026,4.9424,73.0,205.0,,4.48,,,,,,,101.78219224452373,0.0,,1.0,0.9,12.2,435.0,97.5,10.1,0.0045977011494252,0.0114942528735632,95.8,70.7,4.4,6.4,7.0,279.0,0.0,2.0,5.0,0.0,0.0,11.0,,,,,,,,,,,,,,,,,,,,,,,,9.6,,,,,,,,,,,,,,,,,
136,Bryce Foster,Texas A&M,IOL,2026,4.9524,77.0,310.0,,4.95,,,,,,,103.26921928397347,,-0.0,1.0,,,,,,,,,,,,,,,,,,,,0.0341880341880341,0.0,117.0,347.0,66.9,0.461,0.4379999999999999,0.0,0.0,0.0,1.0,,,,,,,,,,,,,,,,,,,,,,,,,,,,,,
137,Chase Bisontis,Texas A&M,IOL,2026,4.9665,77.0,315.0,,5.02,32.0,105.0,29.0,7.53,4.78,,99.20319987342225,,0.7747186988832788,1.0,,,,,,,,,,,,,,,,,,,,0.028169014084507,0.0,213.0,354.0,62.7,0.492,0.475,0.0070546737213403,0.0,0.0,0.0,,,,,,,,,,,,,,,,,,,,,,,,,,,,,,
138,Jalen Catalon,Arkansas,S,2026,4.9691,71.0,205.0,,4.55,,,,,,,95.66173869205703,0.0,,1.0,0.4,0.0,205.0,95.8,13.6,0.0,0.0,85.1,71.4,3.2,10.0,5.9,156.0,0.0,0.0,0.0,33.3,11.1,9.0,,,,,,,,,,,,,,,,,,,,,,,,5.3,,,,,,,,,,,,,,,,,
139,Germie Bernard,Alabama,WR,2026,4.9761,73.25,206.0,30.38,4.48,32.5,125.0,,6.71,4.31,,102.27869074327751,-0.8713546360394531,,1.0,,,,,,,,,,,,,,,,,,,,,,,,,,,,,,,,,,,,,,,14.0,1.7,13.5,62.7,10.7,112.5,35.7,1.5,6.2,17.0,34.5,62.2,0.0,94.2,,,,,,,,
140,Raheem Anderson II,Michigan,IOL,2026,4.989,74.0,321.0,,5.1,,,,,,,94.89740216144357,,-0.0,1.0,,,,,,,,,,,,,,,,,,,,0.0,0.0,60.0,499.0,69.6,0.5329999999999999,0.389,0.0,0.0,0.0,1.0,,,,,,,,,,,,,,,,,,,,,,,,,,,,,,
141,Zavion Thomas,LSU,WR,2026,4.9904,70.0,190.0,30.5,4.28,36.0,,,,,,113.24225803830451,0.21473953169031096,,1.0,,,,,,,,,,,,,,,,,,,,,,,,,,,,,,,,,,,,,,,13.0,1.5,12.0,68.3,9.0,108.5,45.5,4.7,6.3,7.0,19.0,79.3,0.0,91.9,,,,,,,,
142,Cole Payton,North Dakota State,QB,2026,4.9924,75.0,232.0,31.58,4.56,,,,7.12,4.36,,107.31455027334692,,,0.0,,,,,,,,,,,,,,,,,,,,,,,,,,,,,,,,,,,,,,,,,,,,,,,,,,,,,,,,,,,,
143,Domani Jackson,USC,CB,2026,5.001,73.0,194.0,,4.41,,,,,,,102.58346580747289,0.0,,1.0,0.5,4.8,300.0,99.0,13.6,0.0,0.0033333333333333,108.2,76.2,2.4,10.0,11.5,213.0,0.0,0.0,1.0,,0.0,3.0,,,,,,,,,,,,,,,,,,,,,,,,5.9,,,,,,,,,,,,,,,,,
144,Emmanuel Henderson Jr,Kansas,WR,2026,5.0179,73.0,185.0,31.0,4.44,35.0,120.0,,,,,95.20721110689455,-0.09557308766105019,,1.0,,,,,,,,,,,,,,,,,,,,,,,,,,,,,,,,,,,,,,,12.0,2.31,17.0,66.2,15.0,122.5,75.0,8.2,7.0,3.0,32.0,67.2,0.3,96.5,,,,,,,,
145,Anto Saka,Northwestern,ED,2026,5.0243,76.0,257.0,,,,,,,,,,0.0,,1.0,,,,,,,,,,1.5,,,,,,,28.9,20.1,196.0,,,,,,,,,,,,,,,,,,,,,,,,,,,,,,,,,,,,,,,,,
146,Jaishawn Barham,Michigan,LB,2026,5.0358,75.0,243.0,,4.55,,,,,,,113.39415854717004,0.0,,1.0,0.5,20.0,63.0,28.0,6.2,0.0,0.0317460317460317,,,12.8,16.7,1.6,150.0,0.0,0.0,2.0,20.0,13.1,162.0,,,,,,,,,,,,,,,,,,,,,,,,,,,,,,,,,,,,,,,,,
147,Kevin Coleman Jr,Missouri,WR,2026,5.0364,70.0,179.0,30.0,4.49,38.5,126.0,,,,,88.08412866687621,0.9905210800687139,,1.0,,,,,,,,,,,,,,,,,,,,,,,,,,,,,,,,,,,,,,,13.0,2.23,11.1,78.6,7.8,97.0,81.8,2.9,5.7,18.0,87.3,9.8,0.9,94.8,,,,,,,,
148,Behren Morton,Texas Tech,QB,2026,5.0478,74.0,221.0,30.58,,,,,,,,,,,1.0,,,,,,,,,,,,,,,,,,,,,,,,,,,,,,,6.3,4.5,8.3,105.6,23.6,5.7,0.16,47.0,12.0,,,,8.0,,,,,,,,,,,,,,,,,
149,RJ Maryland,SMU,TE,2026,5.0518,76.0,236.0,32.25,4.51,,122.0,,,,,114.08691355437118,,,1.0,,,,,,,,,,,,,,,,,,,,,,,91.0,42.8,,,,,,,,,,,,,,,12.0,1.62,11.9,71.1,7.8,113.9,16.7,6.9,6.1,2.0,64.8,8.0,21.6,92.5,,,,,,,,
150,Jaeden Roberts,Alabama,IOL,2026,5.0611,77.0,333.0,,5.0,,,25.0,,,,106.56,,-0.0,1.0,,,,,,,,,,,,,,,,,,,,0.0219780219780219,0.0109890109890109,91.0,115.0,62.6,0.478,0.426,0.0048543689320388,0.0,0.0,0.0,,,,,,,,,,,,,,,,,,,,,,,,,,,,,,
151,Jack Endries,Texas,TE,2026,5.073,76.625,245.0,31.12,4.62,36.0,119.0,,,,,107.55439899298796,0.886704670343629,,1.0,,,,,,,,,,,,,,,,,,,,,,,276.0,66.6,,,,,,,,,,,,,,,13.0,1.07,10.5,73.3,8.2,117.5,60.0,0.0,4.9,3.0,25.6,8.9,65.2,78.3,,,,,,,,
152,D'Angelo Ponds,James Madison,CB,2026,5.08,68.0,182.0,,,43.5,,,,,,,2.684651524628418,,0.0,0.8,17.5,488.0,97.6,7.5,0.0040983606557377,0.0184426229508196,53.5,49.2,2.5,5.0,10.4,278.0,0.0,2.0,9.0,20.0,9.1,12.0,,,,,,,,,,,,,,,,,,,,,,,,14.0,,,,,,,,,,,,,,,,,
153,Eric O'Neill,Rutgers,ED,2026,5.1027,75.0,261.0,,4.78,,,,,,,99.99054063434421,0.0,,1.0,,,,,,,,,,9.7,,,,,,,17.9,12.9,262.0,,,,,,,,,,,,,,,,,,,,,,,,,,,,,,,,,,,,,,,,,
154,Jalen Stroman,Virginia Tech,S,2026,5.1111,72.0,198.0,,4.5,,,,,,,96.57064471879286,0.0,,1.0,0.7,7.7,204.0,98.6,14.4,0.0049019607843137,0.0049019607843137,94.7,69.2,3.9,5.9,5.2,128.0,0.0,1.0,1.0,0.0,0.0,3.0,,,,,,,,,,,,,,,,,,,,,,,,4.4,,,,,,,,,,,,,,,,,
155,Trey Moore,Texas,LB,2026,5.1353,75.0,249.0,,4.6,,,,,,,111.22387355676977,0.0,,1.0,1.1,4.8,181.0,60.1,8.3,0.0,0.0,,,5.4,4.8,1.9,185.0,0.0,0.0,0.0,11.6,11.6,120.0,,,,,,,,,,,,,,,,,,,,,,,,,,,,,,,,,,,,,,,,,
156,Nicholas Singleton,Penn State,RB,2026,5.136,72.0,219.0,31.0,4.39,,,,,,,,,,,,,,,,,,,,,,,,,,,,,,,,,,,,,,,,,,,4.4,,,,,,,1.52,,,,,,,,19.0,,,,,334.0,2.69,47.3,0.1532258064516129,23.4,0.0967741935483871,0.2013888888888889,0.0
157,Haynes King,Georgia Tech,QB,2026,5.1421,74.0,212.0,31.78,4.46,33.5,116.0,,6.89,4.17,,107.15844966488665,,,1.0,,,,,,,,,,,,,,,,,,,,,,,,,,,,,,,4.0,1.0,8.0,99.1,8.1,2.5,0.18,49.1,12.0,,,,7.5,,,,,,,,,,,,,,,,,
158,Brandon Cleveland,NC State,DT,2026,5.1688,75.0,307.0,32.375,5.12,,,,,,,89.34875950217247,0.0,,1.0,,,,,,,,,,8.9,,,,,,,10.6,6.7,273.0,,,,,,,,,,,,,,,,,,,,,,,,,,,,,,,,,,,,,,,,,
159,Beau Stephens,Iowa,IOL,2026,5.1881,77.0,315.0,,5.35,28.0,102.0,,,,,76.89983737439056,,-0.0,1.0,,,,,,,,,,,,,,,,,,,,0.0256410256410256,0.0,78.0,378.0,83.0,0.262,0.624,0.0,0.0,0.0,0.0,,,,,,,,,,,,,,,,,,,,,,,,,,,,,,
160,Caleb Lomu,Utah,OT,2026,5.1883,78.0,313.0,,4.99,32.5,113.0,,,,,100.9653024818696,,-0.0,1.0,,,,,,,,,,,,,,,,,,,,0.0490196078431372,0.0,102.0,440.0,62.0,0.7,0.245,0.007380073800738,0.0,0.0,,,,,,,,,,,,,,,,,,,,,,,,,,,,,,,
161,Gennings Dunker,Iowa,IOL,2026,5.2114,77.0,319.0,,5.18,,108.0,,,4.63,,88.61385693946619,,0.7009837690005459,1.0,,,,,,,,,,,,,,,,,,,,0.0875,0.0125,80.0,413.0,80.0,0.257,0.632,0.0040567951318458,0.0,0.0,0.0,,,,,,,,,,,,,,,,,,,,,,,,,,,,,,
162,Josh Moten,Texas A&M,CB,2026,5.2198,72.0,185.0,,,,,,,,,,0.0,,1.0,1.0,8.1,467.0,99.8,7.2,0.0107066381156316,0.006423982869379,67.1,64.5,0.5,11.1,12.4,408.0,0.0,5.0,3.0,,0.0,1.0,,,,,,,,,,,,,,,,,,,,,,,,10.8,,,,,,,,,,,,,,,,,
163,Jermaine Mathews Jr.,Ohio State,CB,2026,5.2241,71.0,190.0,,,,,,,,,,0.0,,1.0,0.8,9.1,379.0,95.7,8.2,0.0052770448548812,0.0079155672823219,77.9,63.6,0.0,11.1,9.4,299.0,0.0,2.0,3.0,9.1,5.9,17.0,,,,,,,,,,,,,,,,,,,,,,,,8.7,,,,,,,,,,,,,,,,,
164,Drew Allar,Penn State,QB,2026,5.2262,77.0,228.0,32.68,,,,,,,,,,,1.0,,,,,,,,,,,,,,,,,,,,,,,,,,,,,,,2.5,2.6,6.9,93.8,13.6,3.2,0.06,50.5,6.0,,,,8.1,,,,,,,,,,,,,,,,,
165,Justin Joly,NC State,TE,2026,5.2264,75.625,241.0,32.25,,,,,,,,,,,1.0,,,,,,,,,,,,,,,,,,,,,,,187.0,56.3,,,,,,,,,,,,,,,12.0,1.78,10.0,71.0,7.6,94.4,60.0,2.0,3.6,6.0,47.4,6.9,45.0,82.6,,,,,,,,
166,Emmanuel McNeil-Warren,Toledo,S,2026,5.2436,75.0,201.0,,4.52,,,,,,,96.31020645590213,0.0,,0.0,0.4,33.3,336.0,98.2,20.9,0.0059523809523809,0.0148809523809523,50.3,40.0,3.6,16.1,5.0,312.0,0.0,2.0,5.0,0.0,0.0,6.0,,,,,,,,,,,,,,,,,,,,,,,,9.6,,,,,,,,,,,,,,,,,
167,Raylen Wilson,Georgia,LB,2026,5.2636,73.0,235.0,,4.52,,,,,,,112.60148515988557,0.0,,1.0,0.5,4.0,228.0,71.9,8.8,0.0,0.0043859649122807,,,7.0,9.5,4.4,233.0,0.0,0.0,1.0,10.0,6.0,89.0,,,,,,,,,,,,,,,,,,,,,,,,,,,,,,,,,,,,,,,,,
168,Chris Bell,Louisville,WR,2026,5.2691,73.875,222.0,32.25,,,,,,,,,,,1.0,,,,,,,,,,,,,,,,,,,,,,,,,,,,,,,,,,,,,,,11.0,2.55,12.7,67.9,9.4,109.7,50.0,4.0,5.2,9.0,14.7,85.3,0.0,96.0,,,,,,,,
169,Kage Casey,Boise State,OT,2026,5.3054,78.0,310.0,,5.2,,,,8.01,,,84.79657575014879,,-0.5618020921005333,0.0,,,,,,,,,,,,,,,,,,,,0.031578947368421,0.0157894736842105,190.0,434.0,75.8,0.546,0.3939999999999999,0.0016025641025641,0.0,0.0,,,,,,,,,,,,,,,,,,,,,,,,,,,,,,,
170,R Mason Thomas,Oklahoma,ED,2026,5.321,74.25,241.0,31.625,4.67,,,,,,,101.33967705706371,0.0,,1.0,,,,,,,,,,6.2,,,,,,,35.1,20.3,191.0,,,,,,,,,,,,,,,,,,,,,,,,,,,,,,,,,,,,,,,,,
171,Jordyn Tyson,Arizona State,WR,2026,5.3239,74.125,203.0,30.25,,,,26.0,,,,,,,1.0,,,,,,,,,,,,,,,,,,,,,,,,,,,,,,,,,,,,,,,9.0,2.37,11.7,62.9,11.7,108.2,43.8,1.6,4.3,6.0,25.0,74.7,0.0,92.6,,,,,,,,
172,Rayshaun Benny,Michigan,DT,2026,5.3294,75.0,298.0,33.375,,,,,,,,,0.0,,1.0,,,,,,,,,,7.5,,,,,,,11.3,7.8,268.0,,,,,,,,,,,,,,,,,,,,,,,,,,,,,,,,,,,,,,,,,
173,Jaishawn Barham,Michigan,ED,2026,5.3549,75.5,240.0,34.125,4.64,33.0,123.0,,,,,103.55458085258903,0.69214847402285,,1.0,,,,,,,,,,12.8,,,,,,,20.0,13.1,162.0,,,,,,,,,,,,,,,,,,,,,,,,,,,,,,,,,,,,,,,,,
174,Jalon Daniels,Kansas,QB,2026,5.3585,73.0,219.0,30.38,4.65,,,,,,,93.6833255751829,,,1.0,,,,,,,,,,,,,,,,,,,,,,,,,,,,,,,5.4,3.9,7.9,100.1,16.1,5.1,0.06,46.8,12.0,,,,10.1,,,,,,,,,,,,,,,,,
175,Harold Perkins Jr,LSU,LB,2026,5.369,73.0,223.0,31.375,4.45,,,,,,,113.73517882474103,0.0,,1.0,0.9,2.8,339.0,81.1,8.9,0.0088495575221238,0.0,,,5.7,15.0,2.8,288.0,0.0,3.0,0.0,9.7,6.6,79.0,,,,,,,,,,,,,,,,,,,,,,,,,,,,,,,,,,,,,,,,,
176,Xavier Scott,Illinois,CB,2026,5.3969,71.0,190.0,,,,,,,,,,0.0,,1.0,0.8,14.3,99.0,99.0,6.6,0.0,0.0202020202020202,73.8,28.6,2.0,0.0,1.5,51.0,0.0,0.0,2.0,0.0,0.0,1.0,,,,,,,,,,,,,,,,,,,,,,,,15.4,,,,,,,,,,,,,,,,,
177,Jake Golday,Cincinnati,LB,2026,5.4102,76.5,239.0,31.875,4.62,39.0,,,7.02,4.34,,104.92041371152702,1.5197476625979285,,1.0,0.8,8.6,286.0,78.1,7.7,0.0,0.0104895104895104,,,7.8,7.7,3.4,315.0,1.0,0.0,3.0,4.3,5.6,80.0,,,,,,,,,,,,,,,,,,,,,,,,,,,,,,,,,,,,,,,,,
178,Joe Royer,Cincinnati,TE,2026,5.4112,77.0,247.0,31.5,,,,,,,,,,,1.0,,,,,,,,,,,,,,,,,,,,,,,219.0,46.3,,,,,,,,,,,,,,,13.0,1.49,14.3,87.9,6.2,158.3,75.0,0.0,8.9,4.0,49.3,2.0,45.4,78.6,,,,,,,,
179,Seth McGowan,Kentucky,RB,2026,5.4122,72.0,223.0,31.375,4.49,42.5,131.0,,,4.5,,,,,,,,,,,,,,,,,,,,,,,,,,,,,,,,,,,,,,4.4,,,,,,,0.7,,,,,,,,35.0,,,,,452.0,2.72,51.8,0.2108433734939759,14.7,0.0783132530120482,0.1502890173410404,0.0108695652173913
180,Caleb Douglas,Texas Tech,WR,2026,5.4154,75.5,206.0,32.5,4.39,31.5,126.0,,,,,110.92747695232548,-1.1816672553908143,,1.0,,,,,,,,,,,,,,,,,,,,,,,,,,,,,,,,,,,,,,,14.0,1.77,15.7,58.1,13.6,109.0,35.3,11.5,5.4,7.0,16.9,83.1,0.0,96.0,,,,,,,,
181,Jermod McCoy,Oregon State,CB,2026,5.4305,72.0,188.0,,4.52,,,,,,,90.08118812790846,0.0,,0.0,1.1,19.4,393.0,99.0,5.9,0.010178117048346,0.015267175572519,53.6,50.0,1.0,9.5,9.9,299.0,0.0,4.0,6.0,0.0,0.0,4.0,,,,,,,,,,,,,,,,,,,,,,,,12.7,,,,,,,,,,,,,,,,,
182,Ted Hurst,Georgia State,WR,2026,5.4637,76.0,206.0,32.62,4.42,36.5,135.0,,,,,107.94639388451677,0.3698958413659916,,0.0,,,,,,,,,,,,,,,,,,,,,,,,,,,,,,,,,,,,,,,12.0,2.42,14.1,57.3,12.6,76.0,59.3,9.0,5.3,18.0,16.3,83.7,0.0,93.4,,,,,,,,
183,J'Mari Taylor,Virginia,RB,2026,5.4704,70.0,199.0,30.0,4.39,34.5,115.0,20.0,,,,,,,,,,,,,,,,,,,,,,,,,,,,,,,,,,,,,,,,4.8,,,,,,,0.91,,,,,,,,55.0,,,,,753.0,3.39,90.9,0.2477477477477477,33.9,0.0945945945945946,0.1956521739130435,0.0037735849056603
184,Patrick Payton,LSU,ED,2026,5.4801,77.0,260.0,33.5,,,,,,,,,0.0,,1.0,,,,,,,,,,6.5,,,,,,,9.2,9.0,340.0,,,,,,,,,,,,,,,,,,,,,,,,,,,,,,,,,,,,,,,,,
185,J.C. Davis,New Mexico,OT,2026,5.4819,76.0,322.0,,5.16,30.5,99.0,,,,,90.84207815965917,,-0.0,0.0,,,,,,,,,,,,,,,,,,,,,,,,,,,,0.0,0.0,,,,,,,,,,,,,,,,,,,,,,,,,,,,,,,
186,Connor Lew,Auburn,IOL,2026,5.5007,75.0,310.0,,5.0,,,31.0,,,,99.2,,-0.0,1.0,,,,,,,,,,,,,,,,,,,,0.0263157894736842,0.0131578947368421,76.0,176.0,64.9,0.494,0.409,0.0079365079365079,0.0,0.0,1.0,,,,,,,,,,,,,,,,,,,,,,,,,,,,,,
187,Sam Hecht,Kansas State,IOL,2026,5.5166,76.0,303.0,,5.1,,101.0,,7.75,4.71,,89.57605250753083,,0.3903836555457959,1.0,,,,,,,,,,,,,,,,,,,,0.0573770491803278,0.0,122.0,367.0,77.7,0.523,0.406,0.0,0.0,0.0,1.0,,,,,,,,,,,,,,,,,,,,,,,,,,,,,,
188,John Michael Gyllenborg,Wyoming,TE,2026,5.5213,77.75,249.0,31.0,4.6,35.5,128.0,,,4.22,,111.22387355676977,0.7200589118218249,,0.0,,,,,,,,,,,,,,,,,,,,,,,169.0,37.9,,,,,,,,,,,,,,,9.0,1.18,8.8,68.6,6.6,70.1,33.3,11.1,4.9,3.0,40.9,1.4,56.4,81.4,,,,,,,,
189,Aaron Anderson,LSU,WR,2026,5.5458,68.0,191.0,29.75,,30.0,,,,,,,-1.647136184417856,,1.0,,,,,,,,,,,,,,,,,,,,,,,,,,,,,,,,,,,,,,,9.0,2.43,12.1,67.3,7.0,92.0,57.1,10.8,6.8,6.0,87.5,11.4,1.1,93.2,,,,,,,,
190,Will Lee III,Texas A&M,CB,2026,5.5517,73.0,189.0,,4.52,42.0,132.0,,,,,90.56034338390798,3.57113521777132,,1.0,1.3,15.3,436.0,99.1,6.8,0.0,0.018348623853211,106.6,54.2,1.0,25.0,11.3,292.0,0.0,0.0,8.0,0.0,0.0,4.0,,,,,,,,,,,,,,,,,,,,,,,,13.9,,,,,,,,,,,,,,,,,
191,Trey Zuhn III,Texas A&M,OT,2026,5.5554,78.0,312.0,,5.1,,,33.0,,,,92.2367273344872,,-0.0,1.0,,,,,,,,,,,,,,,,,,,,0.0462962962962962,0.0092592592592592,216.0,341.0,59.7,0.504,0.46,0.0017953321364452,0.0,0.0,,,,,,,,,,,,,,,,,,,,,,,,,,,,,,,
192,Albert Regis,Texas A&M,DT,2026,5.5584,73.0,295.0,31.625,4.88,34.0,116.0,,,4.85,,104.03338356261641,3.2846982407494907,,1.0,,,,,,,,,,9.0,,,,,,,6.3,4.2,257.0,,,,,,,,,,,,,,,,,,,,,,,,,,,,,,,,,,,,,,,,,
193,Markel Bell,Miami,OT,2026,5.559,81.0,346.0,,5.36,,,,,,,83.83916333984594,,-0.0,1.0,,,,,,,,,,,,,,,,,,,,0.0424528301886792,0.0,212.0,476.0,66.0,0.492,0.452,0.001453488372093,0.0,0.0,,,,,,,,,,,,,,,,,,,,,,,,,,,,,,,
194,Bryce Boettcher,Oregon,LB,2026,5.5629,73.0,233.0,30.75,4.7,,,,,,,95.49804587635953,0.0,,1.0,0.6,6.7,344.0,84.3,7.3,0.002906976744186,0.0087209302325581,,,9.6,9.3,3.4,371.0,2.0,1.0,3.0,20.0,13.3,64.0,,,,,,,,,,,,,,,,,,,,,,,,,,,,,,,,,,,,,,,,,
195,Parker Brailsford,Washington,IOL,2026,5.5688,74.0,289.0,,4.95,32.5,116.0,27.0,,4.72,,96.27356249376882,,0.18632539339171506,1.0,,,,,,,,,,,,,,,,,,,,0.0327868852459016,0.0,244.0,330.0,60.0,0.47,0.4479999999999999,0.0052264808362369,0.0,0.0,1.0,,,,,,,,,,,,,,,,,,,,,,,,,,,,,,
196,Nolan Rucci,Wisconsin,OT,2026,5.569,80.0,307.0,,5.2,,,,,,,83.97596372676026,,-0.0,1.0,,,,,,,,,,,,,,,,,,,,,,,,,,,,0.0,0.0,,,,,,,,,,,,,,,,,,,,,,,,,,,,,,,
197,Jonah Coleman,Washington,RB,2026,5.5708,68.0,220.0,28.875,4.5,,,22.0,,,,,,,,,,,,,,,,,,,,,,,,,,,,,,,,,,,,,,,,4.8,,,,,,,1.73,,,,,,,,37.0,,,,,562.0,3.58,85.7,0.2356687898089172,33.4,0.1273885350318471,0.17,0.0106382978723404
198,Emmanuel Pregnon,Wyoming,IOL,2026,5.5786,76.0,314.0,,5.21,35.0,111.0,,,,,85.23319148525344,,-0.0,0.0,,,,,,,,,,,,,,,,,,,,,,,,,,,,0.0,0.0,0.0,,,,,,,,,,,,,,,,,,,,,,,,,,,,,,
199,Khalil Dinkins,Penn State,TE,2026,5.5834,76.25,251.0,31.62,4.72,32.5,119.0,,7.28,4.33,,101.14297473682598,-0.27981563930900005,,1.0,,,,,,,,,,,,,,,,,,,,,,,282.0,65.2,,,,,,,,,,,,,,,12.0,1.12,11.9,66.7,7.8,102.7,66.7,6.7,4.9,1.0,26.3,10.3,61.5,70.0,,,,,,,,
200,Hezekiah Masses,Florida International,CB,2026,5.6263,73.0,179.0,,4.46,,119.0,,,,,90.47812495289956,-0.8931735997338778,,0.0,0.9,19.4,477.0,99.4,7.2,0.010482180293501,0.0188679245283018,58.1,48.4,2.2,23.1,6.1,367.0,0.0,5.0,9.0,0.0,33.3,3.0,,,,,,,,,,,,,,,,,,,,,,,,12.8,,,,,,,,,,,,,,,,,
201,Isaiah Jatta,Colorado,OT,2026,5.6312,78.0,315.0,,5.3,,,,,,,79.84304125439249,,-0.0,1.0,,,,,,,,,,,,,,,,,,,,,,,,,,,,0.0,0.0,,,,,,,,,,,,,,,,,,,,,,,,,,,,,,,
202,Zane Durant,Penn State,DT,2026,5.6684,74.0,290.0,31.875,4.75,33.5,112.0,,,,,113.9340551407678,2.458983662164751,,1.0,,,,,,,,,,4.3,,,,,,,12.6,6.9,241.0,,,,,,,,,,,,,,,,,,,,,,,,,,,,,,,,,,,,,,,,,
203,Josh Cuevas,Alabama,TE,2026,5.6709,75.0,245.0,30.62,4.65,34.0,118.0,,7.37,4.38,,104.80554687634617,0.22012163625641243,,1.0,,,,,,,,,,,,,,,,,,,,,,,203.0,58.8,,,,,,,,,,,,,,,12.0,1.25,11.1,74.0,5.6,116.3,50.0,7.5,6.6,7.0,29.8,12.1,54.4,86.5,,,,,,,,
204,Jordan White,West Virginia,IOL,2026,5.7372,74.0,300.0,,5.1,,,,,,,88.68916089854538,,-0.0,1.0,,,,,,,,,,,,,,,,,,,,0.0733333333333333,0.0066666666666666,150.0,294.0,78.7,0.687,0.201,0.0112612612612612,0.0,0.0,1.0,,,,,,,,,,,,,,,,,,,,,,,,,,,,,,
205,Cole Brevard,Texas,DT,2026,5.7405,75.0,346.0,,,,,,,,,,0.0,,1.0,,,,,,,,,,4.9,,,,,,,9.4,8.0,148.0,,,,,,,,,,,,,,,,,,,,,,,,,,,,,,,,,,,,,,,,,
206,Cade Klubnik,Clemson,QB,2026,5.7466,74.0,207.0,31.18,,,,,,,,,,,1.0,,,,,,,,,,,,,,,,,,,,,,,,,,,,,,,3.8,2.2,7.5,94.8,11.6,4.0,0.04,45.3,12.0,,,,8.4,,,,,,,,,,,,,,,,,
207,Olaivavega Ioane,Penn State,IOL,2026,5.7563,76.0,320.0,,5.35,31.5,104.0,,,,,78.12046971366661,,-0.0,1.0,,,,,,,,,,,,,,,,,,,,0.0,0.0,97.0,303.0,78.6,0.65,0.29,0.0,0.0,0.0,0.0,,,,,,,,,,,,,,,,,,,,,,,,,,,,,,
208,Ja'kobi Lane,USC,WR,2026,5.7755,76.0,200.0,32.62,4.47,40.0,,,,,,100.19127395630996,1.4559900090957556,,1.0,,,,,,,,,,,,,,,,,,,,,,,,,,,,,,,,,,,,,,,11.0,2.42,15.3,66.2,12.5,106.3,43.5,7.5,4.8,11.0,19.1,80.9,0.0,92.5,,,,,,,,
209,Sawyer Robertson,Baylor,QB,2026,5.7777,76.0,216.0,32.18,4.64,,,,7.45,4.46,,93.19912276733012,,,1.0,,,,,,,,,,,,,,,,,,,,,,,,,,,,,,,4.6,3.6,7.3,93.2,15.0,3.9,0.01,44.5,12.0,,,,9.9,,,,,,,,,,,,,,,,,
210,Drew Shelton,Penn State,OT,2026,5.7792,77.0,313.0,,5.18,31.0,112.0,,,,,86.94713862712513,,-0.0,1.0,,,,,,,,,,,,,,,,,,,,0.073394495412844,0.0091743119266055,109.0,362.0,66.4,0.624,0.32,0.0021231422505307,0.0,0.0,,,,,,,,,,,,,,,,,,,,,,,,,,,,,,,
211,Nate Boerkircher,Texas A&M,TE,2026,5.7979,76.5,245.0,32.62,,,,,,4.4,,,,,1.0,,,,,,,,,,,,,,,,,,,,,,,233.0,72.2,,,,,,,,,,,,,,,13.0,1.12,10.4,86.4,6.6,143.8,75.0,5.0,4.0,1.0,22.9,6.5,69.0,72.2,,,,,,,,
212,Pat Coogan,Notre Dame,IOL,2026,5.8031,77.0,311.0,,5.2,,,,,,,85.0701130912783,,-0.0,0.0,,,,,,,,,,,,,,,,,,,,0.028735632183908,0.0,174.0,544.0,75.3,0.434,0.491,0.0,0.0,0.0,1.0,,,,,,,,,,,,,,,,,,,,,,,,,,,,,,
213,Jordan Hudson,SMU,WR,2026,5.8043,73.0,191.0,31.12,,,,,,,,,,,1.0,,,,,,,,,,,,,,,,,,,,,,,,,,,,,,,,,,,,,,,11.0,2.16,12.5,68.5,10.1,93.8,38.9,6.0,6.2,16.0,16.7,83.3,0.0,94.8,,,,,,,,
214,Lake McRee,USC,TE,2026,5.8067,76.0,243.0,31.5,,,,,,,,,,,1.0,,,,,,,,,,,,,,,,,,,,,,,315.0,54.9,,,,,,,,,,,,,,,12.0,1.51,14.8,62.5,8.5,120.6,63.6,6.3,6.2,2.0,33.8,8.4,55.3,72.6,,,,,,,,
215,Lander Barton,Utah,LB,2026,5.8077,77.0,236.0,,4.55,,,,,,,110.12766015280711,0.0,,1.0,0.3,7.7,227.0,68.6,16.3,0.0044052863436123,0.0044052863436123,,,4.3,13.3,4.0,306.0,0.0,1.0,1.0,13.8,11.1,104.0,,,,,,,,,,,,,,,,,,,,,,,,,,,,,,,,,,,,,,,,,
216,Harrison Wallace III,Mississippi,WR,2026,5.8113,72.0,192.0,32.12,4.54,,,,,,,90.38738311653943,,,1.0,,,,,,,,,,,,,,,,,,,,,,,,,,,,,,,,,,,,,,,15.0,2.24,15.3,63.5,12.9,105.1,50.0,4.7,5.6,7.0,18.5,79.7,0.9,93.9,,,,,,,,
217,Miles Kitselman,Tennessee,TE,2026,5.8415,77.0,251.0,31.88,4.9,34.5,116.0,,,,,87.08019582983,0.3867673947782166,,1.0,,,,,,,,,,,,,,,,,,,,,,,262.0,58.1,,,,,,,,,,,,,,,11.0,1.41,9.8,64.3,5.8,58.1,25.0,15.6,5.4,0.0,32.2,2.4,52.6,64.7,,,,,,,,
218,CJ Daniels,Miami,WR,2026,5.867,74.0,202.0,31.75,,,,,,,,,,,1.0,,,,,,,,,,,,,,,,,,,,,,,,,,,,,,,,,,,,,,,13.0,1.73,11.1,74.6,10.4,115.1,64.7,3.8,3.9,4.0,13.8,86.2,0.0,96.4,,,,,,,,
219,J. Michael Sturdivant,Florida,WR,2026,5.9151,75.0,207.0,32.88,4.4,39.0,131.0,,,,,110.45608223482,1.1456773897443944,,1.0,,,,,,,,,,,,,,,,,,,,,,,,,,,,,,,,,,,,,,,12.0,1.32,15.2,54.0,14.2,68.0,62.5,3.6,4.9,4.0,39.8,60.2,0.0,95.4,,,,,,,,
220,Thaddeus Dixon,Washington,CB,2026,5.925,73.0,195.0,,,39.5,125.0,,,,,,1.4254161934058693,,1.0,1.2,19.2,209.0,99.1,7.6,0.0,0.0239234449760765,105.3,61.5,1.1,11.1,5.2,186.0,0.0,0.0,5.0,100.0,50.0,2.0,,,,,,,,,,,,,,,,,,,,,,,,8.9,,,,,,,,,,,,,,,,,
221,Deontae Lawson,Alabama,LB,2026,5.935,75.0,226.0,31.875,4.6,,,,,,,100.95018242501996,0.0,,1.0,0.7,6.3,299.0,74.0,8.8,0.0,0.0066889632107023,,,8.5,11.3,2.9,298.0,1.0,0.0,2.0,10.0,7.0,105.0,,,,,,,,,,,,,,,,,,,,,,,,,,,,,,,,,,,,,,,,,
222,Fernando Carmona,San Jose State,OT,2026,5.9615,77.0,316.0,,5.22,,103.0,26.0,7.5,4.75,,85.12067644821462,,1.134983920239061,0.0,,,,,,,,,,,,,,,,,,,,,,,,,,,,0.0,0.0,,,,,,,,,,,,,,,,,,,,,,,,,,,,,,,
223,Aamil Wagner,Notre Dame,OT,2026,5.9698,78.0,306.0,,5.01,29.5,108.0,21.0,,,,97.14054118746026,,-0.0,0.0,,,,,,,,,,,,,,,,,,,,0.0444444444444444,0.0074074074074074,135.0,354.0,61.9,0.353,0.59,0.0040899795501022,0.0,0.0,,,,,,,,,,,,,,,,,,,,,,,,,,,,,,,
224,Ar'maj Reed-Adams,Kansas,IOL,2026,5.9984,78.0,314.0,,5.28,,,,7.88,,,80.80234291533752,,-0.31676798286755276,1.0,,,,,,,,,,,,,,,,,,,,0.0611111111111111,0.0055555555555555,180.0,300.0,72.7,0.48,0.477,0.0125,0.0,0.0,0.0,,,,,,,,,,,,,,,,,,,,,,,,,,,,,,
225,Domonique Orange,Iowa State,DT,2026,6.0307,74.0,322.0,33.375,5.3,,,,,,,81.61733106004566,0.0,,1.0,,,,,,,,,,6.9,,,,,,,17.5,6.9,317.0,,,,,,,,,,,,,,,,,,,,,,,,,,,,,,,,,,,,,,,,,
226,Arvell Reese,Ohio State,ED,2026,6.0823,76.0,238.0,,4.52,,,,,,,114.03895092788412,0.0,,1.0,,,,,,,,,,6.4,,,,,,,27.1,13.0,119.0,,,,,,,,,,,,,,,,,,,,,,,,,,,,,,,,,,,,,,,,,
227,Skyler Gill-Howard,Texas Tech,DT,2026,6.0827,73.0,280.0,30.75,,,,27.0,,,,,0.0,,1.0,,,,,,,,,,11.7,,,,,,,16.1,14.4,104.0,,,,,,,,,,,,,,,,,,,,,,,,,,,,,,,,,,,,,,,,,
228,Connor Tollison,Missouri,IOL,2026,6.0896,76.0,285.0,,4.98,,,,,,,92.6739095584133,,-0.0,1.0,,,,,,,,,,,,,,,,,,,,0.0559440559440559,0.0069930069930069,143.0,451.0,59.7,0.348,0.579,0.0067340067340067,0.0,0.0,1.0,,,,,,,,,,,,,,,,,,,,,,,,,,,,,,
229,Taurean York,Texas A&M,LB,2026,6.1564,71.0,226.0,30.0,4.58,,,25.0,7.32,4.48,,102.72508819422447,0.0,,1.0,0.6,8.8,368.0,88.5,9.9,0.0,0.0027173913043478,,,9.5,14.3,3.7,277.0,0.0,0.0,1.0,4.8,8.7,48.0,,,,,,,,,,,,,,,,,,,,,,,,,,,,,,,,,,,,,,,,,
230,Barion Brown,LSU,WR,2026,6.1698,71.0,177.0,31.5,4.4,,,,,,,94.44795437470115,,,1.0,,,,,,,,,,,,,,,,,,,,,,,,,,,,,,,,,,,,,,,13.0,1.77,10.0,63.9,9.7,76.0,53.3,10.2,5.1,9.0,11.4,88.6,0.0,92.6,,,,,,,,
231,James Smith,Alabama,DT,2026,6.1741,75.0,297.0,,4.88,,,,,,,104.73869463761719,0.0,,1.0,,,,,,,,,,5.5,,,,,,,3.2,2.5,215.0,,,,,,,,,,,,,,,,,,,,,,,,,,,,,,,,,,,,,,,,,
232,Febechi Nwaiwu,North Texas,IOL,2026,6.182,76.0,319.0,,5.35,24.5,,,7.8,4.73,,77.8763432458114,,0.09769128876152855,0.0,,,,,,,,,,,,,,,,,,,,,,,,,,,,0.0,0.0,0.0,,,,,,,,,,,,,,,,,,,,,,,,,,,,,,
233,Ben Bell,Virginia Tech,ED,2026,6.24,74.0,245.0,,,,,,,,,,0.0,,1.0,,,,,,,,,,4.7,,,,,,,28.0,18.1,233.0,,,,,,,,,,,,,,,,,,,,,,,,,,,,,,,,,,,,,,,,,
234,Red Murdock,Buffalo,LB,2026,6.2435,74.0,232.0,31.0,4.77,,,,,,,89.62815662062287,0.0,,0.0,0.6,8.0,380.0,89.0,14.4,0.0,0.0052631578947368,,,9.8,6.9,3.8,410.0,3.0,0.0,2.0,21.1,19.6,47.0,,,,,,,,,,,,,,,,,,,,,,,,,,,,,,,,,,,,,,,,,
235,Anthony Lucas,USC,ED,2026,6.2971,77.5,256.0,33.5,4.85,,,,,,,92.53435594941749,0.0,,1.0,,,,,,,,,,5.5,,,,,,,27.3,12.5,276.0,,,,,,,,,,,,,,,,,,,,,,,,,,,,,,,,,,,,,,,,,
236,Kamari Ramsey,UCLA,S,2026,6.3316,72.0,202.0,,4.47,,,,,,,101.19318669587305,0.0,,1.0,0.7,9.7,255.0,93.1,7.7,0.0,0.0117647058823529,96.2,61.3,1.0,0.0,18.2,209.0,0.0,0.0,3.0,0.0,0.0,19.0,,,,,,,,,,,,,,,,,,,,,,,,6.8,,,,,,,,,,,,,,,,,
237,Jadarian Price,Notre Dame,RB,2026,6.3742,71.0,203.0,30.875,4.49,35.0,124.0,21.0,,,,,,,,,,,,,,,,,,,,,,,,,,,,,,,,,,,,,,,,6.0,,,,,,,1.23,,,,,,,,32.0,,,,,443.0,3.92,118.6,0.2831858407079646,45.0,0.2123893805309734,0.0985915492957746,0.0252100840336134
238,Boubacar Traore,Notre Dame,ED,2026,6.3885,76.0,244.0,,4.68,,,,,,,101.72704044444599,0.0,,0.0,,,,,,,,,,7.8,,,,,,,16.3,12.6,294.0,,,,,,,,,,,,,,,,,,,,,,,,,,,,,,,,,,,,,,,,,
239,Trey Moore,Texas,ED,2026,6.5197,74.0,243.0,31.625,4.54,38.5,120.0,,,4.43,,114.39653175687022,1.8820482993343162,,1.0,,,,,,,,,,5.4,,,,,,,11.6,11.6,120.0,,,,,,,,,,,,,,,,,,,,,,,,,,,,,,,,,,,,,,,,,
240,C.J. Fite,Arizona State,DT,2026,6.5273,74.0,300.0,,,,,,,,,,0.0,,1.0,,,,,,,,,,4.1,,,,,,,2.1,2.3,316.0,,,,,,,,,,,,,,,,,,,,,,,,,,,,,,,,,,,,,,,,,
241,Kaden Wetjen,Iowa,WR,2026,6.5303,69.0,193.0,29.62,4.47,35.5,,,6.95,4.44,,96.6845793678391,0.05958322201463039,,1.0,,,,,,,,,,,,,,,,,,,,,,,,,,,,,,,,,,,,,,,13.0,1.46,7.2,73.3,3.5,68.5,0.0,4.3,8.1,8.0,32.1,66.1,0.0,96.4,,,,,,,,
242,Josh Cameron,Baylor,WR,2026,6.5335,73.5,220.0,33.12,,,,,,,,,,,1.0,,,,,,,,,,,,,,,,,,,,,,,,,,,,,,,,,,,,,,,12.0,1.7,12.6,67.6,9.9,119.4,59.3,1.4,4.8,15.0,7.2,92.8,0.0,92.3,,,,,,,,
243,Garrett Nussmeier,LSU,QB,2026,6.5442,74.0,203.0,30.38,,,,,,,,,,,1.0,,,,,,,,,,,,,,,,,,,,,,,,,,,,,,,4.5,3.0,6.7,92.7,19.0,4.8,0.04,43.2,9.0,,,,7.0,,,,,,,,,,,,,,,,,
244,Landon Robinson,Navy,DT,2026,6.57,72.0,280.0,,,,,,,,,,0.0,,0.0,,,,,,,,,,7.7,,,,,,,15.8,10.2,373.0,,,,,,,,,,,,,,,,,,,,,,,,,,,,,,,,,,,,,,,,,
245,Tyreak Sapp,Florida,ED,2026,6.6093,74.0,273.0,32.0,4.76,,,28.0,,,,106.35669463621569,0.0,,1.0,,,,,,,,,,7.5,,,,,,,11.7,8.4,189.0,,,,,,,,,,,,,,,,,,,,,,,,,,,,,,,,,,,,,,,,,
246,Caleb Tiernan,Northwestern,OT,2026,6.6236,80.0,323.0,,5.3,35.5,111.0,,,,,81.87080103228182,,-0.0,1.0,,,,,,,,,,,,,,,,,,,,0.0421052631578947,0.0,190.0,405.0,59.7,0.348,0.583,0.0050420168067226,0.0,0.0,,,,,,,,,,,,,,,,,,,,,,,,,,,,,,,
247,Keagen Trost,Indiana State,OT,2026,6.6427,77.0,311.0,,5.4,31.0,,,,,,73.15017095030302,,-0.0,0.0,,,,,,,,,,,,,,,,,,,,,,,,,,,,0.0,0.0,,,,,,,,,,,,,,,,,,,,,,,,,,,,,,,
248,Kalil Alexander,Texas State,LB,2026,6.6666,75.0,225.0,,4.62,,,,,,,98.77444805478486,0.0,,0.0,0.8,14.3,64.0,18.7,8.9,0.0,0.015625,,,6.4,30.4,1.8,270.0,0.0,0.0,1.0,28.8,19.1,278.0,,,,,,,,,,,,,,,,,,,,,,,,,,,,,,,,,,,,,,,,,
249,Riley Mahlman,Wisconsin,OT,2026,6.6692,80.0,320.0,,5.2,,,,,,,87.5319491614439,,-0.0,1.0,,,,,,,,,,,,,,,,,,,,0.0769230769230769,0.0153846153846153,130.0,368.0,58.8,0.397,0.467,0.002008032128514,0.0,0.0,,,,,,,,,,,,,,,,,,,,,,,,,,,,,,,
250,Caullin Lacy,Louisville,WR,2026,6.7288,69.0,183.0,29.38,4.55,33.5,116.0,,,,,85.39560088120213,-0.561042016688092,,1.0,,,,,,,,,,,,,,,,,,,,,,,,,,,,,,,,,,,,,,,13.0,1.64,10.6,73.2,4.7,93.3,28.6,6.3,8.0,19.0,79.6,17.7,0.2,95.1,,,,,,,,
251,Colbie Young,Georgia,WR,2026,6.7885,76.75,218.0,31.88,4.49,,,,,,,107.27564273396098,,,1.0,,,,,,,,,,,,,,,,,,,,,,,,,,,,,,,,,,,,,,,8.0,2.3,14.7,78.8,11.8,112.2,66.7,7.1,6.4,10.0,6.6,93.4,0.0,90.7,,,,,,,,
252,Donaven McCulley,Michigan,WR,2026,6.8209,76.5,203.0,32.62,,,,,,,,,,,1.0,,,,,,,,,,,,,,,,,,,,,,,,,,,,,,,,,,,,,,,13.0,1.58,15.1,50.6,14.0,67.5,53.3,7.1,4.7,6.0,8.5,91.5,0.0,95.4,,,,,,,,
253,Alan Herron,Maryland,OT,2026,6.8537,77.0,308.0,,5.09,32.0,,,8.2,5.09,,91.7718703321263,,-2.7689053769605136,1.0,,,,,,,,,,,,,,,,,,,,0.0717131474103585,0.0079681274900398,251.0,239.0,58.7,0.41,0.498,0.0020408163265306,0.0,0.0,,,,,,,,,,,,,,,,,,,,,,,,,,,,,,,
254,Billy Schrauth,Notre Dame,IOL,2026,6.8787,77.0,310.0,,5.25,,,,,,,81.61208549935469,,-0.0,0.0,,,,,,,,,,,,,,,,,,,,0.0232558139534883,0.0,86.0,223.0,73.1,0.435,0.511,0.0,0.0,0.0,0.0,,,,,,,,,,,,,,,,,,,,,,,,,,,,,,
255,George Gumbs Jr.,Florida,ED,2026,6.9011,76.0,245.0,33.625,4.66,41.0,121.0,,7.0,,,103.90882007518918,2.7923277622400313,,1.0,,,,,,,,,,8.3,,,,,,,14.3,8.6,136.0,,,,,,,,,,,,,,,,,,,,,,,,,,,,,,,,,,,,,,,,,
256,Isaiah World,Nevada,OT,2026,6.9134,80.0,318.0,,5.4,,,,,,,74.79663782056707,,-0.0,0.0,,,,,,,,,,,,,,,,,,,,,,,,,,,,0.0,0.0,,,,,,,,,,,,,,,,,,,,,,,,,,,,,,,
257,Demond Claiborne,Wake,RB,2026,6.9193,70.0,188.0,30.125,4.37,,122.0,,,,,,,,,,,,,,,,,,,,,,,,,,,,,,,,,,,,,,,,,5.1,,,,,,,0.66,,,,,,,,37.0,,,,,544.0,3.04,66.1,0.2067039106145251,42.5,0.1284916201117318,0.1826923076923076,0.0241545893719806
258,Dontay Corleone,Cincinnati,DT,2026,6.9804,73.0,325.0,,5.1,,,,,,,96.0799243067575,0.0,,1.0,,,,,,,,,,3.9,,,,,,,10.5,5.0,167.0,,,,,,,,,,,,,,,,,,,,,,,,,,,,,,,,,,,,,,,,,
259,Chase Roberts,BYU,WR,2026,7.0642,75.0,209.0,31.75,4.64,37.0,126.0,,,,,90.17878082579628,0.5250521510416721,,1.0,,,,,,,,,,,,,,,,,,,,,,,,,,,,,,,,,,,,,,,13.0,2.35,14.9,60.7,13.8,103.3,52.9,12.9,4.6,5.0,26.0,74.0,0.0,93.7,,,,,,,,
260,TJ Guy,Michigan,ED,2026,7.0945,76.0,250.0,,,,,,,,,,0.0,,1.0,,,,,,,,,,3.9,,,,,,,18.6,13.0,152.0,,,,,,,,,,,,,,,,,,,,,,,,,,,,,,,,,,,,,,,,,
261,Keeshawn Silver,USC,DT,2026,7.0987,76.0,330.0,,,,,,,,,,0.0,,1.0,,,,,,,,,,4.4,,,,,,,6.9,3.1,167.0,,,,,,,,,,,,,,,,,,,,,,,,,,,,,,,,,,,,,,,,,
262,Tristan Leigh,Clemson,OT,2026,7.1045,78.0,310.0,,5.2,,,,,,,84.79657575014879,,-0.0,1.0,,,,,,,,,,,,,,,,,,,,0.0507246376811594,0.0,138.0,227.0,42.3,0.502,0.3829999999999999,0.010958904109589,0.0,0.0,,,,,,,,,,,,,,,,,,,,,,,,,,,,,,,
263,Reggie Virgil,Texas Tech,WR,2026,7.1627,75.0,187.0,31.25,4.57,36.0,,,,,,85.74460458527697,0.21473953169031096,,1.0,,,,,,,,,,,,,,,,,,,,,,,,,,,,,,,,,,,,,,,14.0,1.5,12.4,62.0,12.6,98.3,52.4,8.1,3.8,12.0,15.0,85.0,0.0,95.5,,,,,,,,
264,Jalen Walthall,Incarnate Ward,WR,2026,7.2028,73.0,191.0,31.25,4.57,35.0,131.0,,,,,87.57871377426686,-0.09557308766105019,,0.0,,,,,,,,,,,,,,,,,,,,,,,,,,,,,,,,,,,,,,,,,,,,,,,,,,,,,,,,,,,,
265,Jaydn Ott,Oklahoma,RB,2026,7.2438,71.0,208.0,,4.46,,,,,,,,,,,,,,,,,,,,,,,,,,,,,,,,,,,,,,,,,,,3.2,,,,,,,0.34,,,,,,,,4.0,,,,,38.0,1.81,39.3,0.1904761904761904,0.0,0.0952380952380952,0.1379310344827586,0.0
266,Dillon Bell,Georgia,WR,2026,7.4036,72.125,209.0,30.25,4.5,39.0,126.0,,,,,101.93568053650358,1.1456773897443944,,1.0,,,,,,,,,,,,,,,,,,,,,,,,,,,,,,,,,,,,,,,14.0,1.06,10.3,67.5,10.9,93.6,57.1,6.9,5.2,2.0,21.5,78.1,0.3,91.7,,,,,,,,
267,Le'Veon Moss,Texas A&M,RB,2026,7.4086,71.0,203.0,31.0,4.42,,,,,,,,,,,,,,,,,,,,,,,,,,,,,,,,,,,,,,,,,,,5.2,,,,,,,0.05,,,,,,,,12.0,,,,,267.0,3.47,65.8,0.1558441558441558,25.4,0.1558441558441558,0.0606060606060606,0.0
268,Tim Keenan III,Alabama,DT,2026,7.5384,73.0,327.0,30.5,5.31,30.0,100.0,21.0,,,,82.2620757443974,-0.6748725679253649,,1.0,,,,,,,,,,3.6,,,,,,,3.8,2.7,202.0,,,,,,,,,,,,,,,,,,,,,,,,,,,,,,,,,,,,,,,,,
269,Vinny Anthony II,Wisconsin,WR,2026,7.5385,72.0,183.0,31.38,4.54,34.5,,15.0,,4.07,,86.15047453295165,-0.2507293973367308,,1.0,,,,,,,,,,,,,,,,,,,,,,,,,,,,,,,,,,,,,,,12.0,1.52,12.6,63.3,10.3,69.3,50.0,8.8,6.3,8.0,24.3,75.4,0.0,95.9,,,,,,,,
270,Malachi Fields,Notre Dame,WR,2026,7.6143,76.5,218.0,32.12,4.61,38.0,124.0,,6.98,4.35,,96.5345525048505,0.8353647703930333,,0.0,,,,,,,,,,,,,,,,,,,,,,,,,,,,,,,,,,,,,,,12.0,2.2,17.5,58.1,16.4,113.0,47.8,2.7,5.3,6.0,9.7,88.7,1.3,92.6,,,,,,,,
271,Suntarine Perkins,Ole Miss,ED,2026,7.9879,73.0,210.0,,,,,,,,,,0.0,,1.0,,,,,,,,,,9.1,,,,,,,16.4,7.7,213.0,,,,,,,,,,,,,,,,,,,,,,,,,,,,,,,,,,,,,,,,,
272,Chris Hilton Jr,LSU,WR,2026,8.0,72.0,188.0,32.0,4.41,34.5,122.0,,7.25,4.41,,99.41078129796341,-0.2507293973367308,,1.0,,,,,,,,,,,,,,,,,,,,,,,,,,,,,,,,,,,,,,,13.0,0.81,12.1,58.8,16.9,80.8,20.0,9.1,3.6,0.0,15.0,85.0,0.0,93.1,,,,,,,,
273,David Oke,Arkansas,DT,2026,8.0,74.0,312.0,,,,,,,,,,0.0,,1.0,,,,,,,,,,6.5,,,,,,,0.0,0.0,30.0,,,,,,,,,,,,,,,,,,,,,,,,,,,,,,,,,,,,,,,,,
