Year,Player,Pos,School,Height,Weight,40yd,Vertical,Bench,Broad Jump,3Cone,Shuttle,Drafted,Round,Pick,RAS,arm_length_inches,is_center,true_pass_set_pressure_rate,true_pass_set_sack_rate,snap_counts_pass_block,snap_counts_run_block,grades_run_block,gap_rate,zone_rate,penalty_rate
2015,Al Bond,OG,Memphis,6-4,303.0,5.57,23.5,22.0,90.0,7.9,4.65,False,,,,33.38,0,0.11267605633802817,0.014084507042253521,71.0,503.0,66.7,0.276,0.0,0.003484320557491289
2015,Brett Boyko,OG,UNLV,6-7,301.0,5.6,25.0,,103.0,7.91,4.75,False,,,,32.0,0,0.053061224489795916,0.0163265306122449,245.0,338.0,88.8,0.231,0.0,0.003430531732418525
2015,Trenton Brown,OG,Florida,6-8,355.0,5.21,23.5,20.0,97.0,8.23,4.78,True,7.0,244.0,,36.0,0,0.04,0.013333333333333334,75.0,178.0,74.7,0.34299999999999997,0.0,0.011857707509881422
2015,A.J. Cann,OG,South Carolina,6-3,313.0,5.47,,26.0,,,,True,3.0,67.0,,32.62,0,0.04633204633204633,0.003861003861003861,259.0,428.0,82.1,0.243,0.002,0.001455604075691412
2015,Reese Dismukes,C,Auburn,6-3,296.0,5.31,27.5,23.0,107.0,8.14,4.7,False,,,,,1,0.02654867256637168,0.0,113.0,558.0,82.3,0.335,0.0,0.0
2015,Jamil Douglas,OG,Arizona State,6-4,304.0,5.25,29.0,28.0,99.0,7.99,4.75,True,4.0,114.0,,33.38,0,0.07894736842105263,0.021052631578947368,190.0,430.0,79.4,0.419,0.0,0.0032258064516129032
2015,Cameron Erving,C,Florida State,6-5,313.0,5.15,30.5,30.0,112.0,7.48,4.63,True,1.0,19.0,,,1,0.06716417910447761,0.014925373134328358,268.0,389.0,81.0,0.247,0.003,0.0015220700152207
2015,Tayo Fabuluje,OG,TCU,6-6,353.0,5.55,29.5,,,,4.77,True,6.0,183.0,,34.0,0,0.04929577464788732,0.007042253521126761,142.0,297.0,77.3,0.037000000000000005,0.0,0.00683371298405467
2015,Jon Feliciano,OG,Miami (FL),6-4,323.0,5.33,26.5,,97.0,,4.74,True,4.0,128.0,,32.38,0,0.024390243902439025,0.006097560975609756,164.0,383.0,78.1,0.243,0.0,0.0018281535648994515
2015,B.J. Finney,C,Kansas State,6-4,318.0,5.25,24.0,20.0,99.0,,4.76,False,,,,,1,0.03365384615384615,0.014423076923076924,208.0,398.0,73.1,0.254,0.0,0.0
2015,Andy Gallik,C,Boston Col.,6-2,306.0,5.5,27.0,29.0,96.0,7.66,4.58,True,6.0,208.0,,,1,0.03896103896103896,0.025974025974025976,77.0,572.0,67.4,0.406,0.0,0.0030816640986132513
2015,Max Garcia,C,Florida,6-4,309.0,5.24,,,,,,True,4.0,133.0,,,1,0.02857142857142857,0.0,140.0,456.0,72.9,0.38799999999999996,0.0,0.0016778523489932886
2015,Mark Glowinski,OG,West Virginia,6-4,307.0,5.2,29.5,31.0,113.0,7.56,4.58,True,4.0,134.0,,33.12,0,0.07035175879396985,0.010050251256281407,199.0,496.0,75.0,0.135,0.0,0.004316546762589928
2015,Hroniss Grasu,C,Oregon,6-3,297.0,5.03,,,,,,True,3.0,71.0,,,1,0.02857142857142857,0.014285714285714285,70.0,394.0,82.8,0.231,0.003,0.00646551724137931
2015,Chad Hamilton,C,Coastal Carolina,6-2,292.0,4.97,,,,,,False,,,,,1,,,,,,,,
2015,Jarvis Harrison,OG,Texas A&M,6-4,330.0,5.19,29.5,26.0,102.0,7.51,4.62,True,5.0,152.0,,33.5,0,0.08387096774193549,0.01935483870967742,155.0,236.0,75.0,0.22899999999999998,0.0,0.0025575447570332483
2015,Bobby Hart,OG,Florida State,6-5,329.0,5.61,,,,,,True,7.0,226.0,,33.0,0,0.07462686567164178,0.0037313432835820895,268.0,389.0,82.1,0.247,0.003,0.0045662100456621
2015,Tre Jackson,OG,Florida State,6-4,330.0,5.52,25.0,,96.0,,,True,4.0,111.0,,32.62,0,0.03731343283582089,0.0,268.0,389.0,77.9,0.247,0.003,0.0045662100456621
2015,Arie Kouandjio,OG,Alabama,6-5,310.0,5.48,,,,,,True,4.0,112.0,,34.12,0,0.027522935779816515,0.0,109.0,459.0,88.1,0.183,0.0,0.0017605633802816902
2015,Greg Mancz,C,Toledo,6-4,301.0,5.08,,,,,,False,,,,,1,0.017699115044247787,0.0,113.0,391.0,94.8,0.42200000000000004,0.0,0.001984126984126984
2015,Ali Marpet,OG,Hobart & William Smith,6-4,307.0,4.98,30.5,30.0,108.0,7.33,4.47,True,2.0,61.0,,33.38,0,,,,,,,,
2015,Josue Matias,OG,Florida State,6-5,309.0,5.52,17.5,,84.0,8.19,5.12,False,,,,33.12,0,0.03731343283582089,0.0,268.0,388.0,83.0,0.245,0.003,0.007621951219512195
2015,John Miller,OG,Louisville,6-2,303.0,5.33,27.0,29.0,104.0,8.2,4.75,True,3.0,81.0,,33.25,0,0.08653846153846154,0.009615384615384616,208.0,415.0,89.7,0.371,0.0,0.0016051364365971107
2015,Mitch Morse,OG,Missouri,6-5,305.0,5.14,31.0,36.0,112.0,7.6,4.5,True,2.0,49.0,,32.25,0,0.05069124423963134,0.004608294930875576,217.0,462.0,67.5,0.23600000000000002,0.0,0.005891016200294551
2015,Robert Myers,OG,Tennessee State,6-5,326.0,5.44,27.5,,94.0,8.1,4.91,True,5.0,176.0,,33.75,0,,,,,,,,
2015,Jeremiah Poutasi,OG,Utah,6-5,335.0,5.32,26.5,26.0,95.0,8.09,4.89,True,3.0,66.0,,33.88,0,0.06818181818181818,0.0,132.0,456.0,67.1,0.193,0.0,0.00510204081632653
2015,Adam Shead,OG,Oklahoma,6-4,338.0,5.74,,26.0,,,,False,,,,33.75,0,0.01834862385321101,0.0,109.0,415.0,77.6,0.198,0.0,0.0019083969465648854
2015,Laken Tomlinson,OG,Duke,6-3,323.0,5.33,31.5,25.0,103.0,8.17,4.87,True,1.0,28.0,,33.62,0,0.012987012987012988,0.0,154.0,426.0,89.4,0.183,0.0,0.0017241379310344827
2016,Jack Allen,C,Michigan State,6-1,294.0,5.29,26.5,23.0,101.0,7.9,4.73,False,,,,,1,0.06832298136645963,0.012422360248447204,161.0,436.0,89.9,0.6559999999999999,0.19699999999999998,0.0
2016,Austin Blythe,C,Iowa,6-2,298.0,5.36,27.5,29.0,99.0,7.52,4.53,True,7.0,248.0,,,1,0.043689320388349516,0.009708737864077669,206.0,480.0,95.4,0.256,0.61,0.004373177842565598
2016,Evan Boehm,C,Missouri,6-2,302.0,5.33,28.5,24.0,96.0,7.52,4.69,True,4.0,128.0,,,1,0.06875,0.0125,160.0,326.0,77.0,0.267,0.531,0.00411522633744856
2016,Jake Brendel,C,UCLA,6-3,303.0,5.01,28.0,25.0,108.0,7.31,4.27,False,,,,,1,0.037037037037037035,0.0,216.0,413.0,80.5,0.409,0.47700000000000004,0.003179650238473768
2016,Joseph Cheek,OG,Texas A&M,6-6,295.0,5.27,,20.0,,,,False,,,,32.75,0,0.09941520467836257,0.011695906432748537,171.0,393.0,76.8,0.349,0.486,0.0017730496453900709
2016,Joshua Garnett,OG,Stanford,6-4,312.0,5.32,29.0,30.0,99.0,7.62,4.64,True,1.0,28.0,,33.88,0,0.06470588235294118,0.01764705882352941,170.0,557.0,96.3,0.7490000000000001,0.185,0.002751031636863824
2016,Graham Glasgow,C,Michigan,6-6,307.0,5.13,25.0,23.0,106.0,7.63,4.63,True,3.0,95.0,,,1,0.03932584269662921,0.0,178.0,419.0,85.5,0.632,0.198,0.0016750418760469012
2016,Darrell Greene,OG,San Diego State,6-3,321.0,5.2,21.5,28.0,98.0,8.07,4.98,False,,,,31.62,0,0.03125,0.0,32.0,329.0,94.3,0.599,0.225,0.0
2016,Nila Kasitati,OG,Oklahoma,6-3,317.0,5.32,27.5,12.0,107.0,8.3,4.83,False,,,,32.0,0,0.07751937984496124,0.0,129.0,411.0,86.5,0.382,0.418,0.001851851851851852
2016,Ryan Kelly,C,Alabama,6-4,311.0,5.03,30.0,26.0,103.0,7.58,4.59,True,1.0,18.0,,,1,0.06140350877192982,0.0,114.0,519.0,81.4,0.358,0.545,0.0
2016,Nick Martin,C,Notre Dame,6-4,299.0,5.22,28.0,28.0,97.0,7.57,4.72,True,2.0,50.0,,,1,0.018867924528301886,0.0,159.0,393.0,90.2,0.366,0.491,0.005434782608695652
2016,Connor McGovern,OG,Missouri,6-4,306.0,5.11,33.0,33.0,109.0,7.5,4.65,True,5.0,144.0,,32.88,0,0.0783132530120482,0.012048192771084338,166.0,342.0,78.7,0.292,0.506,0.003937007874015748
2016,Alex Redmond,OG,UCLA,6-5,294.0,5.3,28.0,30.0,111.0,7.75,4.9,False,,,,33.25,0,0.06741573033707865,0.0,178.0,346.0,85.2,0.442,0.46,0.009541984732824428
2016,Isaac Seumalo,OG,Oregon State,6-4,303.0,5.19,26.0,,105.0,7.4,4.52,True,3.0,79.0,,33.0,0,0.017241379310344827,0.0,116.0,401.0,94.4,0.284,0.551,0.0038684719535783366
2016,Matt Skura,C,Duke,6-3,305.0,5.39,24.0,27.0,103.0,7.89,4.76,False,,,,,1,0.03225806451612903,0.0,217.0,466.0,93.3,0.23,0.47,0.0
2016,Sebastian Tretola,OG,Arkansas,6-4,314.0,5.45,23.5,22.0,90.0,7.94,5.02,True,6.0,193.0,,31.5,0,0.06896551724137931,0.020689655172413793,145.0,468.0,92.0,0.534,0.233,0.0
2016,Max Tuerk,C,USC,6-5,298.0,5.12,,22.0,,,,True,3.0,66.0,,,1,0.015625,0.015625,64.0,99.0,88.1,0.495,0.485,0.012269938650306749
2016,Landon Turner,OG,North Carolina,6-4,330.0,5.58,19.0,30.0,88.0,,,False,,,,32.88,0,0.05185185185185185,0.007407407407407408,135.0,446.0,92.0,0.321,0.511,0.0
2016,Christian Westerman,OG,Arizona State,6-3,298.0,5.12,,34.0,98.0,7.69,4.71,True,5.0,161.0,,33.5,0,0.0319634703196347,0.0,219.0,484.0,78.6,0.397,0.49,0.0
2017,Isaac Asiata,OG,Utah,6-3,323.0,5.34,25.5,35.0,102.0,7.83,4.93,True,5.0,164.0,5.44,33.75,0,0.03205128205128205,0.019230769230769232,156.0,507.0,81.9,0.444,0.501,0.0030165912518853697
2017,Erik Austell,OG,Charleston Southern,6-3,301.0,5.23,27.5,24.0,107.0,8.13,4.9,False,,,,32.0,0,,,,,,,,
2017,Zach Banner,OG,USC,6-8,353.0,5.58,23.5,22.0,92.0,8.31,5.21,True,4.0,137.0,,34.88,0,0.06622516556291391,0.013245033112582781,151.0,344.0,71.8,0.40700000000000003,0.529,0.00808080808080808
2017,Ben Braden,OG,Michigan,6-6,329.0,5.04,28.0,25.0,102.0,7.85,4.9,False,,,9.06,34.0,0,0.09448818897637795,0.0,127.0,415.0,70.3,0.619,0.222,0.0018450184501845018
2017,Aviante Collins,OG,TCU,6-4,295.0,4.81,,34.0,,,,False,,,,33.38,0,0.08849557522123894,0.017699115044247787,226.0,398.0,63.3,0.21100000000000002,0.721,0.014423076923076924
2017,Ethan Cooper,OG,Indiana (PA),6-2,322.0,5.36,24.5,26.0,99.0,8.02,4.88,False,,,,32.62,0,,,,,,,,
2017,Dion Dawkins,OG,Temple,6-4,314.0,5.11,26.0,26.0,106.0,7.3,4.78,True,2.0,63.0,,35.0,0,0.04878048780487805,0.006097560975609756,164.0,492.0,72.0,0.41700000000000004,0.429,0.003048780487804878
2017,Jessamen Dunker,OG,Tennessee State,6-4,318.0,4.98,28.5,23.0,108.0,,,False,,,,33.5,0,,,,,,,,
2017,Pat Elflein,C,Ohio State,6-3,303.0,5.32,23.5,22.0,99.0,7.94,4.71,True,3.0,70.0,2.21,,1,0.04878048780487805,0.012195121951219513,164.0,459.0,88.2,0.355,0.56,0.006420545746388443
2017,Jermaine Eluemunor,OG,Texas A&M,6-4,332.0,5.22,,34.0,,,,True,5.0,159.0,,33.25,0,0.10236220472440945,0.015748031496062992,127.0,351.0,68.8,0.20800000000000002,0.698,0.0041841004184100415
2017,Dan Feeney,OG,Indiana,6-4,305.0,5.24,28.0,26.0,101.0,7.52,4.68,True,3.0,71.0,7.73,33.38,0,0.05714285714285714,0.009523809523809525,105.0,332.0,83.0,0.413,0.557,0.004576659038901602
2017,Kyle Fuller,C,Baylor,6-5,307.0,5.24,26.0,23.0,96.0,7.71,4.84,True,7.0,243.0,5.15,,1,0.0,0.0,53.0,507.0,67.5,0.493,0.436,0.010714285714285714
2017,Avery Gennesy,OG,Texas A&M,6-3,318.0,5.35,20.0,24.0,91.0,8.08,5.0,False,,,,33.62,0,0.07633587786259542,0.0,131.0,388.0,58.1,0.21100000000000002,0.691,0.007707129094412331
2017,Sean Harlow,OG,Oregon State,6-4,303.0,5.15,30.5,26.0,105.0,8.16,4.81,True,4.0,136.0,,32.0,0,0.12307692307692308,0.015384615384615385,65.0,306.0,82.1,0.268,0.634,0.005390835579514825
2017,Danny Isidora,OG,Miami (FL),6-3,306.0,5.03,29.0,26.0,94.0,8.13,4.9,True,5.0,180.0,6.58,33.0,0,0.023952095808383235,0.011976047904191617,167.0,365.0,73.0,0.326,0.611,0.0
2017,Dorian Johnson,OG,Pittsburgh,6-5,300.0,5.27,30.0,21.0,114.0,8.39,5.09,True,4.0,115.0,5.82,35.25,0,0.02247191011235955,0.0,89.0,469.0,75.7,0.19,0.507,0.0
2017,Forrest Lamp,OG,Western Kentucky,6-4,309.0,5.0,27.5,34.0,111.0,7.55,4.62,True,2.0,38.0,,32.25,0,0.009009009009009009,0.0,111.0,320.0,85.7,0.509,0.391,0.002320185614849188
2017,Cameron Lee,OG,Illinois State,6-5,312.0,5.44,25.5,18.0,100.0,8.02,4.75,False,,,3.16,33.88,0,,,,,,,,
2017,Corey Levin,OG,Tenn-Chattanooga,6-4,307.0,5.16,26.5,26.0,106.0,7.55,4.73,True,6.0,217.0,,33.5,0,,,,,,,,
2017,Damien Mama,OG,USC,6-3,334.0,5.84,24.5,,96.0,8.51,5.38,False,,,0.42,35.0,0,0.042682926829268296,0.0,164.0,365.0,74.7,0.395,0.512,0.005671077504725898
2017,Jordan Morgan,OG,Kutztown Pennsylvania,6-3,309.0,5.36,27.0,21.0,102.0,8.13,4.73,True,5.0,147.0,,34.62,0,,,,,,,,
2017,Tyler Orlosky,C,West Virginia,6-3,298.0,,,24.0,,,,False,,,1.97,,1,0.02072538860103627,0.0,193.0,515.0,70.2,0.237,0.6759999999999999,0.0014124293785310734
2017,Ethan Pocic,C,LSU,6-6,310.0,5.15,27.0,26.0,107.0,7.89,4.81,True,2.0,58.0,7.79,,1,0.0625,0.0,112.0,410.0,79.0,0.441,0.429,0.007662835249042145
2017,Chase Roullier,C,Wyoming,6-4,312.0,5.54,26.5,19.0,97.0,7.6,4.47,True,6.0,199.0,3.28,,1,0.00558659217877095,0.0,179.0,549.0,81.9,0.745,0.16899999999999998,0.0
2017,Nico Siragusa,OG,San Diego State,6-4,319.0,5.35,32.0,28.0,110.0,7.71,4.56,True,4.0,122.0,9.28,33.5,0,0.02197802197802198,0.01098901098901099,91.0,558.0,83.8,0.523,0.321,0.0015408320493066256
2017,Nate Theaker,OG,Wayne State (MI),6-5,315.0,5.41,27.0,23.0,105.0,7.97,4.89,False,,,,32.62,0,,,,,,,,
2017,Jon Toth,C,Kentucky,6-5,307.0,5.51,25.5,21.0,100.0,8.09,4.84,False,,,,,1,0.0375,0.0,160.0,492.0,80.5,0.34600000000000003,0.62,0.0015337423312883436
2018,Brian Allen,C,Michigan State,6-1,298.0,5.34,26.5,27.0,99.0,7.81,4.71,True,4.0,111.0,4.05,,1,0.03208556149732621,0.0,187.0,457.0,80.7,0.569,0.298,0.004658385093167702
2018,Will Clapp,C,LSU,6-4,311.0,5.39,29.0,25.0,97.0,8.04,4.92,True,7.0,245.0,,,1,0.046511627906976744,0.007751937984496124,129.0,495.0,76.5,0.45899999999999996,0.36200000000000004,0.0016025641025641025
2018,Mason Cole,C,Michigan,6-4,307.0,5.23,23.5,23.0,104.0,7.77,4.78,True,3.0,97.0,6.32,,1,0.059782608695652176,0.010869565217391304,184.0,467.0,75.9,0.604,0.298,0.0030721966205837174
2018,Austin Corbett,OG,Nevada,6-4,306.0,5.15,28.0,19.0,106.0,7.87,4.5,True,2.0,33.0,8.42,33.12,0,0.043243243243243246,0.010810810810810811,185.0,315.0,68.6,0.20600000000000002,0.752,0.004
2018,James Daniels,C,Iowa,6-3,306.0,,30.5,21.0,108.0,7.29,4.4,True,2.0,39.0,8.57,,1,0.024,0.008,125.0,398.0,91.1,0.20600000000000002,0.7190000000000001,0.0057361376673040155
2018,Jamil Demby,OG,Maine,6-4,319.0,5.58,23.5,17.0,98.0,7.86,4.95,True,6.0,192.0,2.25,33.75,0,,,,,,,,
2018,Colby Gossett,OG,Appalachian State,6-5,311.0,5.2,25.0,32.0,103.0,7.6,4.83,True,6.0,213.0,7.42,33.88,0,0.075,0.0,80.0,477.0,75.9,0.048,0.9059999999999999,0.003590664272890485
2018,Taylor Hearn,OG,Clemson,6-4,320.0,5.45,24.0,18.0,96.0,7.84,4.8,False,,,2.85,32.5,0,0.06837606837606838,0.017094017094017096,117.0,358.0,70.8,0.441,0.489,0.0
2018,Will Hernandez,OG,Texas-El Paso,6-2,327.0,5.15,24.0,37.0,104.0,7.59,4.7,True,2.0,34.0,8.83,32.0,0,0.017045454545454544,0.0,176.0,285.0,82.6,0.40700000000000003,0.47,0.004338394793926247
2018,Sam Jones,OG,Arizona State,6-5,305.0,5.32,27.0,28.0,101.0,7.92,4.86,True,6.0,183.0,4.88,31.0,0,0.043478260869565216,0.005434782608695652,184.0,469.0,64.5,0.354,0.595,0.0030627871362940277
2018,K.J. Malone,OG,LSU,6-4,303.0,5.34,29.5,15.0,103.0,,,False,,,5.84,33.5,0,0.12903225806451613,0.016129032258064516,62.0,203.0,72.7,0.39899999999999997,0.429,0.0
2018,Kc McDermott,OG,Miami (FL),6-6,311.0,5.35,23.5,26.0,97.0,7.72,4.82,False,,,,32.5,0,0.046875,0.010416666666666666,192.0,339.0,77.3,0.174,0.7020000000000001,0.003766478342749529
2018,Quenton Nelson,OG,Notre Dame,6-5,325.0,,26.5,35.0,105.0,7.65,4.62,True,1.0,6.0,9.68,33.75,0,0.022222222222222223,0.005555555555555556,180.0,453.0,92.0,0.48100000000000004,0.433,0.001579778830963665
2018,Skyler Phillips,OG,Idaho State,6-3,318.0,5.1,29.0,,104.0,7.95,4.69,False,,,8.24,33.0,0,,,,,,,,
2018,Billy Price,C,Ohio State,6-4,305.0,,,,,,,True,1.0,21.0,,,1,0.0472972972972973,0.013513513513513514,148.0,442.0,74.0,0.27399999999999997,0.67,0.0
2018,Scott Quessenberry,C,UCLA,6-4,310.0,5.09,33.5,25.0,111.0,7.5,4.69,True,5.0,155.0,9.15,,1,0.05154639175257732,0.005154639175257732,194.0,349.0,76.9,0.298,0.5529999999999999,0.003683241252302026
2018,Frank Ragnow,C,Arkansas,6-5,312.0,,,26.0,,,,True,1.0,20.0,9.93,,1,0.00980392156862745,0.0,102.0,232.0,90.8,0.595,0.259,0.005988023952095809
2018,Coleman Shelton,C,Washington,6-3,292.0,5.24,26.5,,110.0,7.62,4.59,False,,,7.69,,1,0.013157894736842105,0.006578947368421052,152.0,375.0,68.2,0.499,0.43700000000000006,0.0018975332068311196
2018,Braden Smith,OG,Auburn,6-6,315.0,5.22,33.5,35.0,113.0,,4.77,True,2.0,37.0,,32.25,0,0.028409090909090908,0.017045454545454544,176.0,520.0,79.7,0.344,0.569,0.0
2018,Wyatt Teller,OG,Virginia Tech,6-4,314.0,5.24,29.0,30.0,114.0,7.45,4.84,True,5.0,166.0,8.8,34.0,0,0.03773584905660377,0.0,106.0,488.0,75.0,0.381,0.512,0.0016835016835016834
2018,Salesi Uhatafe,OG,Utah,6-5,310.0,5.4,28.0,,109.0,7.7,4.9,False,,,7.65,33.0,0,0.038461538461538464,0.0,130.0,426.0,68.1,0.444,0.47700000000000004,0.008992805755395683
2018,Sean Welsh,C,Iowa,6-3,306.0,5.43,25.0,20.0,103.0,7.9,4.81,False,,,3.59,,1,0.08527131782945736,0.007751937984496124,129.0,427.0,73.9,0.21100000000000002,0.71,0.0017985611510791368
2018,Isaiah Wynn,OG,Georgia,6-3,313.0,,,,,,,True,1.0,23.0,,33.38,0,0.023076923076923078,0.007692307692307693,130.0,557.0,90.9,0.251,0.639,0.001455604075691412
2021,Drew Dalman,C,Stanford,6-3,299.0,5.11,33.0,33.0,109.0,7.33,4.52,True,4.0,114.0,9.92,,1,0.045454545454545456,0.0,88.0,179.0,90.1,0.35200000000000004,0.525,0.003745318352059925
2021,Drake Jackson,C,Kentucky,6-1,293.0,,31.0,,,,,False,,,,,1,0.020618556701030927,0.0,97.0,393.0,85.4,0.293,0.654,0.0020408163265306124
2021,Josh Myers,C,Ohio St.,6-5,310.0,,,29.0,,,,True,2.0,62.0,,,1,0.045871559633027525,0.009174311926605505,109.0,248.0,63.9,0.165,0.782,0.0
2022,Blaise Andries,OG,Minnesota,6-6,308.0,5.1,30.5,,106.0,7.84,4.68,False,,,9.8,33.88,0,0.056818181818181816,0.0,88.0,529.0,83.9,0.524,0.44,0.0016207455429497568
2022,Ben Brown,C,Mississippi,6-5,312.0,,,,,,,False,,,,,1,0.1,0.03333333333333333,30.0,203.0,69.6,0.335,0.596,0.008583690987124463
2022,Logan Bruss,OG,Wisconsin,6-5,309.0,5.32,31.0,,112.0,7.57,4.55,True,3.0,104.0,,33.12,0,0.06896551724137931,0.0,116.0,372.0,82.8,0.33899999999999997,0.565,0.0020491803278688526
2022,Spencer Burford,OG,Texas-San Antonio,6-4,304.0,5.19,27.5,,105.0,,4.73,True,4.0,134.0,,34.75,0,0.09900990099009901,0.019801980198019802,101.0,358.0,77.5,0.36,0.5529999999999999,0.004357298474945534
2022,Ja'Tyre Carter,OG,Southern,6-3,311.0,5.13,30.0,,108.0,7.84,4.9,True,7.0,226.0,,33.62,0,,,,,,,,
2022,Dawson Deaton,C,Texas Tech,6-6,306.0,5.12,29.0,24.0,108.0,7.52,4.49,True,7.0,246.0,9.72,,1,0.02727272727272727,0.00909090909090909,110.0,299.0,69.5,0.324,0.622,0.004889975550122249
2022,William Dunkle,OG,San Diego St.,6-5,328.0,5.44,26.0,25.0,95.0,7.97,4.91,False,,,4.8,33.62,0,0.046511627906976744,0.0,129.0,491.0,98.8,0.281,0.672,0.01129032258064516
2022,Joshua Ezeudu,OG,North Carolina,6-4,308.0,5.19,28.5,,105.0,7.83,4.56,True,3.0,67.0,8.29,34.0,0,0.09016393442622951,0.00819672131147541,122.0,308.0,83.0,0.37,0.435,0.013953488372093023
2022,Luke Fortner,C,Kentucky,6-4,307.0,5.21,24.0,,102.0,7.75,4.95,True,3.0,65.0,6.95,,1,0.020689655172413793,0.006896551724137931,145.0,419.0,84.5,0.33399999999999996,0.539,0.0017730496453900709
2022,Luke Goedeke,OG,Central Michigan,6-5,312.0,,,26.0,,,,True,2.0,57.0,,32.25,0,0.016260162601626018,0.0,123.0,317.0,94.3,0.41600000000000004,0.536,0.006818181818181818
2022,Kenyon Green,OG,Texas A&M,6-4,323.0,5.24,26.0,20.0,102.0,,5.12,True,1.0,15.0,5.93,34.12,0,0.024539877300613498,0.006134969325153374,163.0,333.0,83.3,0.24600000000000002,0.727,0.012096774193548387
2022,Marquis Hayes,OG,Oklahoma,6-5,318.0,5.3,23.5,,102.0,,,True,7.0,257.0,6.34,34.88,0,0.03937007874015748,0.015748031496062992,127.0,356.0,76.8,0.435,0.49200000000000005,0.014492753623188406
2022,Chasen Hines,C,LSU,6-3,327.0,5.22,30.5,,108.0,,,True,6.0,210.0,6.53,,1,0.054945054945054944,0.02197802197802198,91.0,164.0,70.6,0.396,0.537,0.00392156862745098
2022,Ed Ingram,OG,LSU,6-3,307.0,5.02,20.5,,102.0,7.81,4.76,True,2.0,59.0,7.35,33.62,0,0.04938271604938271,0.006172839506172839,162.0,322.0,68.6,0.435,0.5,0.002066115702479339
2022,Zion Johnson,OG,Boston Col.,6-3,312.0,5.18,32.0,32.0,112.0,7.38,4.46,True,1.0,17.0,9.73,34.0,0,0.02586206896551724,0.008620689655172414,116.0,413.0,84.4,0.32899999999999996,0.596,0.001890359168241966
2022,Cameron Jurgens,C,Nebraska,6-3,303.0,4.92,,25.0,,,,True,2.0,51.0,9.66,,1,0.02702702702702703,0.0,148.0,378.0,71.5,0.46799999999999997,0.484,0.009505703422053232
2022,Darian Kinnard,OG,Kentucky,6-5,322.0,5.31,25.0,,99.0,8.11,4.96,True,5.0,145.0,5.24,35.0,0,0.0364963503649635,0.0072992700729927005,137.0,411.0,91.8,0.341,0.535,0.0018248175182481751
2022,Tyler Linderbaum,C,Iowa,6-2,296.0,,,,,,,True,1.0,25.0,8.82,,1,0.011363636363636364,0.0,176.0,451.0,96.6,0.08,0.747,0.0
2022,Alec Lindstrom,C,Boston Col.,6-3,296.0,5.18,29.0,25.0,111.0,7.5,4.66,False,,,8.37,,1,0.017241379310344827,0.008620689655172414,116.0,419.0,68.4,0.325,0.601,0.003738317757009346
2022,Cade Mays,OG,Tennessee,6-5,311.0,5.24,26.0,,102.0,7.57,4.71,True,6.0,199.0,7.5,34.12,0,0.022222222222222223,0.0,45.0,221.0,73.3,0.43,0.475,0.0037593984962406013
2022,Marcus McKethan,OG,North Carolina,6-7,340.0,5.31,27.5,27.0,110.0,7.81,4.99,True,5.0,173.0,7.86,35.5,0,0.05714285714285714,0.014285714285714285,140.0,370.0,71.8,0.34299999999999997,0.47600000000000003,0.00980392156862745
2022,Dylan Parham,OG,Memphis,6-3,311.0,4.93,26.5,,108.0,7.78,4.7,True,3.0,90.0,8.78,33.12,0,0.046052631578947366,0.0,152.0,336.0,79.2,0.354,0.568,0.004098360655737705
2022,Chris Paul,OG,Tulsa,6-4,323.0,4.89,27.0,,109.0,7.74,4.83,True,7.0,230.0,9.45,33.62,0,0.11926605504587157,0.01834862385321101,109.0,316.0,63.4,0.408,0.5379999999999999,0.009411764705882352
2022,Sean Rhyan,OG,UCLA,6-5,321.0,5.25,33.5,,110.0,7.55,4.81,True,3.0,92.0,,32.38,0,0.04060913705583756,0.005076142131979695,197.0,409.0,86.1,0.616,0.32299999999999995,0.0033003300330033004
2022,Tyrese Robinson,OG,Oklahoma,6-3,317.0,5.25,22.5,,100.0,8.35,4.94,False,,,3.03,33.12,0,0.04,0.032,125.0,331.0,73.2,0.447,0.483,0.0043859649122807015
2022,Jamaree Salyer,OG,Georgia,6-3,321.0,,,31.0,,,,True,6.0,195.0,5.69,33.62,0,0.027777777777777776,0.0,72.0,284.0,62.0,0.426,0.46799999999999997,0.011235955056179775
2022,Justin Shaffer,OG,Georgia,6-4,314.0,5.14,25.5,,107.0,,,True,6.0,190.0,7.46,33.25,0,0.08943089430894309,0.016260162601626018,123.0,431.0,76.8,0.439,0.46399999999999997,0.005415162454873646
2022,Lecitus Smith,OG,Virginia Tech,6-3,314.0,5.18,,23.0,99.0,7.88,4.78,True,6.0,215.0,6.48,31.88,0,0.06382978723404255,0.010638297872340425,94.0,297.0,71.4,0.384,0.535,0.0076726342710997444
2022,Cole Strange,OG,Tennessee-Chattanooga,6-5,307.0,5.03,28.0,31.0,120.0,7.44,4.5,True,1.0,29.0,,33.0,0,,,,,,,,
2022,Zach Thomas,OG,San Diego St.,6-5,308.0,4.96,22.5,21.0,107.0,7.4,4.65,False,,,,,0,0.064,0.024,125.0,463.0,89.6,0.27399999999999997,0.6779999999999999,0.0017006802721088435
2022,Zach Tom,C,Wake Forest,6-4,304.0,4.94,33.0,,118.0,7.32,4.47,True,4.0,140.0,,,1,0.028688524590163935,0.00819672131147541,244.0,431.0,79.2,0.48,0.469,0.005925925925925926
2022,Cordell Volson,OG,North Dakota St.,6-6,315.0,5.27,25.0,25.0,104.0,8.31,4.93,True,4.0,136.0,6.04,33.88,0,,,,,,,,
2022,Luke Wattenberg,C,Washington,6-4,299.0,5.2,29.5,,113.0,7.45,4.57,True,5.0,171.0,9.64,,1,0.04784688995215311,0.004784688995215311,209.0,326.0,71.6,0.46299999999999997,0.451,0.001869158878504673
2022,Dohnovan West,C,Arizona St.,6-3,296.0,5.27,28.0,,112.0,,,False,,,6.99,,1,0.02877697841726619,0.007194244604316547,139.0,388.0,72.6,0.369,0.534,0.0
2023,Alan Ali,C,TCU,6-4,301.0,,26.5,,,,,False,,,3.78,,1,0.08695652173913043,0.006211180124223602,161.0,481.0,62.6,0.374,0.509,0.001557632398753894
2023,Jake Andrews,C,Troy,6-3,305.0,5.15,26.0,,102.0,,4.73,True,4.0,107.0,7.57,,1,0.049079754601226995,0.012269938650306749,163.0,424.0,77.1,0.564,0.35600000000000004,0.0017035775127768314
2023,Steve Avila,OG,TCU,6-4,332.0,5.21,29.5,,98.0,7.85,4.74,False,,,8.44,33.0,0,0.030864197530864196,0.0,162.0,480.0,66.6,0.373,0.508,0.0
2023,Henry Bainivalu,OG,Washington,6-6,306.0,5.5,28.0,,101.0,8.34,4.97,False,,,4.57,34.0,0,0.02617801047120419,0.005235602094240838,191.0,317.0,65.9,0.312,0.615,0.001968503937007874
2023,TJ Bass,OG,Oregon,6-4,317.0,5.48,28.5,,109.0,,,False,,,8.16,32.38,0,0.08527131782945736,0.0,129.0,431.0,78.0,0.594,0.325,0.0017857142857142857
2023,Anthony Bradford,OG,LSU,6-4,332.0,5.08,30.0,,106.0,7.84,4.8,True,4.0,108.0,9.78,33.5,0,0.0335195530726257,0.01675977653631285,179.0,308.0,70.0,0.308,0.617,0.002053388090349076
2023,Nick Broeker,OG,Mississippi,6-4,305.0,5.27,,,,7.75,4.7,True,7.0,230.0,8.16,32.5,0,0.09615384615384616,0.0,104.0,544.0,62.0,0.43,0.517,0.0030864197530864196
2023,McClendon Curtis,OG,Tennessee-Chattanooga,6-6,324.0,5.24,26.5,,105.0,7.7,4.97,False,,,,35.0,0,,,,,,,,
2023,Alex Forsyth,C,Oregon,6-4,303.0,,20.5,,95.0,,,True,7.0,257.0,,,1,0.00909090909090909,0.0,110.0,397.0,70.3,0.602,0.33,0.0
2023,Jon Gaines,OG,UCLA,6-4,303.0,5.01,32.5,,114.0,7.31,4.45,False,,,9.61,,0,0.05405405405405406,0.006756756756756757,148.0,429.0,76.7,0.42200000000000004,0.534,0.0034662045060658577
2023,Jovaughn Gwyn,OG,South Carolina,6-2,297.0,5.12,27.5,,109.0,7.9,4.8,False,,,7.76,31.75,0,0.07179487179487179,0.010256410256410256,195.0,325.0,65.2,0.557,0.308,0.0057692307692307696
2023,Emil Ekiyor Jr.,OG,Alabama,6-3,314.0,,,,,,,False,,,,33.88,0,0.043209876543209874,0.0,162.0,291.0,70.1,0.292,0.677,0.0
2023,Jaxson Kirkland,OG,Washington,6-7,321.0,,,,,,,False,,,4.9,33.5,0,0.028901734104046242,0.0,173.0,250.0,73.2,0.292,0.648,0.002364066193853428
2023,Brent Laing,OG,Duluth/University of Minnesota,6-4,304.0,,,,,,,False,,,,32.38,0,,,,,,,,
2023,Tashawn Manning,OG,Kentucky,6-3,327.0,5.34,27.5,,102.0,7.9,4.8,False,,,6.23,34.5,0,0.07142857142857142,0.03571428571428571,140.0,349.0,68.7,0.48100000000000004,0.42100000000000004,0.0
2023,Jordan McFadden,OG,Clemson,6-2,303.0,4.99,28.5,,,7.7,4.81,True,5.0,156.0,7.68,34.0,0,0.050359712230215826,0.014388489208633094,139.0,461.0,67.0,0.43200000000000005,0.46,0.0033333333333333335
2023,Olusegun Oluwatimi,C,Michigan,6-3,309.0,5.38,29.0,,110.0,,,False,,,7.93,,1,0.040229885057471264,0.0,174.0,507.0,83.5,0.607,0.35100000000000003,0.0014684287812041115
2023,Jarrett Patterson,C,Notre Dame,6-5,306.0,5.33,29.5,,106.0,7.96,4.73,True,6.0,201.0,7.41,,1,0.04477611940298507,0.0,134.0,445.0,70.3,0.575,0.337,0.0
2023,Nick Saldiveri,OG,Old Dominion,6-6,318.0,5.21,31.0,,111.0,,4.69,False,,,,33.25,0,0.06756756756756757,0.0,222.0,236.0,61.5,0.445,0.521,0.006550218340611353
2023,John Michael Schmitz,C,Minnesota,6-4,301.0,5.35,29.5,,104.0,,4.56,False,,,7.9,,1,0.03773584905660377,0.009433962264150943,106.0,465.0,92.4,0.42200000000000004,0.546,0.0017513134851138354
2023,Juice Scruggs,C,Penn St.,6-3,301.0,5.22,32.0,,102.0,7.75,4.82,True,2.0,62.0,8.0,,1,0.043478260869565216,0.005434782608695652,184.0,406.0,69.9,0.41100000000000003,0.534,0.001694915254237288
2023,Sidy Sow,OG,Eastern Michigan,6-5,323.0,5.07,32.0,,110.0,7.62,4.69,False,,,9.69,33.62,0,0.058823529411764705,0.0106951871657754,187.0,447.0,78.4,0.642,0.306,0.0
2023,Ricky Stromberg,C,Arkansas,6-3,306.0,5.26,32.5,,111.0,,,True,3.0,97.0,9.6,,1,0.0472972972972973,0.0,148.0,482.0,83.7,0.16399999999999998,0.745,0.0015873015873015873
2023,Joe Tippmann,C,Wisconsin,6-6,313.0,,,,,,,True,2.0,43.0,,,1,0.022988505747126436,0.005747126436781609,174.0,399.0,78.2,0.581,0.33299999999999996,0.008726003490401396
2023,O'Cyrus Torrence,OG,Florida,6-5,330.0,5.31,23.5,,101.0,,4.81,True,2.0,59.0,6.12,33.88,0,0.049586776859504134,0.0,121.0,343.0,89.9,0.27699999999999997,0.644,0.0
2023,Andrew Vorhees,OG,USC,6-6,310.0,,29.0,,105.0,,,True,7.0,229.0,,32.12,0,0.06164383561643835,0.0136986301369863,146.0,284.0,82.5,0.45399999999999996,0.45799999999999996,0.011627906976744186
2023,Luke Wypler,C,Ohio St.,6-3,303.0,5.14,30.5,,106.0,7.64,4.53,True,6.0,190.0,9.31,,1,0.028901734104046242,0.005780346820809248,173.0,378.0,81.0,0.267,0.6559999999999999,0.0018148820326678765
