Year,Player,Pos,School,Height,Weight,40yd,Vertical,Bench,Broad Jump,3Cone,Shuttle,Drafted,Round,Pick,RAS,arm_length_inches,true_pass_set_pass_rush_win_rate,pass_rush_win_rate,snap_counts_pass_rush,stop_percent,missed_tackle_rate,avg_depth_of_tackle,snap_counts_run,forced_fumbles,yards_per_coverage_snap,forced_incompletion_rate,snap_counts_coverage,coverage_percent,interceptions,pass_break_ups,coverage_snaps_per_target,INT_rate,PBU_rate
2015,Kwon Alexander,OLB,LSU,6-1,227.0,4.55,36.0,24.0,121.0,7.14,4.2,True,4.0,124.0,,30.25,29.2,12.5,75.0,9.7,13.3,3.1,312.0,2.0,0.6,0.0,245.0,76.6,0.0,0.0,9.2,0.0,0.0
2015,Stephone Anthony,ILB,Clemson,6-3,243.0,4.56,37.0,23.0,122.0,7.07,4.03,True,1.0,31.0,,32.5,22.2,17.6,55.0,8.4,7.1,3.2,316.0,2.0,0.5,8.8,358.0,86.7,1.0,3.0,10.0,0.002793296089385475,0.008379888268156424
2015,Neiron Ball,OLB,Florida,6-2,236.0,4.65,,22.0,,,,True,5.0,161.0,,33.62,15.6,12.3,59.0,5.4,27.6,2.4,205.0,0.0,0.3,0.0,175.0,74.8,0.0,0.0,10.6,0.0,0.0
2015,Vic Beasley,OLB,Clemson,6-3,246.0,4.53,41.0,35.0,130.0,6.91,4.15,True,1.0,8.0,,32.5,20.6,14.3,315.0,6.8,9.1,0.2,238.0,0.0,-0.7,0.0,8.0,2.5,0.0,0.0,7.0,0.0,0.0
2015,Yannick Cudjoe-Virgil,OLB,Maryland,6-2,248.0,4.8,,25.0,,,,False,,,,,20.0,14.7,199.0,2.2,7.1,6.8,224.0,0.0,1.2,0.0,82.0,29.2,0.0,0.0,7.3,0.0,0.0
2015,Aaron Davis,OLB,Colorado State,6-0,225.0,4.95,29.0,16.0,107.0,7.38,4.37,False,,,,31.0,11.1,5.7,59.0,8.9,16.2,4.0,382.0,0.0,0.7,5.0,394.0,87.0,1.0,2.0,9.6,0.0025380710659898475,0.005076142131979695
2015,Paul Dawson,ILB,TCU,6-0,235.0,4.93,28.0,21.0,109.0,,4.49,True,3.0,99.0,,31.5,13.0,7.2,101.0,23.3,8.8,2.6,319.0,2.0,0.7,10.3,337.0,76.9,4.0,4.0,8.3,0.011869436201780416,0.011869436201780416
2015,Trey DePriest,ILB,Alabama,6-0,254.0,4.93,,,,,,False,,,,31.62,8.3,3.9,51.0,7.7,11.3,2.8,356.0,0.0,0.7,2.1,444.0,89.7,0.0,1.0,8.9,0.0,0.0022522522522522522
2015,Xzavier Dickson,OLB,Alabama,6-3,260.0,4.74,29.5,19.0,100.0,7.56,4.53,True,7.0,253.0,,33.5,17.0,9.4,318.0,8.7,10.3,3.9,210.0,0.0,0.4,0.0,33.0,9.4,0.0,0.0,15.5,0.0,0.0
2015,Kyle Emanuel,OLB,North Dakota State,6-3,255.0,4.77,34.0,27.0,120.0,7.1,4.25,True,5.0,153.0,,31.0,,,,,,,,,,,,,,,,,
2015,Dante Fowler,OLB,Florida,6-3,261.0,4.6,32.5,19.0,112.0,7.4,4.32,True,1.0,3.0,,33.75,28.9,15.4,325.0,7.6,12.2,2.4,281.0,1.0,0.0,0.0,59.0,15.4,0.0,0.0,18.7,0.0,0.0
2015,Alani Fua,OLB,BYU,6-5,238.0,4.73,34.5,18.0,118.0,6.83,4.15,False,,,,32.0,,,,,,,,,,,,,,,,,
2015,Markus Golden,OLB,Missouri,6-2,260.0,4.9,,,,,,True,2.0,58.0,,31.12,16.9,11.9,418.0,8.5,0.0,1.9,308.0,1.0,0.0,,4.0,0.9,0.0,0.0,,0.0,0.0
2015,Geneo Grissom,OLB,Oklahoma,6-3,262.0,4.81,37.0,20.0,117.0,7.24,4.38,True,3.0,97.0,,33.38,18.7,13.6,160.0,8.3,10.3,2.8,197.0,0.0,0.2,12.5,141.0,46.8,1.0,1.0,16.5,0.0070921985815602835,0.0070921985815602835
2015,Bryce Hager,ILB,Baylor,6-1,234.0,4.6,35.0,26.0,117.0,7.15,4.36,True,7.0,224.0,,31.38,0.0,2.7,118.0,12.0,7.4,3.2,381.0,0.0,0.4,0.0,395.0,77.0,1.0,0.0,13.4,0.002531645569620253,0.0
2015,Eli Harold,OLB,Virginia,6-3,247.0,4.6,35.0,,123.0,7.07,4.16,True,3.0,79.0,,33.0,16.8,10.7,454.0,5.9,15.0,2.1,364.0,0.0,0.0,0.0,1.0,0.2,1.0,0.0,1.0,1.0,0.0
2015,Ben Heeney,ILB,Kansas,6-0,231.0,4.59,33.5,19.0,120.0,6.68,4.0,True,5.0,140.0,,30.75,14.8,7.9,79.0,13.0,16.2,2.5,400.0,2.0,0.7,0.0,362.0,82.1,1.0,0.0,13.2,0.0027624309392265192,0.0
2015,Amarlo Herrera,ILB,Georgia,6-1,244.0,4.83,32.0,23.0,111.0,7.35,4.27,True,6.0,207.0,,32.75,9.1,9.5,65.0,7.2,9.4,5.5,393.0,1.0,1.0,2.6,324.0,83.3,1.0,1.0,7.9,0.0030864197530864196,0.0030864197530864196
2015,Jordan Hicks,OLB,Texas,6-1,236.0,4.68,38.0,20.0,124.0,6.78,4.15,True,3.0,84.0,,32.0,24.1,10.0,73.0,7.3,6.0,2.8,419.0,0.0,0.7,2.4,375.0,83.7,2.0,1.0,8.8,0.005333333333333333,0.0026666666666666666
2015,Zack Hodges,OLB,Harvard,6-2,250.0,4.68,33.5,,125.0,,4.65,False,,,,34.25,,,,,,,,,,,,,,,,,
2015,Mike Hull,OLB,Penn State,6-0,237.0,4.68,,31.0,,6.99,4.15,False,,,,30.5,8.8,5.0,83.0,14.0,5.9,4.3,351.0,0.0,0.4,7.1,348.0,80.7,1.0,2.0,12.1,0.0028735632183908046,0.005747126436781609
2015,Taiwan Jones,ILB,Michigan State,6-3,245.0,4.95,32.0,19.0,115.0,7.25,4.33,False,,,,29.5,18.2,11.0,76.0,10.6,9.6,1.6,250.0,0.0,0.2,13.3,288.0,79.1,1.0,2.0,17.8,0.003472222222222222,0.006944444444444444
2015,Eric Kendricks,ILB,UCLA,6-0,232.0,4.61,38.0,19.0,124.0,,,True,2.0,45.0,,31.0,14.3,5.7,57.0,9.9,12.2,4.0,436.0,0.0,0.9,1.4,549.0,90.6,3.0,1.0,7.4,0.00546448087431694,0.0018214936247723133
2015,Hau'oli Kikaha,OLB,Washington,6-2,253.0,4.93,,,,,,True,2.0,44.0,,32.5,20.2,15.5,353.0,5.9,10.0,3.5,383.0,0.0,0.2,0.0,225.0,38.9,0.0,0.0,11.0,0.0,0.0
2015,Lorenzo Mauldin,OLB,Louisville,6-4,259.0,4.85,32.0,23.0,112.0,7.47,4.58,True,3.0,82.0,,33.0,23.7,15.3,378.0,10.9,6.8,1.7,307.0,1.0,0.5,0.0,26.0,6.4,0.0,0.0,12.5,0.0,0.0
2015,Benardrick McKinney,ILB,Mississippi State,6-4,246.0,4.66,40.5,16.0,121.0,7.21,4.27,True,2.0,43.0,,33.0,8.7,4.8,66.0,10.9,7.0,3.0,251.0,0.0,0.8,2.9,317.0,82.8,0.0,1.0,9.1,0.0,0.0031545741324921135
2015,Mark Nzeocha,OLB,Wyoming,6-2,232.0,4.56,,24.0,,,,True,7.0,236.0,,33.0,16.7,8.7,25.0,6.2,13.3,4.2,232.0,1.0,0.5,17.6,194.0,88.6,0.0,3.0,11.2,0.0,0.015463917525773196
2015,Denzel Perryman,ILB,Miami (FL),5-11,236.0,4.78,32.0,27.0,113.0,,,True,2.0,48.0,,31.88,7.1,6.8,50.0,11.3,11.5,3.1,364.0,2.0,1.0,5.8,311.0,86.1,1.0,3.0,5.8,0.003215434083601286,0.00964630225080386
2015,Hayes Pullard,ILB,USC,6-0,240.0,4.78,31.0,19.0,110.0,7.07,4.39,True,7.0,219.0,,31.25,0.0,0.0,38.0,7.2,5.5,5.3,345.0,0.0,1.1,4.8,529.0,93.3,1.0,3.0,7.9,0.001890359168241966,0.005671077504725898
2015,Edmond Robinson,OLB,Newberry,6-3,245.0,4.61,37.0,20.0,121.0,7.49,4.38,True,7.0,232.0,,34.0,,,,,,,,,,,,,,,,,
2015,Jake Ryan,OLB,Michigan,6-2,240.0,4.65,34.5,20.0,120.0,7.11,4.2,True,4.0,129.0,,31.0,11.5,6.3,67.0,14.6,9.1,2.3,354.0,3.0,0.6,3.8,316.0,82.5,1.0,1.0,11.8,0.0031645569620253164,0.0031645569620253164
2015,Martrell Spaight,ILB,Arkansas,6-0,236.0,4.81,35.0,25.0,120.0,7.66,,True,5.0,141.0,,32.75,12.5,3.4,30.0,11.7,8.3,4.6,348.0,2.0,1.2,2.3,367.0,92.4,1.0,1.0,8.0,0.0027247956403269754,0.0027247956403269754
2015,J.R. Tavai,OLB,USC,6-2,249.0,4.91,30.5,20.0,112.0,,,False,,,,31.5,11.1,10.2,248.0,7.1,10.0,2.7,247.0,1.0,0.3,14.3,124.0,33.3,0.0,1.0,16.6,0.0,0.008064516129032258
2015,Shaq Thompson,OLB,Washington,6-0,228.0,4.64,33.5,,117.0,6.99,4.08,True,1.0,25.0,,33.0,11.1,9.5,21.0,7.3,5.4,4.0,266.0,2.0,0.4,0.0,405.0,95.1,1.0,0.0,12.8,0.0024691358024691358,0.0
2015,Davis Tull,OLB,Tenn-Chattanooga,6-2,246.0,4.57,42.5,26.0,132.0,,,True,5.0,148.0,,31.25,,,,,,,,,,,,,,,,,
2015,Max Valles,OLB,Virginia,6-5,251.0,4.83,36.5,,121.0,7.59,4.37,True,6.0,179.0,,32.62,13.4,8.6,371.0,6.4,13.3,2.8,363.0,0.0,0.8,0.0,87.0,19.0,1.0,0.0,14.0,0.011494252873563218,0.0
2015,Tony Washington,OLB,Oregon,6-4,247.0,4.99,32.5,17.0,110.0,7.2,4.31,False,,,,35.5,14.1,7.3,205.0,8.3,4.5,1.8,295.0,0.0,0.3,5.9,193.0,48.5,0.0,1.0,11.2,0.0,0.0051813471502590676
2015,Damien Wilson,ILB,Minnesota,6-0,245.0,4.77,37.0,22.0,119.0,7.21,4.2,True,4.0,127.0,,33.75,26.3,12.0,53.0,9.2,5.3,4.4,386.0,1.0,0.5,3.6,379.0,87.7,1.0,1.0,13.0,0.002638522427440633,0.002638522427440633
2015,Ramik Wilson,ILB,Georgia,6-2,237.0,4.77,35.0,23.0,111.0,,4.51,True,4.0,118.0,,33.0,11.1,11.8,51.0,9.7,6.0,3.7,342.0,1.0,1.1,2.8,276.0,84.4,0.0,1.0,7.4,0.0,0.0036231884057971015
2016,Dominique Alexander,ILB,Oklahoma,6-0,232.0,4.64,28.5,17.0,104.0,,,False,,,,32.25,6.7,7.7,40.0,9.9,9.2,2.7,457.0,0.0,0.3,8.3,472.0,92.2,1.0,2.0,18.7,0.00211864406779661,0.00423728813559322
2016,Devante Bond,OLB,Oklahoma,6-1,235.0,4.7,37.5,21.0,121.0,7.07,4.36,True,6.0,183.0,,32.38,16.3,10.1,105.0,8.5,5.6,5.2,237.0,0.0,0.4,28.6,89.0,45.9,0.0,2.0,12.1,0.0,0.02247191011235955
2016,Kentrell Brothers,OLB,Missouri,6-0,245.0,4.89,28.5,19.0,110.0,6.99,4.11,True,5.0,160.0,,30.75,19.2,12.7,58.0,15.8,8.3,3.3,411.0,1.0,0.7,11.4,359.0,86.1,2.0,3.0,7.7,0.005571030640668524,0.008356545961002786
2016,Beniquez Brown,OLB,Mississippi State,6-1,229.0,4.77,31.0,18.0,110.0,7.07,4.28,False,,,,31.38,16.1,13.6,91.0,7.9,10.8,3.2,371.0,0.0,1.1,2.9,331.0,78.4,1.0,1.0,9.4,0.0030211480362537764,0.0030211480362537764
2016,De'Vondre Campbell,OLB,Minnesota,6-4,232.0,4.58,34.0,16.0,116.0,,,True,4.0,115.0,,33.62,24.0,18.2,68.0,7.2,6.3,4.4,354.0,0.0,0.4,19.0,239.0,77.6,1.0,4.0,10.9,0.0041841004184100415,0.016736401673640166
2016,Su'A Cravens,OLB,USC,6-1,226.0,4.58,27.0,16.0,114.0,,,True,2.0,53.0,,32.12,15.6,7.5,109.0,6.9,9.4,6.3,398.0,0.0,0.6,6.1,341.0,75.8,2.0,2.0,9.8,0.005865102639296188,0.005865102639296188
2016,Steven Daniels,ILB,Boston Col.,5-11,243.0,4.86,32.0,16.0,112.0,7.33,4.54,True,7.0,232.0,,32.62,22.0,15.1,98.0,15.2,9.2,1.9,337.0,0.0,0.6,6.9,300.0,75.4,1.0,2.0,9.8,0.0033333333333333335,0.006666666666666667
2016,Kyler Fackrell,OLB,Utah State,6-5,245.0,4.72,34.5,15.0,121.0,,,True,3.0,88.0,,33.25,30.5,23.0,201.0,5.7,13.8,2.5,501.0,1.0,0.6,0.0,184.0,47.8,0.0,0.0,13.5,0.0,0.0
2016,Travis Feeney,OLB,Washington,6-4,230.0,4.5,40.0,,130.0,7.2,4.42,True,6.0,220.0,,33.38,10.3,9.9,200.0,9.9,4.8,4.1,244.0,0.0,0.5,11.1,108.0,35.1,0.0,1.0,11.6,0.0,0.009259259259259259
2016,Leonard Floyd,OLB,Georgia,6-6,244.0,4.6,39.5,,127.0,,,True,1.0,9.0,,33.12,28.8,26.8,183.0,8.5,11.1,3.3,360.0,0.0,0.7,5.6,155.0,45.9,0.0,1.0,8.4,0.0,0.0064516129032258064
2016,Josh Forrest,ILB,Kentucky,6-3,249.0,4.91,30.5,11.0,118.0,,,True,6.0,190.0,,33.5,25.6,19.8,85.0,4.8,14.1,4.6,428.0,0.0,0.5,21.4,315.0,78.8,2.0,5.0,10.9,0.006349206349206349,0.015873015873015872
2016,Kris Frost,OLB,Auburn,6-2,240.0,4.97,29.0,,113.0,,,False,,,,32.5,11.1,4.5,23.0,6.3,2.9,4.5,387.0,0.0,0.6,7.4,350.0,93.8,2.0,2.0,12.5,0.005714285714285714,0.005714285714285714
2016,B.J. Goodson,OLB,Clemson,6-1,242.0,4.69,34.5,30.0,118.0,7.05,4.51,True,4.0,109.0,,33.25,6.7,6.6,112.0,11.9,3.2,3.6,411.0,0.0,0.7,3.0,395.0,77.9,2.0,1.0,11.5,0.005063291139240506,0.002531645569620253
2016,Scooby Wright III,ILB,Arizona,6-0,239.0,4.9,31.0,22.0,113.0,,4.47,True,7.0,250.0,,30.5,20.0,19.2,26.0,11.9,8.0,3.1,104.0,1.0,0.5,0.0,40.0,60.6,0.0,0.0,18.5,0.0,0.0
2016,Myles Jack,OLB,UCLA,6-1,245.0,4.56,,19.0,,,,True,2.0,36.0,,33.62,0.0,0.0,7.0,3.3,0.0,11.6,93.0,0.0,0.4,16.7,100.0,93.5,1.0,1.0,7.8,0.01,0.01
2016,Jordan Jenkins,OLB,Georgia,6-3,259.0,4.8,36.5,16.0,121.0,,,True,3.0,83.0,,34.25,22.5,14.0,220.0,9.2,11.8,2.2,289.0,1.0,0.9,0.0,26.0,10.6,0.0,0.0,12.5,0.0,0.0
2016,C.J. Johnson,ILB,Mississippi,6-1,234.0,4.81,,,,,4.52,False,,,,32.75,23.7,15.1,89.0,12.2,8.6,3.1,174.0,1.0,0.2,0.0,125.0,58.4,2.0,0.0,10.8,0.016,0.0
2016,Deion Jones,OLB,LSU,6-1,222.0,4.59,33.0,,120.0,,,True,2.0,52.0,,32.38,20.8,12.3,63.0,8.6,18.8,4.5,283.0,0.0,1.0,3.5,397.0,86.3,2.0,2.0,6.6,0.005037783375314861,0.005037783375314861
2016,Raphael Kirby,ILB,Miami (FL),6-0,236.0,4.72,,27.0,,,,False,,,,31.0,0.0,6.3,19.0,4.1,4.2,7.3,148.0,0.0,0.9,0.0,193.0,91.0,0.0,0.0,8.0,0.0,0.0
2016,Nick Kwiatkoski,ILB,West Virginia,6-2,243.0,4.73,32.0,19.0,120.0,7.16,4.22,True,4.0,113.0,,31.75,7.3,8.1,143.0,8.8,12.5,3.1,386.0,1.0,0.7,11.1,317.0,68.9,3.0,4.0,8.4,0.00946372239747634,0.012618296529968454
2016,Darron Lee,OLB,Ohio State,6-1,232.0,4.47,35.5,17.0,133.0,7.12,4.2,True,1.0,20.0,,33.25,15.4,12.9,107.0,3.9,8.7,3.6,386.0,0.0,1.0,4.3,361.0,77.1,1.0,2.0,7.3,0.002770083102493075,0.00554016620498615
2016,Cory Littleton,OLB,Washington,6-3,238.0,4.73,29.5,,114.0,7.11,4.32,False,,,,33.38,19.2,13.1,264.0,6.4,9.8,3.0,304.0,0.0,0.6,0.0,106.0,28.6,0.0,0.0,7.8,0.0,0.0
2016,Steve Longa,ILB,Rutgers,6-1,241.0,4.78,32.0,19.0,116.0,7.5,4.56,False,,,,32.0,15.0,7.3,45.0,9.7,7.9,3.7,337.0,2.0,1.4,2.0,343.0,88.4,0.0,1.0,6.8,0.0,0.0029154518950437317
2016,Curt Maggitt,OLB,Tennessee,6-3,247.0,4.73,,,,,,False,,,,33.0,12.5,14.6,43.0,10.3,33.3,-2.0,29.0,0.0,3.7,0.0,3.0,6.5,0.0,0.0,3.0,0.0,0.0
2016,Blake Martinez,ILB,Stanford,6-2,237.0,4.71,28.5,22.0,113.0,6.98,4.2,True,4.0,131.0,,31.62,8.6,6.9,61.0,11.0,9.1,4.7,374.0,0.0,0.6,19.0,447.0,88.0,1.0,5.0,10.0,0.0022371364653243847,0.011185682326621925
2016,Tyler Matakevich,OLB,Temple,6-0,238.0,4.81,31.0,22.0,112.0,7.19,4.5,True,7.0,246.0,,31.25,13.0,8.5,63.0,12.6,17.0,2.9,362.0,0.0,1.1,10.3,476.0,88.1,5.0,3.0,7.8,0.01050420168067227,0.0063025210084033615
2016,Cassanova McKinzy,ILB,Auburn,6-1,248.0,4.83,,21.0,,,,False,,,,31.25,18.3,14.9,229.0,8.0,8.8,2.8,357.0,1.0,0.5,10.0,150.0,39.6,0.0,0.0,14.8,0.0,0.0
2016,Antonio Morrison,ILB,Florida,6-1,232.0,4.76,,,,,,True,4.0,125.0,,,0.0,8.7,46.0,7.4,18.5,3.3,372.0,0.0,0.9,3.4,331.0,87.8,0.0,1.0,10.9,0.0,0.0030211480362537764
2016,Jared Norris,ILB,Utah,6-1,241.0,4.8,29.5,19.0,114.0,,4.52,False,,,,31.5,4.8,6.6,127.0,7.4,12.9,4.3,307.0,1.0,0.8,14.0,386.0,75.2,0.0,6.0,8.7,0.0,0.015544041450777202
2016,Montese Overton,OLB,East Carolina,6-2,223.0,4.61,34.0,18.0,123.0,7.15,4.47,False,,,,32.75,,,,,,,,,,,,,,,,,
2016,Gionni Paul,ILB,Utah,5-10,231.0,5.05,31.0,22.0,113.0,,,False,,,,31.0,11.4,6.2,86.0,8.3,10.8,2.9,346.0,2.0,0.6,6.5,489.0,85.0,4.0,2.0,15.2,0.0081799591002045,0.00408997955010225
2016,Joshua Perry,ILB,Ohio State,6-4,254.0,4.68,33.5,20.0,124.0,,,True,4.0,102.0,,33.88,17.9,8.8,70.0,7.7,3.0,4.4,356.0,0.0,0.5,12.8,369.0,84.1,0.0,4.0,9.1,0.0,0.01084010840108401
2016,Reggie Ragland,ILB,Alabama,6-1,247.0,4.72,31.5,,116.0,,4.28,True,2.0,41.0,,32.0,12.7,11.7,108.0,9.8,12.9,3.1,331.0,1.0,0.7,8.7,366.0,77.2,0.0,4.0,7.6,0.0,0.01092896174863388
2016,Joe Schobert,OLB,Wisconsin,6-1,244.0,4.76,33.5,22.0,111.0,7.11,4.3,True,4.0,99.0,,31.5,29.3,20.3,190.0,7.7,17.0,2.5,296.0,2.0,0.3,15.4,182.0,48.9,1.0,2.0,13.3,0.005494505494505495,0.01098901098901099
2016,Jaylon Smith,OLB,Notre Dame,6-2,223.0,4.67,,,,,,True,2.0,34.0,,33.0,31.6,18.6,46.0,9.5,7.0,4.8,384.0,2.0,0.6,10.0,353.0,88.5,0.0,4.0,8.3,0.0,0.0113314447592068
2016,Terrance Smith,ILB,Florida State,6-3,235.0,4.77,34.5,19.0,120.0,,,False,,,,32.75,16.7,9.3,44.0,8.4,23.8,2.4,241.0,1.0,0.8,3.4,259.0,85.5,0.0,0.0,8.8,0.0,0.0
2016,Eric Striker,OLB,Oklahoma,5-11,227.0,4.8,30.0,23.0,116.0,7.3,4.46,False,,,,31.25,20.3,17.0,292.0,6.9,17.6,1.9,427.0,0.0,0.0,28.6,182.0,38.4,1.0,2.0,25.1,0.005494505494505495,0.01098901098901099
2016,Nick Vigil,ILB,Utah State,6-2,239.0,4.72,31.5,,115.0,6.73,4.0,True,3.0,87.0,,32.38,15.8,12.3,80.0,12.1,11.6,3.5,506.0,1.0,0.5,11.8,308.0,79.4,0.0,1.0,17.4,0.0,0.003246753246753247
2016,Stephen Weatherly,OLB,Vanderbilt,6-4,267.0,4.61,31.0,23.0,117.0,,,True,7.0,227.0,,34.5,15.8,10.1,281.0,6.1,7.5,1.5,349.0,2.0,0.2,16.7,123.0,30.4,0.0,1.0,19.3,0.0,0.008130081300813009
2017,Ryan Anderson,OLB,Alabama,6-2,253.0,4.78,,,,,,True,2.0,49.0,2.01,31.5,19.6,12.7,361.0,8.3,5.3,1.5,243.0,1.0,0.8,7.1,66.0,15.5,1.0,1.0,4.6,0.015151515151515152,0.015151515151515152
2017,Alex Anzalone,OLB,Florida,6-3,241.0,4.63,30.5,16.0,116.0,6.88,4.25,True,3.0,76.0,8.03,32.12,15.4,16.7,46.0,7.0,17.1,2.5,203.0,0.0,1.0,11.8,175.0,79.2,0.0,1.0,9.7,0.0,0.005714285714285714
2017,Kendell Beckwith,ILB,LSU,6-2,243.0,,,20.0,,,,True,3.0,107.0,,33.0,40.0,20.0,10.0,11.7,14.9,4.3,262.0,0.0,0.9,12.1,290.0,96.7,0.0,4.0,8.4,0.0,0.013793103448275862
2017,Vince Biegel,OLB,Wisconsin,6-3,246.0,4.67,33.5,21.0,118.0,6.92,4.3,True,4.0,108.0,8.81,32.38,24.5,19.4,242.0,8.5,8.8,2.4,202.0,0.0,0.3,0.0,91.0,27.3,0.0,0.0,29.3,0.0,0.0
2017,Ben Boulware,ILB,Clemson,6-0,238.0,,29.5,20.0,111.0,7.02,4.43,False,,,1.49,30.5,12.0,7.6,128.0,7.3,13.0,4.8,365.0,0.0,1.0,4.0,402.0,75.8,1.0,2.0,7.5,0.0024875621890547263,0.004975124378109453
2017,Tashawn Bower,OLB,LSU,6-5,250.0,4.82,31.5,20.0,121.0,7.2,4.37,False,,,,33.38,17.6,11.3,127.0,6.0,10.5,4.0,154.0,0.0,0.0,0.0,43.0,25.3,0.0,0.0,14.3,0.0,0.0
2017,Tyus Bowser,OLB,Houston,6-3,247.0,4.65,37.5,21.0,127.0,6.75,,True,2.0,47.0,9.74,33.25,19.1,11.0,163.0,8.4,8.7,0.8,180.0,0.0,1.0,6.3,152.0,48.3,0.0,1.0,9.1,0.0,0.006578947368421052
2017,Blair Brown,ILB,Ohio,5-11,238.0,4.65,37.0,,124.0,6.92,4.18,True,5.0,148.0,8.99,31.25,25.7,16.0,103.0,15.5,2.2,3.1,308.0,1.0,0.4,3.4,354.0,77.3,0.0,0.0,11.6,0.0,0.0
2017,Jayon Brown,ILB,UCLA,6-0,231.0,4.7,31.5,17.0,120.0,,,True,5.0,155.0,3.96,31.38,7.7,5.9,78.0,11.6,3.3,4.1,444.0,0.0,0.6,14.7,442.0,85.0,3.0,5.0,12.3,0.006787330316742082,0.011312217194570135
2017,Riley Bullough,ILB,Michigan State,6-2,226.0,,31.5,20.0,116.0,,,False,,,6.56,31.25,17.4,11.5,54.0,9.6,5.8,3.0,241.0,0.0,0.4,0.0,199.0,78.7,0.0,0.0,15.6,0.0,0.0
2017,Zach Cunningham,OLB,Vanderbilt,6-3,234.0,4.67,35.0,15.0,125.0,7.03,4.29,True,2.0,57.0,8.67,34.38,8.3,3.0,33.0,14.5,13.3,1.9,389.0,2.0,0.6,7.9,447.0,93.1,0.0,3.0,11.2,0.0,0.006711409395973154
2017,Jarrad Davis,ILB,Florida,6-1,238.0,,,,,,,True,1.0,21.0,9.07,33.5,13.3,12.9,32.0,8.6,17.1,3.0,225.0,0.0,0.6,14.3,211.0,86.8,0.0,3.0,9.4,0.0,0.014218009478672985
2017,Kevin Davis,ILB,Colorado State,6-2,235.0,4.91,30.5,11.0,110.0,7.18,4.38,False,,,1.36,32.38,10.5,7.7,67.0,9.5,6.1,4.1,429.0,3.0,0.8,3.8,254.0,79.1,1.0,1.0,9.2,0.003937007874015748,0.003937007874015748
2017,Dylan Donahue,OLB,West Georgia,6-3,248.0,4.75,29.5,26.0,116.0,7.02,4.46,True,5.0,181.0,,30.25,,,,,,,,,,,,,,,,,
2017,Brooks Ellis,ILB,Arkansas,6-2,240.0,4.79,29.5,18.0,115.0,6.8,4.25,False,,,5.07,31.75,0.0,7.0,59.0,6.4,11.3,3.8,378.0,0.0,1.3,6.0,367.0,86.2,1.0,2.0,7.1,0.0027247956403269754,0.005449591280653951
2017,Devonte Fields,OLB,Louisville,6-2,236.0,4.72,34.0,,124.0,7.4,4.5,False,,,5.93,32.38,20.8,10.6,304.0,7.6,17.5,1.7,308.0,0.0,0.0,66.7,51.0,14.4,1.0,2.0,16.7,0.0196078431372549,0.0392156862745098
2017,Reuben Foster,ILB,Alabama,6-0,229.0,,,,,,,True,1.0,31.0,,32.38,18.0,14.0,93.0,16.3,5.7,2.3,323.0,0.0,0.7,14.3,407.0,81.4,0.0,4.0,7.0,0.0,0.009828009828009828
2017,Ben Gedeon,ILB,Michigan,6-2,244.0,4.75,34.5,27.0,119.0,6.98,4.13,True,4.0,120.0,8.47,32.62,7.7,6.4,103.0,8.8,9.2,1.9,381.0,0.0,1.0,3.8,304.0,74.7,0.0,0.0,11.2,0.0,0.0
2017,Connor Harris,ILB,Lindenwood,5-11,242.0,4.73,33.0,18.0,114.0,7.13,4.31,False,,,4.13,30.12,,,,,,,,,,,,,,,,,
2017,Anthony Walker Jr.,ILB,Northwestern,6-1,238.0,4.65,30.5,23.0,116.0,7.23,4.34,True,5.0,161.0,6.74,30.38,14.8,17.5,58.0,10.4,16.2,1.5,394.0,3.0,0.7,7.1,473.0,89.1,1.0,2.0,10.9,0.0021141649048625794,0.004228329809725159
2017,Keith Kelsey,ILB,Louisville,6-0,233.0,4.92,29.5,23.0,112.0,7.28,4.56,False,,,1.26,31.38,11.1,10.0,82.0,9.0,16.7,2.9,374.0,0.0,0.7,3.2,376.0,82.1,0.0,1.0,11.3,0.0,0.0026595744680851063
2017,Harvey Langi,ILB,BYU,6-2,251.0,,33.0,23.0,118.0,7.0,4.32,False,,,8.69,32.88,,,,,,,,,,,,,,,,,
2017,Marquel Lee,ILB,Wake Forest,6-3,240.0,,31.0,25.0,118.0,,,True,5.0,168.0,7.29,32.5,3.2,9.9,84.0,12.3,8.5,2.1,385.0,1.0,0.5,0.0,379.0,81.9,0.0,0.0,13.5,0.0,0.0
2017,Takkarist McKinley,OLB,UCLA,6-2,250.0,4.59,33.0,24.0,122.0,7.48,4.62,True,1.0,26.0,,34.75,26.9,14.9,340.0,8.2,10.6,1.8,285.0,0.0,0.0,,12.0,3.4,0.0,0.0,,0.0,0.0
2017,Raekwon McMillan,ILB,Ohio State,6-2,240.0,4.61,33.0,23.0,121.0,7.15,4.39,True,2.0,54.0,8.22,33.0,26.3,15.6,48.0,11.1,10.0,2.8,382.0,2.0,0.5,8.0,368.0,88.5,0.0,2.0,14.4,0.0,0.005434782608695652
2017,Matt Milano,OLB,Boston Col.,6-0,223.0,4.67,35.0,24.0,126.0,,,True,5.0,163.0,6.95,32.0,18.8,9.2,107.0,7.7,4.9,2.8,319.0,1.0,0.7,14.3,359.0,77.0,1.0,4.0,9.7,0.002785515320334262,0.011142061281337047
2017,Hardy Nickerson,ILB,Illinois,6-0,232.0,4.78,33.0,18.0,116.0,,4.38,False,,,3.75,32.0,12.5,6.1,36.0,6.4,6.9,4.9,511.0,0.0,1.3,0.0,342.0,90.5,2.0,0.0,8.0,0.005847953216374269,0.0
2017,Carroll Phillips,OLB,Illinois,6-3,242.0,4.64,30.0,23.0,123.0,7.06,4.37,False,,,,33.75,17.9,10.9,272.0,6.3,8.8,2.4,305.0,0.0,0.0,,1.0,0.4,0.0,0.0,,0.0,0.0
2017,Ejuan Price,OLB,Pittsburgh,5-11,241.0,4.84,31.5,20.0,117.0,,4.34,True,7.0,234.0,,32.75,23.4,14.7,497.0,5.8,11.1,0.6,291.0,1.0,-0.3,20.0,18.0,3.5,0.0,1.0,3.4,0.0,0.05555555555555555
2017,Haason Reddick,OLB,Temple,6-1,237.0,4.52,36.5,24.0,133.0,7.01,4.37,True,1.0,13.0,,32.75,26.5,15.7,248.0,8.7,18.9,1.3,301.0,1.0,1.4,14.3,74.0,23.0,1.0,2.0,3.3,0.013513513513513514,0.02702702702702703
2017,Jalen Reeves-Maybin,OLB,Tennessee,6-0,230.0,,,,,,,True,4.0,124.0,5.5,32.25,0.0,0.0,3.0,10.5,11.8,3.1,60.0,0.0,0.3,0.0,51.0,94.4,0.0,0.0,16.0,0.0,0.0
2017,Duke Riley,OLB,LSU,6-0,232.0,4.58,34.5,18.0,122.0,6.89,4.21,True,3.0,75.0,8.55,32.88,3.6,5.5,59.0,8.9,9.5,2.6,345.0,1.0,0.4,3.6,351.0,85.6,1.0,1.0,12.1,0.002849002849002849,0.002849002849002849
2017,Pita Taumoepenu,OLB,Utah,6-1,243.0,4.67,28.5,24.0,112.0,6.91,4.33,True,6.0,202.0,,32.38,17.3,12.0,402.0,4.8,29.4,4.0,233.0,0.0,11.2,0.0,15.0,3.6,0.0,0.0,2.3,0.0,0.0
2017,Tanner Vallejo,ILB,Boise State,6-1,228.0,4.67,33.5,,121.0,,4.39,True,6.0,195.0,6.3,30.5,20.0,15.9,47.0,9.8,21.4,3.7,210.0,0.0,0.7,0.0,258.0,84.6,0.0,0.0,5.8,0.0,0.0
2017,T.J. Watt,OLB,Wisconsin,6-4,252.0,4.69,37.0,21.0,128.0,6.79,4.13,True,1.0,30.0,9.92,33.12,23.4,18.1,278.0,7.7,13.6,2.8,278.0,0.0,0.6,37.5,105.0,27.4,1.0,2.0,12.6,0.009523809523809525,0.01904761904761905
2017,Tim Williams,OLB,Alabama,6-3,244.0,4.68,33.5,,124.0,7.36,4.57,True,3.0,78.0,,32.75,34.6,22.9,287.0,12.7,14.3,0.0,120.0,0.0,2.0,33.3,22.0,7.1,0.0,1.0,7.0,0.0,0.045454545454545456
2018,Genard Avery,ILB,Memphis,6-1,248.0,4.59,36.0,26.0,124.0,6.9,4.36,True,5.0,150.0,,31.0,33.3,21.2,270.0,9.0,16.7,1.9,416.0,2.0,1.1,13.0,197.0,42.2,0.0,2.0,8.2,0.0,0.01015228426395939
2018,Jerome Baker,OLB,Ohio State,6-1,229.0,4.53,36.5,22.0,126.0,,,True,3.0,73.0,9.25,31.5,13.3,11.1,76.0,7.7,5.9,3.4,330.0,0.0,0.9,4.7,363.0,82.7,0.0,2.0,8.0,0.0,0.005509641873278237
2018,Keishawn Bierria,ILB,Washington,6-2,230.0,4.79,30.5,21.0,117.0,7.26,,True,6.0,217.0,4.32,31.12,40.0,16.3,49.0,4.0,10.5,3.6,280.0,0.0,0.7,5.0,318.0,86.6,0.0,2.0,7.7,0.0,0.006289308176100629
2018,Oren Burks,OLB,Vanderbilt,6-3,233.0,4.59,39.5,18.0,131.0,6.82,4.15,True,3.0,88.0,9.72,33.38,0.0,2.6,41.0,7.9,11.3,4.4,358.0,0.0,1.0,7.9,283.0,87.3,1.0,2.0,7.0,0.0035335689045936395,0.007067137809187279
2018,Jason Cabinda,ILB,Penn State,6-1,239.0,,,19.0,,,,False,,,7.94,32.0,8.3,12.3,78.0,11.7,15.3,3.4,261.0,0.0,0.6,8.6,347.0,81.6,0.0,3.0,9.5,0.0,0.008645533141210375
2018,Jack Cichy,ILB,Wisconsin,6-2,238.0,,,18.0,,,,True,6.0,202.0,7.84,32.12,14.3,11.1,55.0,9.6,9.5,2.5,171.0,1.0,0.9,12.5,162.0,74.7,0.0,2.0,9.8,0.0,0.012345679012345678
2018,Chris Covington,OLB,Indiana,6-2,245.0,4.78,,23.0,,,,True,6.0,193.0,7.41,32.5,14.3,7.4,100.0,10.5,5.6,3.2,361.0,0.0,0.8,18.5,239.0,70.5,0.0,4.0,8.4,0.0,0.016736401673640166
2018,Nick Deluca,OLB,North Dakota State,6-3,251.0,4.85,29.5,18.0,112.0,7.09,4.23,False,,,5.19,32.75,,,,,,,,,,,,,,,,,
2018,Tremaine Edmunds,LB,Virginia Tech,6-5,253.0,4.54,,19.0,117.0,,,True,1.0,16.0,9.74,34.5,16.0,9.6,85.0,12.5,6.6,2.8,372.0,0.0,0.9,2.8,356.0,80.7,0.0,1.0,9.5,0.0,0.0028089887640449437
2018,Leighton Vander esch,ILB,Boise State,6-4,256.0,4.65,39.5,20.0,124.0,6.88,4.15,True,1.0,19.0,9.98,33.88,17.2,12.4,98.0,16.2,6.6,3.0,366.0,2.0,0.9,5.0,392.0,80.0,3.0,2.0,9.5,0.007653061224489796,0.00510204081632653
2018,Rashaan Evans,LB,Alabama,6-3,232.0,,30.0,,116.0,6.95,4.36,True,1.0,22.0,5.14,32.25,22.2,17.8,110.0,7.0,5.7,4.6,299.0,1.0,0.6,6.9,235.0,68.1,0.0,2.0,7.8,0.0,0.00851063829787234
2018,Shaquem Griffin,OLB,Central Florida,6-1,227.0,4.38,,20.0,117.0,,,True,5.0,141.0,8.32,32.12,26.7,19.8,249.0,6.6,12.8,2.4,371.0,1.0,1.1,6.9,239.0,49.0,1.0,1.0,7.8,0.0041841004184100415,0.0041841004184100415
2018,Shaun dion Hamilton,ILB,Alabama,6-0,228.0,,,20.0,,,,True,6.0,197.0,,31.0,37.5,12.9,33.0,6.9,6.7,2.5,176.0,0.0,0.4,17.6,169.0,83.7,0.0,2.0,9.5,0.0,0.011834319526627219
2018,Joel Iyiegbuniwe,LB,Western Kentucky,6-1,229.0,4.6,35.0,19.0,117.0,7.06,4.28,True,4.0,115.0,7.76,32.62,,,,,,,,,,,,,,,,,
2018,Malik Jefferson,OLB,Texas,6-3,236.0,4.52,36.0,27.0,125.0,,,True,3.0,78.0,9.77,32.0,10.8,7.9,135.0,12.1,14.3,2.4,366.0,0.0,0.5,4.2,339.0,71.5,0.0,1.0,13.7,0.0,0.0029498525073746312
2018,Josey Jewell,ILB,Iowa,6-1,234.0,4.82,33.0,18.0,117.0,6.8,4.27,True,4.0,106.0,5.67,32.0,13.3,7.7,40.0,12.1,11.2,3.2,359.0,0.0,0.8,17.0,425.0,91.4,2.0,9.0,7.7,0.004705882352941176,0.021176470588235293
2018,Micah Kiser,ILB,Virginia,6-2,238.0,4.66,35.5,,121.0,7.05,4.24,True,5.0,147.0,8.43,32.0,12.2,8.5,113.0,9.4,6.7,3.7,449.0,0.0,1.4,5.3,293.0,72.2,0.0,2.0,7.3,0.0,0.006825938566552901
2018,Darius Leonard,OLB,South Carolina State,6-2,234.0,4.7,,17.0,,,,True,2.0,36.0,4.9,34.38,,,,,,,,,,,,,,,,,
2018,Mike McCray,ILB,Michigan,6-4,243.0,4.76,31.5,16.0,119.0,7.09,4.25,False,,,6.21,32.62,3.2,6.1,71.0,6.9,8.8,3.1,355.0,0.0,0.8,5.0,343.0,82.9,0.0,0.0,8.0,0.0,0.0
2018,Skai Moore,OLB,South Carolina,6-2,226.0,4.73,36.0,,117.0,,,False,,,5.95,32.0,7.7,3.1,67.0,8.4,5.5,3.6,389.0,0.0,0.5,6.7,407.0,85.9,3.0,1.0,13.1,0.007371007371007371,0.002457002457002457
2018,Dorian O'daniel,OLB,Clemson,6-1,223.0,4.61,32.0,21.0,119.0,6.64,4.07,True,3.0,100.0,7.42,31.12,16.7,7.5,58.0,7.9,4.1,2.6,324.0,0.0,0.7,6.3,346.0,85.6,2.0,1.0,6.9,0.005780346820809248,0.002890173410404624
2018,Jacob Pugh,OLB,Florida State,6-4,246.0,4.65,38.5,,122.0,,,False,,,8.52,34.38,12.5,5.3,80.0,3.6,0.0,2.2,171.0,0.0,1.1,0.0,64.0,44.4,0.0,0.0,7.5,0.0,0.0
2018,Christian Sam,ILB,Arizona State,6-2,244.0,4.75,32.0,28.0,114.0,7.03,4.25,True,6.0,178.0,7.53,31.5,28.6,9.3,56.0,12.6,10.4,3.8,372.0,0.0,1.2,1.9,442.0,88.8,1.0,1.0,7.8,0.0022624434389140274,0.0022624434389140274
2018,Tegray Scales,ILB,Indiana,6-0,230.0,4.77,,27.0,,,,False,,,5.38,30.75,20.0,12.3,59.0,8.8,14.7,2.9,387.0,0.0,0.8,3.0,303.0,83.7,2.0,1.0,8.6,0.006600660066006601,0.0033003300330033004
2018,Andre Smith,ILB,North Carolina,6-0,237.0,4.63,,19.0,,,,True,7.0,234.0,5.71,33.12,,0.0,2.0,7.9,20.0,3.0,63.0,0.0,1.4,7.7,70.0,97.2,1.0,1.0,5.1,0.014285714285714285,0.014285714285714285
2018,Roquan Smith,OLB,Georgia,6-1,236.0,4.51,,,,,,True,1.0,8.0,8.58,32.0,15.2,13.5,55.0,13.0,2.2,5.0,348.0,0.0,0.6,12.8,388.0,87.6,0.0,3.0,9.6,0.0,0.007731958762886598
2018,Matthew Thomas,OLB,Florida State,6-3,232.0,4.58,41.5,,131.0,6.85,4.28,False,,,9.57,33.0,13.6,4.8,65.0,9.0,13.4,3.8,315.0,0.0,0.5,11.1,294.0,81.9,1.0,3.0,10.6,0.003401360544217687,0.01020408163265306
2018,Azeem Victor,ILB,Washington,6-1,240.0,4.72,32.5,19.0,115.0,7.2,4.4,True,6.0,216.0,6.15,33.0,15.8,10.5,39.0,12.5,0.0,3.8,88.0,0.0,0.4,20.0,98.0,71.5,0.0,2.0,9.4,0.0,0.02040816326530612
2018,Fred Warner,OLB,BYU,6-3,236.0,4.64,38.5,21.0,119.0,6.9,4.28,True,3.0,70.0,9.67,32.0,,,,,,,,,,,,,,,,,
2018,Chris Worley,ILB,Ohio State,6-2,238.0,4.86,29.5,15.0,,,,False,,,1.65,31.25,0.0,8.9,48.0,12.2,4.3,3.5,225.0,1.0,1.1,6.7,248.0,83.8,0.0,2.0,7.9,0.0,0.008064516129032258
2018,Kenny Young,ILB,UCLA,6-1,236.0,4.6,36.0,23.0,117.0,7.38,4.48,True,4.0,122.0,7.49,32.38,14.3,15.8,25.0,7.8,4.7,4.8,536.0,0.0,1.0,12.5,324.0,92.8,0.0,3.0,9.7,0.0,0.009259259259259259
2019,Azeez Al-Shaair,LB,Florida Atlantic,6-1,234.0,,,16.0,,,,False,,,,32.38,0.0,5.6,37.0,8.7,0.0,4.7,150.0,0.0,1.6,7.1,102.0,73.4,0.0,1.0,6.6,0.0,0.00980392156862745
2019,Otaro Alaka,LB,Texas A&M,6-3,239.0,4.82,36.0,20.0,131.0,,,False,,,7.26,33.0,16.7,16.1,94.0,12.8,9.8,3.1,255.0,1.0,1.0,3.4,280.0,74.9,0.0,1.0,9.3,0.0,0.0035714285714285713
2019,Dakota Allen,LB,Texas Tech,6-1,232.0,4.77,31.5,23.0,116.0,6.88,4.04,True,7.0,251.0,6.02,31.25,9.5,6.8,48.0,11.9,6.7,2.1,230.0,0.0,0.5,5.0,309.0,86.6,0.0,1.0,14.8,0.0,0.003236245954692557
2019,Bryson Allen-Williams,LB,South Carolina,6-1,236.0,4.88,,14.0,,7.4,,False,,,0.68,31.5,7.7,6.5,178.0,8.7,18.2,2.5,213.0,0.0,0.5,14.3,60.0,25.2,0.0,0.0,8.0,0.0,0.0
2019,Jeff Allison,LB,Fresno State,5-11,228.0,4.82,31.0,12.0,115.0,7.2,4.45,False,,,1.56,32.25,,,,,,,,,,,,,,,,,
2019,Cody Barton,LB,Utah,6-2,237.0,4.64,32.5,30.0,116.0,6.9,4.03,True,3.0,88.0,9.29,31.88,17.2,14.2,112.0,6.6,5.8,3.6,397.0,0.0,0.7,12.2,461.0,80.5,1.0,6.0,8.8,0.0021691973969631237,0.013015184381778741
2019,Ben Burr-Kirven,LB,Washington,6-0,230.0,4.56,34.5,21.0,121.0,6.85,4.09,True,5.0,142.0,8.95,31.88,23.3,18.4,50.0,10.8,7.3,4.4,378.0,1.0,1.1,6.4,464.0,90.3,2.0,5.0,5.6,0.004310344827586207,0.010775862068965518
2019,Devin Bush,LB,Michigan,5-11,234.0,4.43,40.5,21.0,124.0,6.93,4.23,True,1.0,10.0,9.32,32.0,20.0,19.4,71.0,6.8,11.6,4.1,288.0,0.0,0.6,14.7,299.0,80.8,0.0,5.0,8.0,0.0,0.016722408026755852
2019,Blake Cashman,LB,Minnesota,6-1,237.0,4.5,37.5,18.0,124.0,6.95,4.12,True,5.0,157.0,9.51,30.12,28.6,22.0,42.0,12.4,8.5,3.6,308.0,1.0,0.7,7.5,344.0,89.1,0.0,3.0,8.1,0.0,0.00872093023255814
2019,Te'von Coney,LB,Notre Dame,6-1,234.0,,,,,,,False,,,2.55,32.88,15.4,10.1,76.0,9.5,2.8,4.8,381.0,0.0,0.3,10.8,464.0,85.9,1.0,2.0,12.1,0.0021551724137931034,0.004310344827586207
2019,Ryan Connelly,LB,Wisconsin,6-2,242.0,4.66,34.5,,118.0,7.09,4.31,True,5.0,143.0,7.81,30.88,18.8,13.3,62.0,10.1,9.7,2.6,346.0,0.0,0.4,4.8,290.0,82.4,0.0,1.0,12.9,0.0,0.0034482758620689655
2019,Deshaun Davis,LB,Auburn,5-11,234.0,,31.0,25.0,111.0,,4.38,True,6.0,210.0,2.63,31.25,12.5,6.4,52.0,13.7,9.4,2.9,341.0,0.0,1.1,2.7,325.0,86.2,0.0,0.0,8.2,0.0,0.0
2019,Tyrel Dodson,LB,Texas A&M,6-0,237.0,4.6,,24.0,118.0,,,False,,,6.55,31.75,7.1,4.9,66.0,7.5,12.1,3.9,300.0,0.0,0.8,5.6,396.0,85.7,1.0,2.0,10.6,0.0025252525252525255,0.005050505050505051
2019,T.J. Edwards,LB,Wisconsin,6-0,230.0,,,16.0,,,,False,,,2.75,31.25,8.3,7.0,45.0,12.9,3.3,3.1,364.0,0.0,0.4,11.1,324.0,87.8,3.0,2.0,16.9,0.009259259259259259,0.006172839506172839
2019,Emeke Egbule,LB,Houston,6-2,245.0,4.65,33.0,20.0,119.0,7.38,4.38,True,6.0,200.0,7.27,33.0,30.4,17.2,166.0,2.1,16.7,4.8,532.0,1.0,1.5,5.4,291.0,63.7,2.0,3.0,5.0,0.006872852233676976,0.010309278350515464
2019,Joe Giles-Harris,LB,Duke,6-2,234.0,4.75,29.5,17.0,111.0,,,False,,,3.08,31.25,23.8,15.2,51.0,8.8,7.6,2.7,312.0,0.0,0.8,7.7,252.0,83.2,0.0,2.0,9.3,0.0,0.007936507936507936
2019,Andrew Van ginkel,LB,Wisconsin,6-3,241.0,,38.0,17.0,123.0,6.89,4.14,True,5.0,151.0,,32.5,16.2,11.2,201.0,5.6,5.7,4.0,290.0,1.0,0.5,22.2,103.0,33.9,0.0,2.0,11.0,0.0,0.019417475728155338
2019,Dre Greenlaw,LB,Arkansas,5-11,237.0,,33.0,24.0,117.0,,,True,5.0,148.0,4.96,32.25,6.7,6.0,51.0,7.4,1.7,5.7,259.0,0.0,1.0,0.0,159.0,75.7,2.0,0.0,9.3,0.012578616352201259,0.0
2019,Nate Hall,LB,Northwestern,6-2,225.0,,,,,,,False,,,6.73,32.25,0.0,2.7,39.0,6.7,12.1,4.7,243.0,0.0,1.4,2.5,284.0,87.9,3.0,0.0,6.7,0.01056338028169014,0.0
2019,Terez Hall,LB,Missouri,6-1,230.0,,,20.0,,,,False,,,5.9,33.5,18.2,12.1,98.0,8.0,11.4,3.1,329.0,0.0,0.9,3.4,364.0,78.8,1.0,1.0,11.7,0.0027472527472527475,0.0027472527472527475
2019,Terrill Hanks,LB,New Mexico State,6-2,242.0,4.98,35.5,21.0,118.0,,,False,,,3.99,33.5,,,,,,,,,,,,,,,,,
2019,Chase Hansen,LB,Utah,6-3,222.0,,,,,,,False,,,,30.5,17.8,10.8,98.0,12.3,8.5,2.1,330.0,0.0,0.6,6.1,367.0,78.9,2.0,2.0,10.5,0.005449591280653951,0.005449591280653951
2019,Gary Johnson,LB,Texas,6-0,226.0,4.43,33.5,16.0,121.0,7.15,4.57,False,,,5.67,31.25,8.2,4.8,172.0,6.8,15.4,2.9,360.0,0.0,0.5,10.0,360.0,67.7,0.0,1.0,17.0,0.0,0.002777777777777778
2019,Jordan Jones,LB,Kentucky,6-2,234.0,4.62,32.5,23.0,123.0,,4.37,False,,,7.67,31.75,13.5,12.3,81.0,11.7,9.3,2.6,278.0,1.0,1.1,14.8,212.0,72.4,0.0,3.0,7.5,0.0,0.014150943396226415
2019,Kendall Joseph,LB,Clemson,6-0,233.0,,,25.0,,,,False,,,0.5,31.62,13.5,6.7,107.0,5.6,11.8,3.6,309.0,0.0,0.6,3.1,340.0,76.1,0.0,1.0,9.9,0.0,0.0029411764705882353
2019,Vosean Joseph,LB,Florida,6-1,230.0,,,,,,,True,5.0,147.0,0.2,31.38,11.1,12.2,47.0,9.5,13.9,3.1,314.0,0.0,1.0,13.2,316.0,87.1,0.0,4.0,7.8,0.0,0.012658227848101266
2019,Tre Lamar,LB,Clemson,6-3,253.0,,,,,,,False,,,3.79,32.25,4.3,9.6,77.0,11.2,3.3,2.9,253.0,1.0,0.8,0.0,212.0,73.4,1.0,0.0,12.6,0.0047169811320754715,0.0
2019,Bobby Okereke,LB,Stanford,6-1,239.0,4.58,33.5,,122.0,7.25,4.26,True,3.0,89.0,8.4,34.5,10.3,15.4,66.0,7.6,12.2,4.8,391.0,1.0,0.8,8.2,460.0,87.5,0.0,2.0,9.1,0.0,0.004347826086956522
2019,Germaine Pratt,LB,North Carolina State,6-2,240.0,4.57,32.5,24.0,116.0,,,True,3.0,72.0,8.5,31.62,12.5,9.7,77.0,13.4,3.1,3.3,242.0,1.0,0.6,3.6,359.0,82.3,0.0,1.0,12.4,0.0,0.002785515320334262
2019,Cameron Smith,LB,USC,6-2,238.0,4.69,39.0,15.0,123.0,,4.23,True,5.0,162.0,8.34,32.38,6.5,4.2,74.0,12.6,8.3,3.3,285.0,0.0,0.8,13.3,301.0,80.3,0.0,4.0,9.4,0.0,0.013289036544850499
2019,Ty Summers,LB,TCU,6-1,241.0,4.51,36.0,27.0,123.0,,,True,7.0,226.0,9.71,31.5,20.0,14.9,89.0,7.6,16.3,3.8,200.0,0.0,1.1,5.6,102.0,53.4,0.0,0.0,5.3,0.0,0.0
2019,Sione Takitaki,LB,BYU,6-1,238.0,4.63,37.0,24.0,125.0,7.21,4.28,True,3.0,80.0,9.07,32.0,,,,,,,,,,,,,,,,,
2019,Jahlani Tavai,LB,Hawaii,6-2,250.0,,,,,,,True,2.0,43.0,4.12,31.88,17.8,12.5,90.0,9.1,12.7,4.8,258.0,0.0,1.7,9.5,125.0,58.1,0.0,2.0,5.8,0.0,0.016
2019,Drue Tranquill,LB,Notre Dame,6-2,234.0,4.57,37.5,31.0,122.0,6.94,4.14,True,4.0,130.0,9.87,31.5,20.0,12.9,67.0,9.6,13.6,3.6,305.0,0.0,0.5,7.7,425.0,86.4,0.0,3.0,10.4,0.0,0.007058823529411765
2019,Devin White,LB,LSU,6-0,237.0,4.42,39.5,22.0,118.0,7.07,4.17,True,1.0,5.0,9.32,32.12,20.4,15.8,101.0,11.2,10.9,4.9,344.0,2.0,0.5,10.7,379.0,79.0,0.0,3.0,12.7,0.0,0.0079155672823219
2019,Mack Wilson,LB,Alabama,6-1,240.0,,32.0,,117.0,,,True,5.0,155.0,5.24,32.38,13.9,10.9,67.0,4.6,14.3,4.7,377.0,0.0,0.8,6.8,448.0,87.0,2.0,2.0,9.8,0.004464285714285714,0.004464285714285714
2020,Joe Bachie,LB,Michigan State,6-1,230.0,4.67,33.5,26.0,119.0,6.93,4.34,False,,,8.27,31.62,13.6,8.5,50.0,9.7,14.3,3.7,232.0,0.0,0.5,15.8,254.0,83.6,1.0,3.0,12.5,0.003937007874015748,0.011811023622047244
2020,Markus Bailey,LB,Purdue,6-0,235.0,,,15.0,,,,True,7.0,215.0,,31.5,28.6,23.1,17.0,12.2,22.2,3.5,43.0,0.0,0.8,10.0,103.0,85.8,0.0,1.0,9.7,0.0,0.009708737864077669
2020,Zack Baun,LB,Wisconsin,6-2,238.0,4.65,32.5,24.0,115.0,7.0,4.31,True,3.0,74.0,7.85,32.75,27.1,18.6,347.0,10.3,12.5,1.9,285.0,0.0,0.7,16.7,109.0,23.9,1.0,2.0,8.8,0.009174311926605505,0.01834862385321101
2020,Francis Bernard,LB,Utah,6-0,234.0,4.81,32.5,19.0,120.0,,,False,,,3.29,31.88,7.3,9.6,120.0,12.0,12.3,2.7,289.0,1.0,0.5,3.6,368.0,75.4,2.0,1.0,12.7,0.005434782608695652,0.002717391304347826
2020,Daniel Bituli,LB,Tennessee,6-2,246.0,4.84,32.0,16.0,121.0,,,False,,,3.71,34.38,13.0,19.5,43.0,11.2,10.6,3.3,274.0,0.0,1.2,9.1,256.0,85.6,0.0,2.0,7.3,0.0,0.0078125
2020,Shaun Bradley,LB,Temple,6-1,235.0,4.51,32.5,14.0,121.0,7.07,4.24,True,6.0,196.0,7.73,31.75,0.0,3.1,66.0,12.1,11.8,2.9,359.0,0.0,0.7,6.3,417.0,86.3,0.0,2.0,12.2,0.0,0.004796163069544364
2020,Jordyn Brooks,LB,Texas Tech,6-0,240.0,4.54,,,,,,True,1.0,27.0,,,8.9,12.1,117.0,15.5,10.3,2.4,316.0,0.0,0.5,0.0,274.0,70.1,0.0,0.0,18.5,0.0,0.0
2020,Cameron Brown,LB,Penn State,6-5,233.0,4.72,35.5,16.0,123.0,,,True,6.0,183.0,6.04,34.0,9.7,12.7,76.0,4.9,15.2,3.2,289.0,1.0,1.1,5.9,263.0,77.6,0.0,2.0,7.4,0.0,0.0076045627376425855
2020,K'Lavon Chaisson,LB,LSU,6-3,254.0,,,,,,,True,1.0,20.0,,32.25,19.0,12.8,364.0,6.8,17.5,2.7,280.0,1.0,0.8,9.1,101.0,21.7,0.0,1.0,8.8,0.0,0.009900990099009901
2020,Nick Coe,LB,Auburn,6-5,280.0,4.89,29.0,21.0,116.0,,,False,,,,33.75,11.2,9.8,228.0,4.1,8.3,-0.2,151.0,0.0,0.0,0.0,2.0,0.9,0.0,0.0,2.0,0.0,0.0
2020,Carter Coughlin,LB,Minnesota,6-3,236.0,4.57,36.0,,126.0,,,True,7.0,218.0,9.8,31.38,25.7,15.6,295.0,10.7,12.5,1.9,255.0,1.0,0.7,20.0,48.0,14.0,0.0,1.0,9.6,0.0,0.020833333333333332
2020,Akeem Davis-Gaither,LB,Appalachian State,6-1,224.0,,,21.0,,,,True,4.0,107.0,,31.12,11.8,13.5,190.0,7.2,9.7,3.7,380.0,0.0,1.1,4.5,316.0,62.5,1.0,2.0,6.9,0.0031645569620253164,0.006329113924050633
2020,Michael Divinity,LB,LSU,6-2,242.0,4.85,31.0,14.0,115.0,,,False,,,1.78,33.62,9.1,6.1,88.0,8.0,7.1,3.1,76.0,1.0,0.8,0.0,71.0,44.7,0.0,0.0,10.5,0.0,0.0
2020,Troy Dye,LB,Oregon,6-3,231.0,,,,,,,True,4.0,132.0,,32.25,18.4,15.9,113.0,9.1,9.4,3.4,312.0,1.0,0.6,8.6,371.0,76.7,2.0,3.0,10.1,0.005390835579514825,0.008086253369272238
2020,Tipa Galeai,LB,Utah State,6-5,235.0,,,,,,,False,,,,33.62,23.3,14.8,267.0,6.1,13.3,5.1,315.0,0.0,0.6,0.0,46.0,14.7,0.0,0.0,15.0,0.0,0.0
2020,Cale Garrett,LB,Missouri,6-2,234.0,4.92,32.0,,124.0,6.91,4.13,False,,,6.5,31.25,20.0,8.0,28.0,19.4,9.1,2.3,99.0,0.0,0.3,16.7,126.0,81.8,3.0,2.0,9.9,0.023809523809523808,0.015873015873015872
2020,Scoota Harris,LB,Arkansas,6-0,234.0,4.69,33.0,18.0,111.0,7.38,4.32,False,,,3.27,31.38,14.3,9.8,65.0,10.5,12.3,3.7,318.0,0.0,0.9,3.4,283.0,81.3,0.0,1.0,9.2,0.0,0.0035335689045936395
2020,Malik Harrison,LB,Ohio State,6-3,247.0,4.66,36.0,,122.0,6.83,4.32,True,3.0,98.0,9.43,32.75,8.8,12.3,78.0,12.7,11.3,2.0,304.0,0.0,0.7,16.0,319.0,80.4,0.0,4.0,12.3,0.0,0.012539184952978056
2020,Khaleke Hudson,LB,Michigan,5-11,224.0,4.56,33.0,30.0,120.0,,,True,5.0,162.0,7.57,29.38,18.8,12.2,95.0,4.1,8.2,5.0,420.0,0.0,1.1,2.3,338.0,78.1,0.0,1.0,7.2,0.0,0.0029585798816568047
2020,Anfernee Jennings,LB,Alabama,6-2,256.0,,,,,,,True,3.0,87.0,,32.88,24.2,18.8,294.0,12.6,12.1,2.9,281.0,0.0,1.1,25.0,77.0,20.8,1.0,2.0,8.9,0.012987012987012988,0.025974025974025976
2020,Clay Johnston,LB,Baylor,6-1,227.0,,,18.0,,,,True,7.0,234.0,,30.5,30.8,15.4,27.0,17.7,14.0,1.6,127.0,0.0,0.7,27.8,180.0,87.0,1.0,5.0,9.7,0.005555555555555556,0.027777777777777776
2020,Willie Gay Jr.,LB,Mississippi State,6-1,243.0,4.46,39.5,21.0,136.0,7.08,4.3,True,2.0,63.0,9.7,32.62,18.2,12.5,27.0,11.8,5.6,3.3,86.0,0.0,1.2,0.0,63.0,70.0,1.0,0.0,8.6,0.015873015873015872,0.0
2020,Azur Kamara,LB,Kansas,6-3,245.0,4.59,28.0,13.0,121.0,7.2,4.46,False,,,6.43,35.25,21.1,12.4,187.0,4.1,7.5,4.3,348.0,0.0,0.6,0.0,134.0,41.7,0.0,0.0,21.3,0.0,0.0
2020,Terrell Lewis,LB,Alabama,6-5,262.0,,37.0,,124.0,,,True,3.0,84.0,,33.88,20.5,15.4,258.0,7.3,25.9,2.4,183.0,0.0,0.7,0.0,41.0,13.7,0.0,0.0,12.0,0.0,0.0
2020,Jordan Mack,LB,Virginia,6-3,241.0,,,,,,,False,,,,31.25,12.5,9.7,134.0,3.5,19.5,4.2,290.0,0.0,1.2,0.0,233.0,63.5,0.0,0.0,11.2,0.0,0.0
2020,Kamal Martin,LB,Minnesota,6-3,240.0,,,,,,,True,5.0,175.0,,34.0,8.3,11.1,29.0,9.9,12.0,3.0,226.0,0.0,0.6,4.3,229.0,88.8,2.0,1.0,9.3,0.008733624454148471,0.004366812227074236
2020,Kenneth Murray,LB,Oklahoma,6-2,241.0,4.52,38.0,21.0,129.0,,,True,1.0,23.0,9.89,32.75,6.1,5.3,86.0,11.3,13.3,2.1,350.0,0.0,0.7,6.1,393.0,82.0,0.0,2.0,11.1,0.0,0.005089058524173028
2020,Dante Olson,LB,Montana,6-2,237.0,4.88,42.0,15.0,124.0,7.0,4.32,False,,,6.26,32.38,,,,,,,,,,,,,,,,,
2020,Jacob Phillips,LB,LSU,6-3,229.0,4.66,39.0,,126.0,7.38,4.33,True,3.0,97.0,8.2,32.38,3.8,5.0,64.0,8.6,5.1,4.5,330.0,1.0,0.6,3.3,364.0,85.0,0.0,1.0,11.3,0.0,0.0027472527472527475
2020,Michael Pinckney,LB,Miami,5-11,235.0,,,,,,,False,,,,32.38,18.2,9.7,76.0,10.0,14.8,3.6,282.0,0.0,0.7,18.2,274.0,78.3,0.0,3.0,11.8,0.0,0.010948905109489052
2020,Shaquille Quarterman,LB,Miami,6-0,234.0,4.74,31.0,23.0,120.0,,,True,4.0,140.0,4.77,31.62,8.0,6.2,98.0,11.1,9.0,2.8,392.0,1.0,0.8,4.7,376.0,79.3,0.0,2.0,8.2,0.0,0.005319148936170213
2020,Patrick Queen,LB,LSU,6-0,229.0,4.5,35.0,18.0,125.0,,,True,1.0,28.0,7.98,31.62,13.5,10.5,79.0,9.2,15.7,3.5,308.0,0.0,0.5,9.1,393.0,83.3,1.0,2.0,11.0,0.002544529262086514,0.005089058524173028
2020,Chapelle Russell,LB,Temple,6-2,236.0,4.69,35.0,21.0,121.0,7.38,4.41,True,7.0,241.0,6.78,32.38,11.1,5.6,42.0,8.9,12.9,3.2,362.0,0.0,0.4,2.6,379.0,90.0,0.0,1.0,9.5,0.0,0.002638522427440633
2020,Isaiah Simmons,LB,Clemson,6-4,238.0,4.39,39.0,,132.0,,,True,1.0,8.0,9.97,33.38,15.4,12.9,73.0,6.2,9.8,3.8,359.0,0.0,0.6,19.0,391.0,84.3,3.0,5.0,9.0,0.0076726342710997444,0.01278772378516624
2020,Justin Strnad,LB,Wake Forest,6-3,238.0,4.74,29.0,,113.0,,4.49,True,5.0,178.0,3.83,31.75,0.0,4.0,29.0,9.7,15.4,3.9,197.0,0.0,1.0,13.0,201.0,87.4,1.0,3.0,8.4,0.004975124378109453,0.014925373134328358
2020,Darrell Taylor,LB,Tennessee,6-4,267.0,,,,,,,True,2.0,48.0,,33.0,26.1,15.5,299.0,4.5,10.7,3.2,295.0,0.0,0.4,50.0,40.0,11.8,0.0,1.0,9.3,0.0,0.025
2020,Davion Taylor,LB,Colorado,6-0,228.0,4.49,35.0,21.0,127.0,6.96,4.26,True,3.0,103.0,8.53,32.12,12.9,9.8,63.0,3.8,14.7,9.1,319.0,0.0,1.7,6.8,374.0,85.6,0.0,3.0,6.2,0.0,0.008021390374331552
2020,Casey Toohill,LB,Stanford,6-4,250.0,4.62,39.0,17.0,126.0,7.08,4.21,True,7.0,233.0,9.7,33.5,14.4,11.2,354.0,7.5,4.5,3.0,286.0,0.0,1.7,0.0,63.0,15.1,0.0,0.0,6.1,0.0,0.0
2020,Josh Uche,LB,Michigan,6-1,245.0,,,18.0,,,,True,2.0,60.0,,33.62,30.9,24.9,206.0,8.0,16.7,1.2,191.0,0.0,0.9,16.7,73.0,26.2,0.0,1.0,11.7,0.0,0.0136986301369863
2020,Mykal Walker,LB,Fresno State,6-3,230.0,4.65,33.0,20.0,122.0,7.09,4.25,True,4.0,119.0,8.15,32.5,7.3,4.3,242.0,8.1,9.0,4.0,392.0,0.0,0.4,0.0,255.0,51.3,0.0,0.0,16.3,0.0,0.0
2020,Curtis Weaver,LB,Boise State,6-2,265.0,,32.5,,116.0,7.0,4.27,True,5.0,164.0,,32.38,26.6,20.7,383.0,4.6,21.6,1.7,332.0,0.0,0.7,25.0,105.0,21.5,1.0,2.0,12.5,0.009523809523809525,0.01904761904761905
2020,Evan Weaver,LB,California,6-2,237.0,4.76,32.0,15.0,117.0,7.02,4.21,True,6.0,202.0,6.25,31.62,14.3,13.4,86.0,12.9,7.2,4.1,380.0,1.0,0.9,3.3,474.0,84.6,0.0,2.0,7.5,0.0,0.004219409282700422
2020,Logan Wilson,LB,Wyoming,6-2,241.0,4.63,32.0,21.0,121.0,7.07,4.27,True,3.0,65.0,8.83,32.38,33.3,26.0,54.0,10.3,10.4,3.3,395.0,0.0,0.9,8.9,474.0,89.8,4.0,5.0,8.1,0.008438818565400843,0.010548523206751054
2020,David Woodward,LB,Utah State,6-2,230.0,4.79,33.5,16.0,114.0,7.34,4.37,False,,,3.25,31.62,10.0,25.9,28.0,7.4,6.7,4.6,246.0,2.0,0.8,4.2,225.0,88.9,0.0,1.0,8.9,0.0,0.0044444444444444444
2021,Zayne Anderson,LB,BYU,,,4.46,34.0,11.0,120.0,6.78,4.22,False,,,,31.25,,,,,,,,,,,,,,,,,
2021,Tavante Beckett,LB,Marshall,5-10,220.0,4.78,31.0,18.0,106.0,7.34,4.58,False,,,1.1,32.75,25.0,8.3,40.0,12.9,13.4,2.4,244.0,1.0,0.3,6.7,255.0,86.4,0.0,1.0,16.1,0.0,0.00392156862745098
2021,Nick Bolton,LB,Missouri,5-11,237.0,4.6,32.0,24.0,,7.4,4.5,True,2.0,58.0,4.6,31.88,14.3,15.1,57.0,12.5,10.4,3.5,258.0,0.0,0.6,9.1,269.0,82.5,0.0,3.0,7.7,0.0,0.011152416356877323
2021,Tuf Borland,LB,Ohio St.,6-0,229.0,4.98,32.5,15.0,109.0,7.17,4.29,False,,,1.31,31.38,7.1,9.4,33.0,11.7,6.5,2.8,139.0,0.0,1.2,0.0,169.0,83.7,0.0,0.0,9.1,0.0,0.0
2021,William Bradley-King,OLB,Baylor,6-3,252.0,4.74,34.5,,119.0,7.14,4.26,True,7.0,240.0,,33.5,28.4,12.2,250.0,4.7,4.3,2.2,261.0,0.0,0.6,0.0,16.0,6.0,0.0,0.0,8.0,0.0,0.0
2021,K.J. Britt,LB,Auburn,6-0,235.0,4.76,32.5,24.0,118.0,7.38,4.4,True,5.0,176.0,4.69,31.0,0.0,0.0,5.0,6.7,13.3,3.6,61.0,0.0,0.8,0.0,51.0,91.1,0.0,0.0,8.2,0.0,0.0
2021,Baron Browning,LB,Ohio St.,6-2,245.0,4.58,40.0,23.0,130.0,6.78,4.23,True,3.0,105.0,9.98,33.5,7.1,6.1,36.0,5.7,0.0,7.4,127.0,1.0,0.9,10.5,193.0,84.3,0.0,2.0,9.6,0.0,0.010362694300518135
2021,Calvin Bundage,LB,Oklahoma St.,6-1,221.0,4.81,31.5,14.0,116.0,7.31,4.43,False,,,2.85,32.25,18.4,17.9,155.0,4.3,28.6,-1.0,46.0,0.0,0.7,0.0,11.0,6.6,0.0,0.0,11.0,0.0,0.0
2021,Riley Cole,LB,South Alabama,6-2,240.0,4.72,,26.0,,7.46,4.35,False,,,8.06,,,,,,,,,,,,,,,,,,
2021,Zaven Collins,LB,Tulsa,6-4,259.0,4.67,35.0,19.0,122.0,,4.36,True,1.0,16.0,8.73,33.62,18.8,14.9,51.0,7.4,10.3,4.6,216.0,0.0,0.3,14.3,197.0,79.4,4.0,1.0,13.2,0.02030456852791878,0.005076142131979695
2021,Jabril Cox,LB,LSU,6-3,232.0,,,,,,,True,4.0,115.0,,32.75,14.3,8.8,36.0,6.4,15.0,3.8,293.0,0.0,0.9,12.2,352.0,90.7,3.0,4.0,8.3,0.008522727272727272,0.011363636363636364
2021,Tyler Coyle,LB,Purdue,6-1,209.0,4.38,39.0,24.0,133.0,7.14,4.0,False,,,,33.0,25.0,11.1,9.0,6.5,0.0,4.3,66.0,0.0,0.9,0.0,45.0,83.3,0.0,0.0,8.4,0.0,0.0
2021,David Curry,LB,Georgia Tech,6-1,227.0,,,,,,,False,,,,30.25,23.8,18.6,107.0,8.6,16.9,3.3,346.0,1.0,0.8,7.1,311.0,74.4,0.0,2.0,10.4,0.0,0.006430868167202572
2021,Jamin Davis,LB,Kentucky,6-3,234.0,4.47,42.0,,132.0,,,True,1.0,19.0,9.93,33.0,5.9,8.3,24.0,10.3,7.6,3.9,273.0,1.0,0.8,2.5,295.0,92.5,3.0,1.0,7.1,0.010169491525423728,0.003389830508474576
2021,Milo Eifler,LB,Illinois,6-2,228.0,4.58,37.5,14.0,126.0,7.15,4.35,False,,,7.85,32.75,50.0,13.6,22.0,5.9,20.8,2.7,224.0,0.0,1.4,0.0,140.0,86.4,0.0,0.0,8.9,0.0,0.0
2021,Dorian Etheridge,LB,Louisville,6-1,233.0,4.87,35.0,,121.0,7.25,4.47,False,,,5.29,31.38,40.0,14.7,34.0,7.6,11.6,3.2,241.0,0.0,0.6,18.8,196.0,85.2,0.0,2.0,11.4,0.0,0.01020408163265306
2021,Tony Fields,LB,West Virginia,6-0,222.0,4.64,34.0,17.0,114.0,7.15,4.48,True,5.0,153.0,4.91,31.25,18.8,17.6,35.0,11.2,10.9,4.1,218.0,0.0,0.9,8.7,235.0,87.0,1.0,2.0,9.7,0.00425531914893617,0.00851063829787234
2021,Paddy Fisher,LB,Northwestern,6-3,240.0,4.91,31.5,20.0,110.0,7.0,4.47,False,,,3.36,33.12,25.0,8.7,23.0,9.0,17.4,3.9,248.0,1.0,0.6,9.1,354.0,93.9,1.0,4.0,7.6,0.002824858757062147,0.011299435028248588
2021,Blake Gallagher,LB,Northwestern,5-11,228.0,4.83,31.5,27.0,107.0,7.23,4.4,False,,,2.4,31.0,18.8,10.5,43.0,6.6,15.1,4.1,246.0,0.0,0.5,0.0,311.0,87.9,1.0,0.0,12.5,0.003215434083601286,0.0
2021,Justin Hilliard,LB,Ohio St.,6-0,229.0,4.81,34.5,27.0,114.0,7.2,4.34,False,,,4.29,31.38,0.0,20.0,10.0,10.9,9.1,2.9,101.0,0.0,1.1,0.0,120.0,92.3,1.0,0.0,6.8,0.008333333333333333,0.0
2021,Justin Hughes,LB,Kansas St.,6-0,227.0,5.02,28.5,24.0,104.0,7.37,4.84,False,,,0.54,32.12,0.0,11.8,18.0,12.7,25.0,3.1,146.0,0.0,0.7,7.4,216.0,92.3,0.0,1.0,7.5,0.0,0.004629629629629629
2021,Ernest Jones,LB,South Carolina,6-1,230.0,4.65,38.5,,,,,True,3.0,103.0,6.4,33.38,0.0,3.3,34.0,7.4,5.8,4.1,274.0,0.0,1.4,4.3,254.0,88.2,0.0,0.0,10.2,0.0,0.0
2021,Joshua McMillon,LB,Alabama,,,,,,,,,False,,,2.39,33.12,0.0,0.0,4.0,14.8,11.1,1.0,27.0,0.0,0.2,33.3,26.0,86.7,0.0,1.0,8.7,0.0,0.038461538461538464
2021,Andre Mintze,LB,Vanderbilt,6-2,253.0,4.59,,18.0,119.0,,,False,,,,,27.1,17.3,236.0,4.9,11.1,2.5,166.0,0.0,0.0,,6.0,2.5,0.0,0.0,,0.0,0.0
2021,Nick Niemann,LB,Iowa,6-3,234.0,4.45,33.5,,121.0,6.67,4.14,False,,,9.51,32.62,5.3,3.0,34.0,7.4,3.6,4.7,250.0,0.0,0.7,0.0,256.0,88.3,0.0,0.0,7.1,0.0,0.0
2021,Amen Ogbongbemiga,LB,Oklahoma St.,6-0,231.0,4.66,32.0,24.0,112.0,7.32,4.28,False,,,5.12,32.75,4.8,7.1,62.0,10.8,5.8,4.7,309.0,3.0,0.7,0.0,318.0,83.7,0.0,0.0,14.1,0.0,0.0
2021,Azeez Ojulari,OLB,Georgia,6-2,249.0,4.63,30.0,26.0,127.0,7.27,4.34,True,2.0,50.0,,34.5,21.7,19.0,193.0,10.3,10.0,-0.1,136.0,0.0,0.7,14.3,46.0,19.2,0.0,1.0,6.4,0.0,0.021739130434782608
2021,Joseph Ossai,LB,Texas,6-3,256.0,4.63,41.5,19.0,131.0,,,True,3.0,69.0,,33.88,27.2,15.9,312.0,11.5,12.8,1.4,247.0,1.0,1.1,0.0,29.0,8.5,0.0,0.0,3.4,0.0,0.0
2021,Jeremiah Owusu-Koramoah,LB,Notre Dame,6-1,221.0,,36.5,,124.0,6.8,4.15,True,2.0,52.0,8.71,33.0,8.0,14.9,79.0,7.8,13.2,3.0,246.0,0.0,0.7,11.8,322.0,80.3,1.0,3.0,9.2,0.003105590062111801,0.009316770186335404
2021,Micah Parsons,LB,Penn St.,6-3,246.0,4.39,34.0,19.0,126.0,6.89,4.4,True,1.0,12.0,9.59,31.5,31.0,20.7,94.0,12.3,7.2,2.1,313.0,1.0,1.1,9.3,324.0,77.5,0.0,4.0,7.2,0.0,0.012345679012345678
2021,Hamilcar Rashed,OLB,Oregon St.,6-2,251.0,4.58,35.5,25.0,128.0,7.51,4.44,False,,,,33.75,10.6,8.1,146.0,3.9,19.2,5.0,182.0,0.0,1.0,0.0,44.0,23.2,0.0,0.0,4.7,0.0,0.0
2021,Jon Rhattigan,LB,Army,6-0,236.0,4.77,32.0,22.0,111.0,7.41,4.3,False,,,2.92,,22.7,14.3,45.0,13.5,7.4,1.8,270.0,0.0,0.5,0.0,235.0,83.9,2.0,0.0,13.4,0.00851063829787234,0.0
2021,Monty Rice,LB,Georgia,6-0,233.0,4.58,32.0,,121.0,7.34,4.33,True,3.0,92.0,7.2,30.75,7.1,6.7,30.0,11.0,3.7,3.4,119.0,1.0,1.3,4.3,153.0,83.6,0.0,1.0,6.4,0.0,0.006535947712418301
2021,Curtis Robinson,LB,Stanford,6-3,236.0,4.6,37.5,22.0,117.0,7.0,4.26,False,,,9.23,31.62,25.0,11.1,11.0,3.0,6.7,5.4,206.0,0.0,0.4,5.6,196.0,94.7,0.0,1.0,10.3,0.0,0.00510204081632653
2021,Antjuan Simmons,LB,Michigan St.,5-11,218.0,4.8,,,,,,False,,,1.71,30.75,15.4,6.1,35.0,16.0,8.5,2.0,222.0,0.0,0.4,10.5,234.0,87.0,0.0,2.0,11.5,0.0,0.008547008547008548
2021,Trystan Slinker,LB,Baylor,5-10,234.0,4.84,30.5,20.0,119.0,7.59,4.63,False,,,2.06,,,0.0,2.0,0.0,,,7.0,0.0,0.0,0.0,8.0,80.0,0.0,0.0,8.0,0.0,0.0
2021,Shaq Smith,LB,Maryland,6-2,237.0,4.79,30.0,22.0,110.0,7.34,4.3,False,,,4.21,33.12,8.5,3.9,237.0,4.2,5.0,4.3,271.0,0.0,0.8,33.3,28.0,10.6,0.0,1.0,9.0,0.0,0.03571428571428571
2021,DAnte Smith,LB,Arizona,6-5,305.0,5.29,29.0,24.0,113.0,7.96,4.81,False,,,,35.25,,0.0,1.0,5.9,0.0,5.0,17.0,0.0,3.1,0.0,9.0,90.0,0.0,0.0,4.0,0.0,0.0
2021,Jordan Smith,OLB,Ala-Birmingham,6-5,264.0,4.8,33.0,16.0,117.0,,,True,4.0,121.0,,33.62,,,,,,,,,,,,,,,,,
2021,Elijah Sullivan,LB,Kansas St.,6-0,214.0,4.69,,13.0,115.0,7.12,4.31,False,,,4.87,32.0,0.0,0.0,16.0,8.7,8.0,7.1,130.0,1.0,0.8,4.8,212.0,93.0,1.0,1.0,9.4,0.0047169811320754715,0.0047169811320754715
2021,Chazz Surratt,LB,North Carolina,6-2,229.0,4.58,31.0,25.0,,7.02,4.16,True,3.0,78.0,8.47,30.25,22.5,16.3,99.0,7.9,9.4,5.2,307.0,0.0,0.9,9.4,326.0,76.7,1.0,3.0,9.5,0.003067484662576687,0.009202453987730062
2021,Tyree Thompson,LB,Buffalo,6-1,229.0,5.0,31.0,18.0,109.0,7.87,4.96,False,,,1.17,31.0,20.0,20.0,12.0,8.0,16.0,4.5,126.0,0.0,0.3,0.0,108.0,90.0,0.0,0.0,12.6,0.0,0.0
2021,Joe Tryon,OLB,Washington,6-5,259.0,4.69,35.0,22.0,116.0,7.18,4.36,True,1.0,32.0,,34.0,19.0,11.2,297.0,5.1,19.4,2.1,265.0,0.0,0.0,50.0,51.0,14.7,0.0,1.0,21.5,0.0,0.0196078431372549
2021,Ethan Tucky,LB,Cincinnati,6-1,231.0,4.62,31.5,21.0,115.0,7.08,4.3,False,,,6.83,31.88,19.6,9.8,147.0,6.3,0.0,1.2,83.0,0.0,0.0,,2.0,1.3,0.0,0.0,,0.0,0.0
2021,Garret Wallow,LB,TCU,,,4.65,32.5,22.0,122.0,6.87,4.12,True,5.0,170.0,8.12,30.88,12.0,9.3,47.0,14.3,8.5,2.8,290.0,1.0,0.6,4.8,333.0,87.6,0.0,1.0,14.8,0.0,0.003003003003003003
2021,Jamar Watson,OLB,Kentucky,6-1,241.0,4.78,30.0,19.0,,7.31,4.58,False,,,4.12,32.38,13.8,12.3,171.0,8.1,20.6,2.7,224.0,1.0,0.9,0.0,95.0,35.7,1.0,0.0,6.9,0.010526315789473684,0.0
2021,Pete Werner,LB,Ohio St.,6-2,238.0,4.58,39.5,20.0,122.0,6.95,4.38,True,2.0,60.0,9.52,33.25,26.3,15.6,33.0,10.5,18.2,2.9,175.0,1.0,0.4,0.0,286.0,89.7,0.0,0.0,11.3,0.0,0.0
2021,Jarell White,LB,Cincinnati,5-8,202.0,4.58,35.0,22.0,125.0,7.21,4.35,False,,,,29.75,16.0,8.2,64.0,11.1,8.0,3.7,234.0,0.0,0.4,4.2,297.0,82.3,2.0,0.0,11.3,0.006734006734006734,0.0
2022,Troy Andersen,LB,Montana St.,6-4,243.0,4.42,36.0,,128.0,,,True,2.0,58.0,10.0,32.12,,,,,,,,,,,,,,,,,
2022,Brian Asamoah,LB,Oklahoma,6-0,226.0,4.56,36.5,,124.0,,,True,3.0,66.0,8.89,32.62,0.0,6.7,51.0,8.6,8.2,4.3,236.0,0.0,0.9,2.9,302.0,85.6,0.0,1.0,8.6,0.0,0.0033112582781456954
2022,Darrian Beavers,LB,Cincinnati,6-4,237.0,,36.5,,125.0,6.91,,True,6.0,182.0,9.61,32.38,23.2,17.5,123.0,8.1,14.9,2.1,455.0,1.0,0.6,5.9,325.0,72.5,1.0,2.0,9.1,0.003076923076923077,0.006153846153846154
2022,Terrel Bernard,LB,Baylor,6-1,224.0,,35.5,22.0,123.0,7.03,4.25,True,3.0,89.0,8.89,30.25,21.9,16.8,126.0,11.6,14.3,2.5,301.0,0.0,0.7,2.9,336.0,72.7,0.0,1.0,9.2,0.0,0.002976190476190476
2022,Darien Butler,LB,Arizona St.,5-10,221.0,,,,,7.47,,False,,,,30.12,33.3,20.5,39.0,8.0,26.4,1.0,258.0,0.0,0.4,12.9,295.0,88.3,3.0,2.0,8.8,0.010169491525423728,0.006779661016949152
2022,Chance Campbell,LB,Mississippi,6-2,232.0,4.57,39.5,,127.0,,,True,6.0,219.0,9.71,31.25,14.6,11.5,122.0,8.6,14.0,3.1,404.0,2.0,0.5,0.0,375.0,75.5,0.0,0.0,12.6,0.0,0.0
2022,Leo Chenal,LB,Wisconsin,6-3,250.0,4.53,40.5,,128.0,,,True,3.0,103.0,9.99,31.0,12.1,20.0,102.0,16.0,7.4,1.4,279.0,1.0,1.0,0.0,226.0,68.9,0.0,0.0,10.4,0.0,0.0
2022,Damone Clark,LB,LSU,6-3,239.0,4.57,36.5,,127.0,7.12,,True,5.0,176.0,9.87,33.0,0.0,4.1,76.0,8.8,5.8,5.9,341.0,3.0,0.6,4.2,345.0,81.9,1.0,2.0,7.0,0.002898550724637681,0.005797101449275362
2022,Nakobe Dean,LB,Georgia,5-11,229.0,,,,,,,True,3.0,83.0,,31.88,19.6,18.1,121.0,9.7,11.8,3.1,218.0,1.0,0.4,5.4,324.0,72.8,2.0,2.0,8.4,0.006172839506172839,0.006172839506172839
2022,JoJo Domann,LB,Nebraska,6-1,228.0,4.62,34.5,,119.0,,,False,,,7.61,30.38,0.0,8.0,25.0,4.3,10.3,4.0,261.0,1.0,0.5,7.7,340.0,93.2,2.0,2.0,8.4,0.0058823529411764705,0.0058823529411764705
2022,Jeremiah Gemmel,LB,North Carolina,6-1,226.0,,,,,,,False,,,,31.25,14.3,11.6,74.0,6.9,9.4,3.1,357.0,0.0,0.8,6.1,337.0,82.0,1.0,2.0,9.5,0.002967359050445104,0.005934718100890208
2022,Isaiah Graham-Mobley,LB,Boston Col.,6-1,230.0,4.63,34.5,,124.0,,,False,,,6.21,32.0,9.5,5.8,56.0,8.7,14.6,4.0,209.0,0.0,0.6,6.7,173.0,75.5,0.0,1.0,10.9,0.0,0.005780346820809248
2022,Jake Hansen,LB,Illinois,6-1,238.0,,,21.0,,,,False,,,,32.38,23.1,24.0,28.0,9.1,21.2,3.5,154.0,1.0,0.8,0.0,158.0,84.9,0.0,0.0,15.2,0.0,0.0
2022,Aaron Hansford,LB,Texas A&M,6-2,239.0,,,24.0,,,,False,,,7.68,32.38,12.5,9.9,75.0,11.6,11.9,4.1,300.0,0.0,0.6,8.6,334.0,81.7,0.0,3.0,9.2,0.0,0.008982035928143712
2022,Christian Harris,LB,Alabama,6-1,226.0,4.44,34.5,,132.0,,,True,3.0,75.0,9.06,32.12,20.3,10.6,151.0,9.6,10.3,1.5,361.0,0.0,1.1,8.3,402.0,72.7,0.0,4.0,7.8,0.0,0.009950248756218905
2022,D'Marco Jackson,LB,Appalachian St.,6-1,233.0,4.55,33.0,,125.0,,,True,5.0,161.0,8.29,32.5,9.1,7.5,98.0,10.9,14.0,3.3,330.0,0.0,0.6,16.0,395.0,80.1,1.0,2.0,15.2,0.002531645569620253,0.005063291139240506
2022,Nate Landman,LB,Colorado,6-3,238.0,4.86,36.5,,119.0,,,False,,,6.4,30.5,0.0,6.1,37.0,19.6,12.3,2.7,184.0,1.0,0.7,26.7,199.0,84.3,0.0,4.0,12.5,0.0,0.020100502512562814
2022,Devin Lloyd,LB,Utah,6-3,237.0,4.66,35.0,25.0,126.0,,,True,1.0,27.0,9.58,33.0,21.3,15.5,165.0,11.1,8.6,3.4,344.0,0.0,0.7,9.1,340.0,67.3,4.0,3.0,7.5,0.011764705882352941,0.008823529411764706
2022,Jesse Luketa,LB,Penn St.,6-3,253.0,4.89,37.5,,114.0,,,True,7.0,256.0,,32.62,14.0,10.2,232.0,11.6,8.9,2.5,281.0,0.0,0.5,20.0,79.0,25.4,1.0,0.0,15.0,0.012658227848101266,0.0
2022,Zakoby McClain,LB,Auburn,5-11,228.0,4.69,33.0,,117.0,,,False,,,4.34,31.75,9.1,9.7,65.0,12.9,10.6,3.4,321.0,0.0,0.8,4.9,393.0,85.8,0.0,2.0,9.2,0.0,0.005089058524173028
2022,Micah McFadden,LB,Indiana,6-1,240.0,,,21.0,,,,True,5.0,146.0,9.46,31.25,20.6,20.8,124.0,8.3,16.9,3.2,342.0,0.0,0.6,18.2,272.0,68.7,0.0,4.0,11.7,0.0,0.014705882352941176
2022,Jeremiah Moon,LB,Florida,6-5,249.0,4.76,40.5,,133.0,7.09,4.55,False,,,9.21,35.0,16.7,11.2,92.0,7.3,9.4,4.3,194.0,1.0,0.4,0.0,130.0,58.6,0.0,0.0,15.4,0.0,0.0
2022,Chad Muma,LB,Wyoming,6-3,239.0,4.63,40.0,27.0,129.0,7.06,4.28,True,3.0,70.0,9.77,31.62,9.7,11.2,95.0,11.2,6.1,3.5,456.0,0.0,0.9,3.3,348.0,78.6,3.0,1.0,10.9,0.008620689655172414,0.0028735632183908046
2022,Malcolm Rodriguez,LB,Oklahoma St.,5-11,232.0,4.52,39.5,,120.0,,,True,6.0,188.0,9.48,30.12,9.5,10.6,98.0,13.9,14.0,2.3,328.0,2.0,0.4,9.1,458.0,82.4,1.0,2.0,9.8,0.002183406113537118,0.004366812227074236
2022,Mike Rose,LB,Iowa St.,6-4,245.0,,34.0,,121.0,,,False,,,9.07,33.25,16.0,12.5,51.0,9.2,19.3,2.1,253.0,0.0,1.2,3.7,235.0,82.2,0.0,1.0,8.4,0.0,0.00425531914893617
2022,Josh Ross,LB,Michigan,6-0,227.0,4.79,31.0,,109.0,,,False,,,1.7,30.5,41.7,16.9,67.0,8.3,13.5,3.1,344.0,0.0,0.9,4.8,368.0,84.6,0.0,0.0,8.3,0.0,0.0
2022,Jack Sanborn,LB,Wisconsin,6-2,234.0,4.73,34.5,20.0,114.0,,,False,,,7.35,30.5,14.8,13.6,170.0,11.3,9.5,2.9,304.0,0.0,0.6,4.8,218.0,56.2,0.0,1.0,10.0,0.0,0.0045871559633027525
2022,Nephi Sewell,LB,Utah,6-0,226.0,4.67,32.0,,120.0,7.01,4.33,False,,,7.04,29.38,14.8,8.5,61.0,9.6,11.4,3.2,309.0,1.0,0.5,2.9,359.0,85.5,1.0,1.0,10.1,0.002785515320334262,0.002785515320334262
2022,Brandon Smith,LB,Penn St.,6-4,250.0,4.52,37.5,,128.0,,,True,4.0,120.0,9.97,34.25,6.1,6.4,84.0,6.1,14.5,3.4,366.0,0.0,0.7,7.0,339.0,80.1,0.0,2.0,7.4,0.0,0.0058997050147492625
2022,Baylon Spector,LB,Clemson,6-0,233.0,4.6,36.0,,122.0,,,True,7.0,231.0,9.14,31.5,8.3,8.2,88.0,8.2,17.3,3.7,238.0,0.0,0.7,5.9,284.0,76.3,1.0,1.0,7.9,0.0035211267605633804,0.0035211267605633804
2022,Channing Tindall,LB,Georgia,6-2,230.0,4.47,42.0,,129.0,,,True,3.0,102.0,9.68,32.88,22.4,17.7,102.0,10.3,7.0,4.1,167.0,0.0,0.4,0.0,205.0,66.8,0.0,0.0,11.6,0.0,0.0
2022,Quay Walker,LB,Georgia,6-4,241.0,4.52,32.0,,122.0,,,True,1.0,22.0,9.63,32.62,15.7,9.1,114.0,8.2,5.4,4.4,198.0,0.0,0.9,5.7,299.0,72.4,0.0,2.0,8.2,0.0,0.006688963210702341
2023,Yasir Abdullah,LB,Louisville,6-1,237.0,4.47,36.5,,129.0,,,True,5.0,136.0,9.63,32.38,29.2,17.4,306.0,5.2,12.2,3.4,353.0,0.0,1.0,7.7,83.0,21.3,2.0,1.0,6.2,0.024096385542168676,0.012048192771084338
2023,Jeremy Banks,LB,Tennessee,6-1,232.0,4.53,37.5,25.0,127.0,7.27,4.38,False,,,8.96,32.0,12.9,11.3,63.0,10.2,14.6,3.1,191.0,1.0,1.1,11.1,244.0,79.5,0.0,4.0,6.4,0.0,0.01639344262295082
2023,Micah Baskerville,LB,LSU,6-1,221.0,,31.0,,115.0,,,False,,,1.56,31.25,20.8,16.3,53.0,10.6,7.5,4.4,307.0,0.0,0.6,25.6,349.0,86.8,1.0,7.0,8.5,0.0028653295128939827,0.02005730659025788
2023,Jack Campbell,LB,Iowa,6-5,249.0,4.65,37.5,,128.0,6.74,4.24,True,1.0,18.0,9.98,31.88,10.7,11.7,62.0,8.2,9.5,3.3,393.0,1.0,0.6,2.4,418.0,87.1,2.0,1.0,9.9,0.004784688995215311,0.0023923444976076554
2023,SirVocea Dennis,LB,Pittsburgh,6-1,226.0,,,19.0,,,,True,5.0,153.0,7.28,32.88,12.7,10.4,119.0,13.2,5.7,2.4,223.0,1.0,0.6,9.5,293.0,71.1,1.0,1.0,13.0,0.0034129692832764505,0.0034129692832764505
2023,Jalen Graham,LB,Purdue,6-2,220.0,4.64,30.5,,112.0,,,True,7.0,255.0,4.32,33.0,0.0,2.9,36.0,4.6,12.2,5.5,263.0,0.0,1.0,12.8,268.0,88.2,1.0,5.0,6.4,0.0037313432835820895,0.018656716417910446
2023,Daiyan Henley,LB,Washington St.,6-1,225.0,4.54,35.0,,125.0,,,True,3.0,85.0,8.06,33.0,12.5,18.0,67.0,7.8,5.3,3.5,262.0,0.0,1.1,2.2,338.0,83.5,1.0,1.0,6.9,0.0029585798816568047,0.0029585798816568047
2023,Shaka Heyward,LB,Duke,6-3,235.0,4.53,31.0,22.0,116.0,7.32,4.4,False,,,7.94,34.0,5.7,6.9,64.0,7.5,9.8,4.8,283.0,0.0,0.8,10.2,402.0,86.3,2.0,5.0,7.9,0.004975124378109453,0.012437810945273632
2023,Cam Jones,LB,Indiana,6-1,226.0,4.69,33.0,17.0,,,,False,,,5.6,31.25,0.0,8.3,29.0,14.8,2.3,3.2,146.0,0.0,0.3,0.0,137.0,82.5,0.0,0.0,14.4,0.0,0.0
2023,Ivan Pace Jr.,LB,Cincinnati,5-11,231.0,,,,,,,False,,,5.7,30.25,35.1,26.7,180.0,11.3,10.3,3.3,450.0,1.0,0.4,21.4,267.0,59.7,0.0,3.0,18.4,0.0,0.011235955056179775
2023,Ventrell Miller,LB,Florida,6-0,232.0,,,,,,,True,4.0,121.0,,32.5,16.7,13.3,46.0,12.3,14.1,2.4,276.0,0.0,1.0,7.4,264.0,85.2,0.0,2.0,9.3,0.0,0.007575757575757576
2023,Isaiah Moore,LB,North Carolina St.,6-2,233.0,,,26.0,,,,False,,,6.02,31.75,10.5,7.2,118.0,13.5,6.7,1.2,262.0,0.0,0.7,10.5,279.0,70.3,0.0,2.0,13.9,0.0,0.007168458781362007
2023,Anfernee Orji,LB,Vanderbilt,6-1,230.0,4.53,38.5,,122.0,7.0,4.43,False,,,9.24,32.0,9.8,6.3,102.0,11.1,15.9,2.8,324.0,1.0,0.8,0.0,314.0,75.5,1.0,0.0,9.7,0.0031847133757961785,0.0
2023,DeMarvion Overshown,LB,Texas,6-3,229.0,4.56,,15.0,124.0,,,True,3.0,90.0,8.18,32.25,16.7,9.4,90.0,10.5,11.3,2.8,290.0,1.0,0.7,6.1,329.0,78.5,0.0,2.0,9.5,0.0,0.0060790273556231
2023,Owen Pappoe,LB,Auburn,6-0,225.0,4.39,35.5,29.0,126.0,,,True,5.0,168.0,9.34,31.75,11.8,5.3,39.0,5.3,5.7,5.4,345.0,1.0,0.5,8.8,422.0,91.5,1.0,3.0,11.6,0.002369668246445498,0.0071090047393364926
2023,Drew Sanders,LB,Arkansas,6-4,235.0,,,,,,,True,3.0,67.0,8.97,32.12,22.7,18.0,148.0,7.7,14.3,3.7,342.0,0.0,0.7,7.7,356.0,70.6,1.0,2.0,12.2,0.0028089887640449437,0.0056179775280898875
2023,Noah Sewell,LB,Oregon,6-2,246.0,4.64,33.0,27.0,115.0,,,True,5.0,148.0,8.38,31.62,17.1,16.3,95.0,5.3,5.9,4.0,231.0,0.0,0.9,6.5,275.0,74.3,1.0,2.0,8.5,0.0036363636363636364,0.007272727272727273
2023,Trenton Simpson,LB,Clemson,6-2,235.0,4.43,,25.0,,,,True,3.0,86.0,9.84,32.38,7.7,4.8,109.0,6.6,11.4,4.4,229.0,1.0,0.7,11.1,284.0,72.3,0.0,1.0,7.4,0.0,0.0035211267605633804
2023,Charlie Thomas,LB,Georgia Tech,6-3,216.0,4.52,32.5,18.0,124.0,7.09,4.34,False,,,8.22,31.5,19.1,19.5,89.0,9.3,10.7,4.2,379.0,0.0,1.2,2.3,298.0,77.0,2.0,1.0,6.4,0.006711409395973154,0.003355704697986577
2023,Henry To'oTo'o,LB,Alabama,6-1,227.0,4.62,32.0,,116.0,,4.4,True,5.0,167.0,6.82,,6.1,9.2,94.0,10.5,11.4,2.5,348.0,1.0,0.6,0.0,408.0,81.3,0.0,0.0,9.8,0.0,0.0
2023,Dorian Williams,LB,Tulane,6-1,228.0,4.49,33.5,,120.0,,,True,3.0,91.0,8.81,33.75,10.5,10.5,95.0,9.5,8.2,3.7,387.0,2.0,0.5,14.8,367.0,79.4,2.0,3.0,13.1,0.005449591280653951,0.008174386920980926
2023,Dee Winters,LB,TCU,5-11,227.0,4.49,30.5,,117.0,,,True,6.0,216.0,5.71,31.62,6.0,3.9,108.0,5.0,9.4,3.8,451.0,0.0,0.8,2.3,425.0,79.7,1.0,1.0,9.2,0.002352941176470588,0.002352941176470588
