Year,Player,Pos,School,Height,Weight,40yd,Vertical,Bench,Broad Jump,3Cone,Shuttle,Drafted,Round,Pick,RAS,arm_length_inches,true_pass_set_pressure_rate,true_pass_set_sack_rate,snap_counts_pass_block,snap_counts_run_block,grades_run_block,gap_rate,zone_rate,penalty_rate
2015,Jamon Brown,OT,Louisville,6-4,323.0,5.08,,,,,,True,3.0,72.0,,34.38,0.04807692307692308,0.004807692307692308,208.0,417.0,84.3,0.37200000000000005,0.0,0.0
2015,Cameron Clear,OT,Texas A&M,6-5,277.0,4.98,32.0,,108.0,7.52,4.48,False,,,,33.62,,,,,,,,
2015,T.J. Clemmings,OT,Pittsburgh,6-5,309.0,5.14,32.5,22.0,111.0,7.68,4.54,True,4.0,110.0,,35.12,0.043209876543209874,0.012345679012345678,162.0,553.0,84.0,0.45799999999999996,0.024,0.006993006993006993
2015,Takoby Cofield,OT,Duke,6-4,310.0,5.19,30.0,23.0,101.0,8.09,4.79,False,,,,34.0,0.08387096774193549,0.0064516129032258064,155.0,428.0,73.3,0.187,0.0,0.003430531732418525
2015,La'el Collins,OT,LSU,6-4,305.0,5.1,27.0,21.0,108.0,7.7,4.63,False,,,,33.25,0.009433962264150943,0.0,106.0,522.0,90.7,0.159,0.0,0.004777070063694267
2015,Rob Crisp,OT,Boise State,6-7,301.0,5.26,32.5,26.0,107.0,8.07,4.6,False,,,,34.5,,,,,,,,
2015,Andrew Donnal,OT,Iowa,6-6,313.0,5.31,32.0,17.0,101.0,7.84,4.77,True,4.0,119.0,,33.5,0.07234042553191489,0.00425531914893617,235.0,446.0,82.1,0.11699999999999999,0.0,0.0
2015,Jake Fisher,OT,Oregon,6-6,306.0,5.01,32.5,25.0,,7.25,4.33,True,2.0,53.0,,33.75,0.0684931506849315,0.0136986301369863,73.0,407.0,72.8,0.221,0.002,0.014583333333333334
2015,Ereck Flowers,OT,Miami (FL),6-6,329.0,5.31,,37.0,,,,True,1.0,9.0,,34.5,0.04516129032258064,0.0,155.0,341.0,78.2,0.235,0.0,0.010080645161290322
2015,Laurence Gibson,OT,Virginia Tech,6-6,305.0,5.04,33.5,24.0,113.0,7.72,4.56,True,7.0,243.0,,35.12,0.08928571428571429,0.0035714285714285713,280.0,443.0,81.7,0.312,0.0,0.004149377593360996
2015,Chaz Green,OT,Florida,6-5,314.0,5.16,29.5,21.0,106.0,8.0,4.7,True,3.0,91.0,,33.38,0.05714285714285714,0.0,105.0,304.0,62.5,0.385,0.0,0.0024449877750611247
2015,Rob Havenstein,OT,Wisconsin,6-7,321.0,5.46,28.5,16.0,96.0,8.28,4.87,True,2.0,57.0,,33.75,0.0875,0.00625,160.0,596.0,80.4,0.258,0.0,0.0013227513227513227
2015,Sean Hickey,OT,Syracuse,6-5,309.0,5.39,,35.0,,,,False,,,,32.75,0.026490066225165563,0.006622516556291391,151.0,367.0,76.5,0.177,0.0,0.003861003861003861
2015,D.J. Humphries,OT,Florida,6-5,307.0,5.12,31.0,26.0,104.0,7.87,4.64,True,1.0,24.0,,33.62,0.054945054945054944,0.01098901098901099,91.0,337.0,71.7,0.389,0.0,0.0
2015,Darrian Miller,OT,Kentucky,6-5,307.0,5.51,25.0,,97.0,7.91,4.87,False,,,,33.0,0.1349206349206349,0.023809523809523808,126.0,308.0,78.0,0.43799999999999994,0.0,0.002304147465437788
2015,Cedric Ogbuehi,OT,Texas A&M,6-5,306.0,4.98,,23.0,,,,True,1.0,21.0,,35.88,0.06072874493927125,0.016194331983805668,247.0,331.0,71.7,0.263,0.0,0.0034602076124567475
2015,Andrus Peat,OT,Stanford,6-7,313.0,5.18,31.0,,105.0,8.01,4.62,True,1.0,13.0,,34.38,0.03333333333333333,0.009523809523809525,210.0,401.0,73.7,0.564,0.0,0.004909983633387889
2015,Terry Poole,OT,San Diego State,6-5,307.0,5.09,31.0,25.0,113.0,7.9,4.66,True,4.0,130.0,,33.25,0.072,0.016,125.0,488.0,81.2,0.39299999999999996,0.0,0.004893964110929853
2015,Corey Robinson,OT,South Carolina,6-7,324.0,5.34,,28.0,,,,True,7.0,240.0,,35.62,0.03088803088803089,0.003861003861003861,259.0,423.0,86.5,0.243,0.002,0.001466275659824047
2015,Ty Sambrailo,OT,Colorado State,6-6,311.0,5.36,29.0,23.0,97.0,7.54,4.58,True,2.0,59.0,,33.0,0.05755395683453238,0.0,139.0,257.0,80.6,0.152,0.0,0.0025252525252525255
2015,Brandon Scherff,OT,Iowa,6-5,319.0,5.05,,23.0,,,,True,1.0,5.0,,33.38,0.06896551724137931,0.0,232.0,445.0,91.1,0.115,0.0,0.0014771048744460858
2015,Austin Shepherd,OT,Alabama,6-4,315.0,5.39,29.0,17.0,94.0,8.04,4.7,True,7.0,228.0,,32.88,0.06422018348623854,0.009174311926605505,109.0,453.0,78.0,0.18100000000000002,0.0,0.0
2015,Donovan Smith,OT,Penn State,6-6,338.0,5.27,32.0,26.0,109.0,7.95,4.79,True,2.0,34.0,,34.38,0.05223880597014925,0.014925373134328358,134.0,281.0,62.5,0.45899999999999996,0.0,0.0024096385542168677
2015,Tyrus Thompson,OT,Oklahoma,6-5,324.0,5.35,29.0,29.0,97.0,,4.92,True,6.0,185.0,,34.88,0.07874015748031496,0.007874015748031496,127.0,486.0,79.7,0.22399999999999998,0.0,0.004893964110929853
2015,Daryl Williams,OT,Oklahoma,6-5,327.0,5.34,26.0,27.0,97.0,,5.15,True,4.0,102.0,,35.0,0.061068702290076333,0.0,131.0,480.0,81.7,0.22699999999999998,0.0,0.006546644844517185
2016,Vadal Alexander,OT,LSU,6-5,326.0,5.57,24.0,25.0,95.0,8.04,4.9,True,7.0,234.0,,35.25,0.12396694214876033,0.0,121.0,472.0,83.6,0.32,0.557,0.011804384485666104
2016,Willie Beavers,OT,West. Michigan,6-5,321.0,5.28,25.5,20.0,103.0,7.96,4.71,True,4.0,121.0,,33.5,0.152317880794702,0.013245033112582781,151.0,421.0,68.1,0.24,0.627,0.01048951048951049
2016,Caleb Benenoch,OT,UCLA,6-5,311.0,4.98,28.0,,104.0,8.15,5.11,True,5.0,148.0,,34.12,0.10185185185185185,0.004629629629629629,216.0,423.0,86.3,0.423,0.47,0.012519561815336464
2016,Le'Raven Clark,OT,Texas Tech,6-5,316.0,5.16,,18.0,,,,True,3.0,82.0,,36.12,0.07547169811320754,0.0047169811320754715,212.0,357.0,86.9,0.207,0.555,0.008787346221441126
2016,Shon Coleman,OT,Auburn,6-5,307.0,5.18,,22.0,,,,True,3.0,76.0,,35.12,0.0625,0.017857142857142856,112.0,511.0,88.5,0.47600000000000003,0.319,0.0032102728731942215
2016,Jack Conklin,OT,Michigan State,6-6,308.0,5.0,30.0,25.0,103.0,7.63,4.57,True,1.0,8.0,,35.0,0.04819277108433735,0.006024096385542169,166.0,417.0,93.9,0.635,0.213,0.003430531732418525
2016,Fahn Cooper,OT,Mississippi,6-4,303.0,5.17,25.0,19.0,102.0,7.85,4.89,True,5.0,174.0,,34.75,0.05825242718446602,0.0,103.0,346.0,63.6,0.474,0.364,0.004454342984409799
2016,Joe Dahl,OT,Washington State,6-4,304.0,5.18,31.0,28.0,109.0,7.64,4.77,True,5.0,151.0,,33.12,0.050387596899224806,0.007751937984496124,258.0,180.0,82.3,0.244,0.556,0.0045662100456621
2016,Taylor Decker,OT,Ohio State,6-7,310.0,5.23,29.0,20.0,101.0,7.7,4.76,True,1.0,16.0,,33.75,0.047619047619047616,0.0,105.0,497.0,87.4,0.445,0.344,0.0049833887043189366
2016,Spencer Drango,OT,Baylor,6-6,315.0,5.27,27.0,30.0,100.0,7.88,4.66,True,5.0,168.0,,33.75,0.03278688524590164,0.0,61.0,599.0,90.9,0.441,0.337,0.006060606060606061
2016,Parker Ehinger,OT,Cincinnati,6-6,310.0,5.26,27.5,,97.0,,,True,4.0,105.0,,33.0,0.0759493670886076,0.008438818565400843,237.0,411.0,73.8,0.253,0.62,0.006172839506172839
2016,Joe Haeg,OT,North Dakota State,6-6,304.0,5.16,27.5,,111.0,7.47,4.47,True,5.0,155.0,,33.75,,,,,,,,
2016,Jerald Hawkins,OT,LSU,6-6,305.0,5.23,23.5,23.0,100.0,8.19,4.89,True,4.0,123.0,,34.25,0.10126582278481013,0.02531645569620253,79.0,424.0,82.0,0.314,0.573,0.005964214711729622
2016,Germain Ifedi,OT,Texas A&M,6-6,324.0,5.27,32.5,24.0,109.0,,4.75,True,1.0,31.0,,36.0,0.06666666666666667,0.01904761904761905,210.0,411.0,78.5,0.34299999999999997,0.496,0.008051529790660225
2016,Dominick Jackson,OT,Alabama,6-5,313.0,5.38,26.0,20.0,97.0,,,False,,,,33.0,0.05309734513274336,0.0,113.0,530.0,82.6,0.36200000000000004,0.534,0.00933125972006221
2016,Tyler Johnstone,OT,Oregon,6-5,301.0,5.21,30.5,24.0,104.0,7.31,4.6,False,,,,34.0,0.125,0.020833333333333332,96.0,503.0,72.9,0.35200000000000004,0.515,0.00333889816360601
2016,Denver Kirkland,OT,Arkansas,6-4,335.0,5.55,22.5,19.0,94.0,8.72,5.06,False,,,,34.62,0.125,0.013888888888888888,144.0,469.0,87.0,0.531,0.23199999999999998,0.0016313213703099511
2016,Alex Lewis,OT,Nebraska,6-6,312.0,5.22,29.5,27.0,100.0,7.94,4.72,True,4.0,130.0,,,0.04830917874396135,0.0,207.0,458.0,75.0,0.29,0.439,0.006015037593984963
2016,Tyler Marz,OT,Wisconsin,6-7,316.0,5.54,27.5,19.0,99.0,8.38,4.97,False,,,,33.5,0.058365758754863814,0.011673151750972763,257.0,458.0,84.8,0.67,0.19,0.004195804195804196
2016,Kyle Murphy,OT,Stanford,6-6,305.0,5.19,,23.0,,,,True,6.0,200.0,,33.5,0.059880239520958084,0.017964071856287425,167.0,532.0,88.6,0.7440000000000001,0.18600000000000003,0.002861230329041488
2016,Stephane Nembot,OT,Colorado,6-7,322.0,5.39,26.5,32.0,103.0,8.55,5.15,False,,,,34.62,0.09274193548387097,0.016129032258064516,248.0,442.0,77.7,0.46799999999999997,0.389,0.007246376811594203
2016,Rees Odhiambo,OT,Boise State,6-4,314.0,5.17,,23.0,,,,True,3.0,97.0,,33.25,0.09090909090909091,0.010101010101010102,99.0,248.0,74.7,0.536,0.32299999999999995,0.002881844380403458
2016,Dominique Robertson,OT,West Georgia,6-5,324.0,5.36,28.5,30.0,100.0,8.42,4.83,False,,,,36.0,,,,,,,,
2016,Brandon Shell,OT,South Carolina,6-5,324.0,5.22,30.5,22.0,112.0,,,True,5.0,158.0,,34.75,0.03205128205128205,0.0,156.0,367.0,73.9,0.332,0.474,0.0038240917782026767
2016,Pearce Slater,OT,San Diego State,6-7,329.0,5.42,23.0,17.0,92.0,8.36,5.12,False,,,,35.25,0.13131313131313133,0.04040404040404041,99.0,614.0,88.6,0.586,0.233,0.009817671809256662
2016,Jason Spriggs,OT,Indiana,6-6,301.0,4.94,31.5,31.0,115.0,7.7,4.44,True,2.0,48.0,,34.12,0.032679738562091505,0.006535947712418301,153.0,567.0,81.0,0.282,0.617,0.001388888888888889
2016,Ronnie Stanley,OT,Notre Dame,6-6,312.0,5.2,28.5,,,8.03,4.9,True,1.0,6.0,,35.62,0.03184713375796178,0.006369426751592357,157.0,391.0,87.4,0.368,0.491,0.010948905109489052
2016,John Theus,OT,Georgia,6-6,313.0,5.22,28.0,,103.0,7.9,4.78,True,5.0,145.0,,34.5,0.05970149253731343,0.014925373134328358,134.0,454.0,80.1,0.33,0.5770000000000001,0.006802721088435374
2016,Joe Thuney,OT,North Carolina State,6-5,304.0,4.95,28.5,28.0,110.0,7.47,4.54,True,3.0,78.0,,32.25,0.020942408376963352,0.010471204188481676,191.0,437.0,92.5,0.165,0.59,0.006369426751592357
2016,Cole Toner,OT,Harvard,6-5,306.0,5.32,26.0,22.0,103.0,7.88,4.59,True,5.0,170.0,,33.12,,,,,,,,
2016,Laremy Tunsil,OT,Mississippi,6-5,310.0,5.23,,,,,,True,1.0,13.0,,34.25,0.09433962264150944,0.0,53.0,172.0,90.6,0.5,0.384,0.0044444444444444444
2016,Halapoulivaati Vaitai,OT,TCU,6-6,320.0,5.26,29.0,23.0,113.0,8.26,5.0,True,5.0,164.0,,34.25,,,,,,,,
2016,Cody Whitehair,OT,Kansas State,6-4,301.0,5.02,25.5,16.0,110.0,7.32,4.58,True,2.0,56.0,,32.38,0.042682926829268296,0.006097560975609756,164.0,468.0,94.7,0.42700000000000005,0.308,0.004746835443037975
2016,Avery Young,OT,Auburn,6-5,328.0,5.39,,,,8.22,4.91,False,,,,33.75,0.08490566037735849,0.0,106.0,512.0,72.9,0.469,0.33,0.008090614886731391
2017,Adam Bisnowaty,OT,Pittsburgh,6-6,304.0,5.23,29.5,23.0,96.0,8.02,4.94,True,6.0,200.0,4.46,33.88,0.0967741935483871,0.010752688172043012,93.0,489.0,76.1,0.184,0.503,0.006872852233676976
2017,Garrett Bolles,OT,Utah,6-5,297.0,4.95,28.0,,115.0,7.29,4.55,True,1.0,20.0,9.46,,,,,,,,,
2017,Daniel Brunskill,OT,San Diego State,6-5,273.0,,28.0,17.0,106.0,7.9,4.84,False,,,4.24,33.88,0.07692307692307693,0.0,91.0,561.0,85.8,0.522,0.321,0.006134969325153374
2017,Collin Buchanan,OT,Miami (OH),6-5,316.0,,25.0,23.0,97.0,,,False,,,,32.38,0.0457516339869281,0.006535947712418301,153.0,364.0,61.0,0.319,0.613,0.0
2017,Julien Davenport,OT,Bucknell,6-7,318.0,5.45,27.0,18.0,106.0,7.57,4.69,False,,,5.17,36.5,,,,,,,,
2017,J.J. Dielman,OT,Utah,6-5,309.0,,,27.0,,,,True,5.0,176.0,,32.25,,,,,,,,
2017,Antonio Garcia,OT,Troy,6-6,302.0,5.15,31.0,24.0,108.0,7.98,4.94,True,3.0,85.0,7.28,33.38,0.039473684210526314,0.0,152.0,415.0,64.6,0.27699999999999997,0.59,0.010582010582010581
2017,Will Holden,OT,Vanderbilt,6-7,311.0,5.47,28.0,23.0,111.0,7.71,4.72,True,5.0,157.0,,33.25,0.09090909090909091,0.02727272727272727,220.0,448.0,83.3,0.415,0.509,0.0014970059880239522
2017,Roderick Johnson,OT,Florida State,6-7,298.0,,,,,,,True,5.0,160.0,7.36,36.0,0.049773755656108594,0.00904977375565611,221.0,441.0,73.9,0.311,0.594,0.006042296072507553
2017,Javarius Leamon,OT,South Carolina State,6-7,332.0,,23.5,22.0,,,,False,,,2.18,35.25,,,,,,,,
2017,Conor McDermott,OT,UCLA,6-8,307.0,5.18,28.5,,105.0,7.52,4.58,True,6.0,211.0,8.7,34.75,0.05,0.007692307692307693,260.0,302.0,75.0,0.371,0.563,0.0035587188612099642
2017,Taylor Moton,OT,West. Michigan,6-5,319.0,5.18,30.5,23.0,109.0,7.73,4.58,True,2.0,64.0,8.47,34.12,0.035211267605633804,0.0,142.0,561.0,81.1,0.21899999999999997,0.722,0.005689900426742532
2017,Ryan Ramczyk,OT,Wisconsin,6-6,310.0,,,25.0,,,,True,1.0,32.0,,33.75,0.02531645569620253,0.0,158.0,605.0,91.4,0.539,0.293,0.0
2017,Cam Robinson,OT,Alabama,6-6,322.0,5.15,26.0,,106.0,7.81,4.82,True,2.0,34.0,7.98,35.5,0.06976744186046512,0.007751937984496124,129.0,495.0,77.3,0.307,0.628,0.003205128205128205
2017,Justin Senior,OT,Mississippi State,6-5,331.0,5.55,23.0,,98.0,8.19,5.06,True,6.0,210.0,0.64,34.0,0.06,0.02,150.0,502.0,79.4,0.33299999999999996,0.55,0.009202453987730062
2017,David Sharpe,OT,Florida,6-6,343.0,5.44,20.5,19.0,97.0,7.87,4.78,True,4.0,129.0,2.79,35.38,0.04477611940298507,0.009950248756218905,201.0,368.0,67.2,0.38299999999999995,0.516,0.0
2017,Dan Skipper,OT,Arkansas,6-10,309.0,5.42,26.0,,97.0,7.61,5.01,False,,,2.96,33.38,0.0945945945945946,0.0045045045045045045,222.0,457.0,74.0,0.562,0.293,0.016200294550810016
2017,Sam Tevi,OT,Utah,6-5,311.0,5.27,26.0,15.0,107.0,7.84,4.6,True,6.0,190.0,5.78,34.0,0.06837606837606838,0.0,117.0,412.0,70.7,0.45399999999999996,0.49,0.001890359168241966
2017,Jerry Ugokwe,OT,William & Mary,6-7,321.0,5.61,26.0,18.0,103.0,8.35,5.17,False,,,1.46,35.38,,,,,,,,
2017,Chad Wheeler,OT,USC,6-7,306.0,5.48,20.5,15.0,105.0,,5.01,False,,,1.7,33.12,0.07602339181286549,0.005847953216374269,171.0,400.0,61.8,0.39799999999999996,0.523,0.0017513134851138354
2018,David Bright,OT,Stanford,6-5,307.0,,,,,,,False,,,,33.25,,,,,,,,
2018,Orlando Brown,OT,Oklahoma,6-8,345.0,5.85,19.5,14.0,82.0,7.87,5.38,True,3.0,83.0,0.7,35.0,0.04310344827586207,0.008620689655172414,116.0,456.0,89.4,0.45,0.474,0.006993006993006993
2018,Alex Cappa,OT,Humboldt State,6-6,305.0,5.39,26.5,24.0,97.0,8.04,4.84,True,3.0,94.0,,32.62,,,,,,,,
2018,Geron Christian,OT,Louisville,6-5,298.0,5.33,,19.0,,,,True,3.0,74.0,2.67,35.0,0.06167400881057269,0.013215859030837005,227.0,360.0,59.7,0.467,0.467,0.0068143100511073255
2018,Tyrell Crosby,OT,Oregon,6-5,309.0,5.23,30.0,17.0,105.0,7.89,4.77,True,5.0,153.0,,35.25,0.02127659574468085,0.0,94.0,548.0,78.1,0.392,0.5529999999999999,0.00778816199376947
2018,Nick Gates,OT,Nebraska,6-5,307.0,5.46,24.0,20.0,94.0,7.61,4.68,False,,,,32.0,0.08040201005025126,0.005025125628140704,199.0,334.0,72.7,0.503,0.314,0.009380863039399626
2018,Desmond Harrison,OT,West Georgia,6-6,292.0,4.9,,,,,,False,,,8.17,34.0,,,,,,,,
2018,Jamarco Jones,OT,Ohio State,6-4,299.0,5.5,24.0,,102.0,8.32,4.99,True,5.0,168.0,0.51,35.12,0.047619047619047616,0.0,147.0,448.0,84.1,0.272,0.672,0.0033613445378151263
2018,Jaryd Jones-Smith,OT,Pittsburgh,6-6,317.0,5.22,27.0,16.0,109.0,8.1,4.94,False,,,,36.25,0.16666666666666666,0.05,120.0,296.0,65.2,0.311,0.568,0.002403846153846154
2018,Rick Leonard,OT,Florida State,6-7,311.0,,,19.0,,,,True,4.0,127.0,,32.25,0.07100591715976332,0.01775147928994083,169.0,391.0,68.4,0.253,0.693,0.005357142857142857
2018,Mike McGlinchey,OT,Notre Dame,6-8,309.0,,28.5,24.0,105.0,,,True,1.0,9.0,,34.0,0.06666666666666667,0.016666666666666666,180.0,459.0,92.0,0.479,0.434,0.0
2018,Kolton Miller,OT,UCLA,6-9,309.0,4.95,31.5,24.0,121.0,7.34,4.49,True,1.0,15.0,9.99,34.12,0.04639175257731959,0.005154639175257732,194.0,349.0,74.3,0.298,0.5529999999999999,0.003683241252302026
2018,Joseph Noteboom,OT,TCU,6-5,309.0,4.96,24.0,27.0,102.0,7.65,4.44,True,3.0,89.0,,34.38,,,,,,,,
2018,Brian O'neill,OT,Pittsburgh,6-7,297.0,4.82,29.5,22.0,107.0,7.14,4.5,True,2.0,62.0,9.6,34.12,0.04242424242424243,0.0,165.0,396.0,68.4,0.321,0.535,0.0
2018,Chukwuma Okorafor,OT,West. Michigan,6-6,320.0,5.31,23.5,19.0,102.0,7.87,4.8,True,3.0,92.0,4.1,34.5,0.09090909090909091,0.015151515151515152,66.0,473.0,65.3,0.195,0.765,0.0055658627087198514
2018,Brandon Parker,OT,North Carolina A&T,6-8,305.0,5.4,28.5,,113.0,7.82,4.68,True,3.0,65.0,6.6,35.0,,,,,,,,
2018,Timon Parris,OT,Stony Brook,6-6,312.0,,,27.0,,,,False,,,,33.88,,,,,,,,
2018,Will Richardson,OT,North Carolina State,6-6,306.0,5.26,31.5,,108.0,7.8,4.83,True,4.0,129.0,5.91,35.25,0.02142857142857143,0.0,140.0,402.0,77.0,0.062,0.8109999999999999,0.0036900369003690036
2018,Greg Senat,OT,Wagner,6-6,302.0,5.38,26.0,19.0,106.0,7.41,4.71,True,6.0,212.0,5.85,34.88,,,,,,,,
2018,Rod Taylor,OT,Mississippi,6-3,320.0,5.24,30.5,,99.0,,,True,7.0,252.0,,34.25,0.07482993197278912,0.006802721088435374,147.0,275.0,70.5,0.545,0.35600000000000004,0.011848341232227487
2018,Brett Toth,OT,Army,6-6,291.0,,,,,,,False,,,5.97,33.38,0.25,0.08333333333333333,12.0,737.0,84.9,0.22399999999999998,0.315,0.0
2018,Toby Weathersby,OT,LSU,6-4,317.0,5.34,24.5,28.0,106.0,8.55,5.38,False,,,3.1,33.25,0.07777777777777778,0.0,90.0,403.0,68.1,0.46399999999999997,0.36200000000000004,0.002028397565922921
2018,Connor Williams,OT,Texas,6-5,296.0,5.05,34.0,26.0,112.0,7.83,4.63,True,2.0,50.0,,33.0,0.1016949152542373,0.0,59.0,135.0,83.4,0.35600000000000004,0.593,0.020618556701030927
2019,Paul Adams,OT,Missouri,6-6,317.0,5.18,27.0,16.0,103.0,7.68,4.74,False,,,6.5,33.5,0.12666666666666668,0.02,150.0,500.0,64.9,0.384,0.586,0.007692307692307693
2019,Jackson Barton,OT,Utah,6-7,310.0,5.18,27.0,25.0,109.0,7.85,4.66,True,7.0,240.0,8.25,34.0,0.07407407407407407,0.012345679012345678,81.0,475.0,59.7,0.39399999999999996,0.547,0.0017985611510791368
2019,Yodny Cajuste,OT,West Virginia,6-5,312.0,,,32.0,,,,True,3.0,101.0,,34.0,0.0423728813559322,0.0,118.0,298.0,76.6,0.242,0.611,0.016826923076923076
2019,Dennis Daley,OT,South Carolina,6-5,317.0,5.23,26.5,20.0,103.0,7.95,4.92,True,6.0,212.0,3.89,33.38,0.1056338028169014,0.014084507042253521,142.0,304.0,67.5,0.276,0.6779999999999999,0.004484304932735426
2019,Andre Dillard,OT,Washington State,6-5,315.0,4.96,29.0,24.0,118.0,7.44,4.4,True,1.0,22.0,9.81,33.5,0.02120141342756184,0.0035335689045936395,283.0,240.0,71.8,0.27899999999999997,0.5379999999999999,0.0
2019,Chuma Edoga,OT,USC,6-3,308.0,5.19,,21.0,,,,True,3.0,92.0,,34.75,0.030612244897959183,0.0,98.0,248.0,59.2,0.391,0.552,0.014450867052023121
2019,David Edwards,OT,Wisconsin,6-6,308.0,5.28,25.5,,99.0,7.69,4.77,True,5.0,169.0,4.71,33.38,0.13432835820895522,0.022388059701492536,134.0,387.0,76.6,0.46299999999999997,0.39,0.003838771593090211
2019,Bobby Evans,OT,Oklahoma,6-4,312.0,5.2,,22.0,,,,True,3.0,97.0,,34.75,0.14,0.02,100.0,414.0,69.8,0.49,0.40299999999999997,0.011673151750972763
2019,Cody Ford,OT,Oklahoma,6-4,329.0,5.21,28.5,19.0,104.0,8.27,4.87,True,2.0,38.0,,34.0,0.04,0.0,100.0,414.0,72.2,0.49,0.40299999999999997,0.01556420233463035
2019,Derwin Gray,OT,Maryland,6-4,320.0,5.26,,26.0,90.0,,,True,7.0,219.0,3.04,34.38,0.07142857142857142,0.01020408163265306,98.0,335.0,56.7,0.19699999999999998,0.5579999999999999,0.013856812933025405
2019,Donnell Greene,OT,Minnesota,6-5,335.0,,,,,,,False,,,,35.25,0.05,0.01,100.0,384.0,73.9,0.14300000000000002,0.8390000000000001,0.008264462809917356
2019,Tytus Howard,OT,Alabama State,6-5,322.0,5.05,29.5,21.0,103.0,8.34,4.87,True,1.0,23.0,,34.0,,,,,,,,
2019,Mitch Hyatt,OT,Clemson,6-5,303.0,,25.5,28.0,102.0,7.72,4.52,False,,,6.16,34.12,0.08208955223880597,0.007462686567164179,134.0,402.0,67.9,0.366,0.59,0.0037313432835820895
2019,Andre James,OT,UCLA,6-4,299.0,5.32,29.0,21.0,105.0,8.0,4.84,False,,,,32.0,0.08786610878661087,0.02092050209205021,239.0,385.0,62.1,0.426,0.525,0.0016025641025641025
2019,Devon Johnson,OT,Ferris State,6-7,338.0,5.16,27.5,26.0,89.0,8.34,5.28,False,,,5.64,31.25,,,,,,,,
2019,Tyler Jones,OT,North Carolina State,6-3,306.0,,31.5,23.0,111.0,7.75,4.82,False,,,,33.75,0.057692307692307696,0.0,156.0,428.0,64.6,0.033,0.904,0.0017123287671232876
2019,Michael Jordan,OT,Ohio State,6-6,312.0,5.27,32.5,19.0,116.0,7.71,4.71,True,4.0,136.0,,34.25,,,,,,,,
2019,Brandon Knight,OT,Indiana,6-4,314.0,,,,,,,False,,,,34.0,0.07801418439716312,0.0,282.0,329.0,62.3,0.122,0.79,0.006546644844517185
2019,Greg Little,OT,Mississippi,6-5,310.0,5.33,25.0,,113.0,,4.74,True,2.0,37.0,3.58,33.25,0.05303030303030303,0.007575757575757576,132.0,312.0,63.2,0.542,0.285,0.0
2019,Kaleb McGary,OT,Washington,6-7,317.0,5.05,33.5,23.0,111.0,7.66,4.58,True,1.0,31.0,9.83,32.88,0.052132701421800945,0.004739336492890996,211.0,510.0,75.6,0.39799999999999996,0.488,0.008321775312066574
2019,Joshua Miles,OT,Morgan State,6-5,314.0,5.32,36.0,,109.0,8.07,4.75,True,7.0,248.0,5.36,35.62,,,,,,,,
2019,Yosh Nijman,OT,Virginia Tech,6-7,324.0,,,27.0,114.0,8.07,4.5,False,,,9.8,34.0,0.0625,0.0,96.0,295.0,60.6,0.33899999999999997,0.508,0.0
2019,Ross Pierschbacher,OT,Alabama,6-4,307.0,5.2,22.5,20.0,,7.83,4.7,True,5.0,153.0,,32.12,,,,,,,,
2019,Trey Pipkins,OT,Sioux Falls,6-6,309.0,5.12,33.5,16.0,114.0,7.61,4.7,True,3.0,91.0,8.85,33.88,,,,,,,,
2019,Ryan Pope,OT,San Diego State,6-7,320.0,,,25.0,,,,False,,,8.17,34.25,0.0425531914893617,0.014184397163120567,141.0,455.0,67.5,0.40700000000000003,0.455,0.020134228187919462
2019,Isaiah Prince,OT,Ohio State,6-6,305.0,5.09,27.0,23.0,115.0,7.9,5.02,True,6.0,202.0,7.6,35.5,0.07488986784140969,0.004405286343612335,227.0,476.0,79.7,0.273,0.66,0.011379800853485065
2019,Dalton Risner,OT,Kansas State,6-5,312.0,5.3,28.5,23.0,110.0,7.69,4.52,True,2.0,41.0,,34.0,0.013071895424836602,0.0,153.0,440.0,85.4,0.457,0.457,0.0016863406408094434
2019,Tyler Roemer,OT,San Diego State,6-6,312.0,5.21,30.5,18.0,108.0,7.75,4.76,False,,,8.03,33.88,0.14423076923076922,0.019230769230769232,104.0,371.0,70.9,0.41,0.47200000000000003,0.00631578947368421
2019,Dru Samia,OT,Oklahoma,6-5,305.0,5.29,27.5,28.0,101.0,7.89,4.7,True,4.0,114.0,,33.0,,,,,,,,
2019,Max Scharping,OT,Northern Illinois,6-6,327.0,,28.0,27.0,108.0,7.77,4.69,True,2.0,55.0,8.82,33.62,,,,,,,,
2019,William Sweet,OT,North Carolina,6-6,313.0,5.27,30.5,23.0,111.0,8.01,5.0,False,,,6.01,34.38,0.043010752688172046,0.0,93.0,324.0,74.3,0.40700000000000003,0.515,0.002398081534772182
2019,Jawaan Taylor,OT,Florida,6-5,312.0,,,24.0,,,,True,2.0,35.0,,35.12,0.05154639175257732,0.010309278350515464,97.0,421.0,83.2,0.41100000000000003,0.49200000000000005,0.009652509652509652
2019,Oli Udoh,OT,Elon,6-5,323.0,5.05,28.5,26.0,105.0,7.88,5.05,False,,,,35.38,,,,,,,,
2019,Jonah Williams,OT,Alabama,6-4,302.0,5.12,28.0,23.0,100.0,8.01,4.79,True,1.0,11.0,5.44,33.62,0.04093567251461988,0.0,171.0,426.0,83.6,0.371,0.596,0.0033500837520938024
2021,Jackson Carman,OT,Clemson,6-4,317.0,,,,,,,True,2.0,46.0,,32.5,0.050505050505050504,0.020202020202020204,99.0,302.0,81.5,0.318,0.603,0.00997506234413965
2021,Parker Ferguson,OT,Air Force,6-3,306.0,5.19,31.0,24.0,105.0,7.75,4.9,False,,,6.48,,0.0,0.0,28.0,270.0,76.3,0.259,0.174,0.010067114093959731
2021,Walker Little,OT,Stanford,6-7,313.0,5.3,29.5,24.0,111.0,7.44,4.59,True,2.0,45.0,8.9,33.75,,,,,,,,
2021,Jaylon Moore,OT,West. Michigan,6-4,311.0,5.25,30.0,27.0,106.0,7.77,4.67,False,,,7.47,33.38,0.1,0.04,50.0,209.0,75.8,0.163,0.785,0.007722007722007722
2021,Dillon Radunz,OT,North Dakota St.,6-5,301.0,5.16,32.0,24.0,112.0,7.27,4.57,True,2.0,53.0,9.28,34.0,,,,,,,,
2021,Landon Young,OT,Kentucky,6-6,310.0,5.0,30.5,34.0,108.0,7.7,4.89,True,6.0,206.0,9.16,33.75,0.09278350515463918,0.010309278350515464,97.0,394.0,75.7,0.292,0.652,0.006109979633401222
2022,Charles Cross,OT,Mississippi St.,6-5,307.0,4.95,26.0,,112.0,7.88,4.61,True,1.0,9.0,7.57,34.5,0.048,0.0,125.0,200.0,87.2,0.165,0.81,0.024615384615384615
2022,Myron Cunningham,OT,Arkansas,6-5,320.0,5.38,20.0,,98.0,8.5,5.16,False,,,2.08,34.5,0.1038961038961039,0.012987012987012988,77.0,505.0,69.3,0.265,0.618,0.003436426116838488
2022,Austin Deculus,OT,LSU,6-5,321.0,5.08,28.5,,109.0,,4.99,True,6.0,205.0,8.24,34.38,0.05806451612903226,0.0,155.0,332.0,57.1,0.47,0.473,0.006160164271047228
2022,Kellen Diesch,OT,Arizona St.,6-7,301.0,4.89,32.5,,110.0,7.77,4.43,False,,,9.76,32.25,0.02666666666666667,0.0,150.0,410.0,84.3,0.376,0.524,0.007142857142857143
2022,Ikem Ekwonu,OT,North Carolina St.,6-4,310.0,4.93,29.0,,108.0,7.82,4.73,True,1.0,6.0,8.49,34.0,0.05291005291005291,0.015873015873015872,189.0,319.0,93.8,0.23199999999999998,0.705,0.005905511811023622
2022,Obinna Eze,OT,TCU,6-7,321.0,5.17,27.5,18.0,104.0,8.2,5.08,False,,,,36.12,,,,,,,,
2022,Daniel Faalele,OT,Minnesota,6-8,384.0,,,24.0,,,,True,4.0,110.0,2.39,35.12,0.06593406593406594,0.01098901098901099,91.0,535.0,78.9,0.521,0.441,0.006389776357827476
2022,Braxton Jones,OT,Southern Utah St.,6-5,310.0,4.97,25.5,,108.0,,4.84,True,5.0,168.0,8.43,35.38,,,,,,,,
2022,Vederian Lowe,OT,Illinois,6-5,314.0,5.22,25.5,,99.0,7.83,4.71,True,6.0,184.0,5.68,35.38,0.060810810810810814,0.02702702702702703,148.0,386.0,80.3,0.233,0.684,0.0018726591760299626
2022,Abraham Lucas,OT,Washington St.,6-6,315.0,4.92,27.0,24.0,107.0,7.25,4.4,True,3.0,72.0,9.73,33.88,0.041025641025641026,0.0,195.0,324.0,68.3,0.41,0.435,0.0019267822736030828
2022,Max Mitchell,OT,Louisiana,6-6,307.0,5.32,25.0,,106.0,8.09,4.65,True,4.0,111.0,5.52,33.5,,,,,,,,
2022,Thayer Munford,OT,Ohio St.,6-6,328.0,5.39,22.0,,104.0,,,True,7.0,238.0,,35.12,,,,,,,,
2022,Evan Neal,OT,Alabama,6-8,337.0,,,,,,,True,1.0,7.0,,34.0,0.04291845493562232,0.004291845493562232,233.0,423.0,80.4,0.26,0.7120000000000001,0.001524390243902439
2022,Trevor Penning,OT,Northern Iowa,6-7,325.0,4.89,28.0,,111.0,7.25,4.62,True,1.0,19.0,9.96,34.25,,,,,,,,
2022,Nicholas Petit-Frere,OT,Ohio St.,6-5,316.0,5.14,24.5,,103.0,,,True,3.0,69.0,6.27,33.62,0.07027027027027027,0.005405405405405406,185.0,315.0,84.3,0.26,0.6859999999999999,0.006
2022,Bernhard Raimann,OT,Central Michigan,6-6,303.0,5.05,30.5,30.0,117.0,7.46,4.49,True,3.0,77.0,9.88,32.88,,,,,,,,
2022,Dare Rosenthal,OT,Kentucky,6-7,290.0,4.88,,,,,,False,,,7.64,33.5,0.09565217391304348,0.008695652173913044,115.0,360.0,79.0,0.314,0.561,0.0
2022,Andrew Rupcich,OT,Culver-Stockton College,6-6,318.0,5.31,27.5,,108.0,,,False,,,,32.88,,,,,,,,
2022,Tyler Smith,OT,Tulsa,6-5,324.0,5.02,27.5,,105.0,7.78,4.65,True,1.0,24.0,,34.0,0.05442176870748299,0.013605442176870748,147.0,463.0,93.9,0.45399999999999996,0.49,0.022950819672131147
2022,Andrew Stueber,OT,Michigan,6-7,325.0,,24.5,,101.0,7.94,4.9,True,7.0,245.0,,34.12,0.03723404255319149,0.005319148936170213,188.0,500.0,65.0,0.65,0.26,0.0
2022,Luke Tenuta,OT,Virginia Tech,6-8,319.0,5.41,26.0,,104.0,,4.77,True,6.0,209.0,4.7,32.88,0.03418803418803419,0.017094017094017096,117.0,362.0,74.2,0.36200000000000004,0.561,0.006263048016701462
2022,Matt Waletzko,OT,North Dakota,6-8,312.0,5.03,30.0,,113.0,,,True,5.0,155.0,,36.12,,,,,,,,
2022,Rasheed Walker,OT,Penn St.,6-6,313.0,,,,,,,True,7.0,249.0,,33.62,0.08888888888888889,0.016666666666666666,180.0,271.0,59.4,0.33899999999999997,0.59,0.004434589800443459
2022,Nick Zakelj,OT,Fordham,6-6,316.0,5.13,28.5,27.0,110.0,7.75,4.71,True,6.0,187.0,,32.5,,,,,,,,
2023,Malaesala Aumavae-Laulu,OT,Oregon,6-6,317.0,5.23,28.5,,106.0,7.65,4.75,True,6.0,199.0,,34.5,0.061068702290076333,0.007633587786259542,131.0,433.0,76.1,0.591,0.32799999999999996,0.0070921985815602835
2023,Matthew Bergeron,OT,Syracuse,6-5,318.0,,30.5,,103.0,,,True,2.0,38.0,,33.75,0.04390243902439024,0.01951219512195122,205.0,294.0,69.0,0.354,0.52,0.004008016032064128
2023,Braeden Daniels,OT,Utah,6-4,294.0,4.99,30.5,,109.0,7.53,4.6,False,,,,33.0,0.05581395348837209,0.0,215.0,453.0,65.9,0.302,0.649,0.0014970059880239522
2023,Jaelyn Duncan,OT,Maryland,6-6,306.0,5.1,31.5,,113.0,,,False,,,9.02,33.0,0.11695906432748537,0.029239766081871343,171.0,327.0,61.9,0.315,0.618,0.008032128514056224
2023,Blake Freeland,OT,BYU,6-8,302.0,4.98,37.0,,120.0,7.46,4.71,True,4.0,106.0,9.84,33.88,,,,,,,,
2023,Connor Galvin,OT,Baylor,6-7,293.0,5.48,30.5,,104.0,8.0,4.92,False,,,5.34,32.38,0.033783783783783786,0.013513513513513514,148.0,472.0,74.3,0.32,0.583,0.0032258064516129032
2023,Richard Gouraige,OT,Florida,6-5,306.0,,,,,,,False,,,1.52,34.0,0.11290322580645161,0.008064516129032258,124.0,316.0,65.7,0.272,0.655,0.006818181818181818
2023,Anton Harrison,OT,Oklahoma,6-4,315.0,4.98,28.5,,105.0,,,True,1.0,27.0,7.95,34.12,0.05555555555555555,0.0,90.0,415.0,67.7,0.508,0.439,0.007920792079207921
2023,Ryan Hayes,OT,Michigan,6-6,298.0,5.18,30.0,,103.0,7.39,,True,7.0,238.0,8.91,32.5,0.04861111111111111,0.0,144.0,432.0,72.1,0.623,0.345,0.0
2023,Mark Evans II,OT,University of Arkansas at Pine Bluff,6-3,303.0,5.44,26.5,,101.0,7.75,4.92,False,,,,32.38,,,,,,,,
2023,Broderick Jones,OT,Georgia,6-5,311.0,4.97,30.0,,108.0,,,True,1.0,14.0,9.58,34.75,0.04316546762589928,0.0,139.0,463.0,71.7,0.413,0.484,0.0016611295681063123
2023,Dawand Jones,OT,Ohio St.,6-8,374.0,5.35,,,,,,True,4.0,111.0,,36.38,0.0125,0.0,160.0,344.0,85.0,0.262,0.66,0.005952380952380952
2023,Earl Bostick Jr.,OT,Kansas,6-6,309.0,5.05,31.0,,111.0,,,False,,,9.41,34.12,0.059322033898305086,0.00847457627118644,118.0,391.0,53.1,0.614,0.32,0.003929273084479371
2023,Paris Johnson Jr.,OT,Ohio St.,6-6,313.0,,,,110.0,,,True,1.0,6.0,,36.12,0.046242774566473986,0.011560693641618497,173.0,378.0,80.9,0.267,0.6559999999999999,0.0
2023,Cody Mauch,OT,North Dakota St.,6-5,302.0,5.08,29.0,,108.0,7.33,4.55,False,,,,32.38,,,,,,,,
2023,Warren McClendon,OT,Georgia,6-4,306.0,,,,,,,True,5.0,174.0,,34.5,0.03571428571428571,0.0,112.0,356.0,64.3,0.43,0.47200000000000003,0.00641025641025641
2023,Wanya Morris,OT,Oklahoma,6-5,307.0,5.1,28.5,,111.0,,,True,3.0,92.0,8.38,35.12,0.08571428571428572,0.014285714285714285,70.0,277.0,76.9,0.5379999999999999,0.41200000000000003,0.008645533141210375
2023,John Ojukwu,OT,Boise St.,6-6,309.0,5.24,28.5,,104.0,7.52,4.52,False,,,8.74,34.0,0.06451612903225806,0.0,155.0,498.0,69.6,0.46,0.49200000000000005,0.0030627871362940277
2023,Asim Richards,OT,North Carolina,6-4,309.0,,,,,,,True,5.0,169.0,,34.0,0.057971014492753624,0.014492753623188406,207.0,383.0,53.1,0.337,0.467,0.001694915254237288
2023,Peter Skoronski,OT,Northwestern,6-4,313.0,5.16,34.5,,115.0,7.8,,True,1.0,11.0,,32.25,0.010869565217391304,0.005434782608695652,184.0,407.0,81.7,0.521,0.39299999999999996,0.00338409475465313
2023,Tyler Steen,OT,Alabama,6-6,321.0,,29.5,,109.0,,4.59,True,3.0,65.0,9.46,32.75,0.06598984771573604,0.01015228426395939,197.0,343.0,64.7,0.321,0.65,0.011111111111111112
2023,Dalton Wagner,OT,Arkansas,6-8,320.0,,24.5,,102.0,,,False,,,4.41,34.38,0.1,0.006666666666666667,150.0,484.0,76.6,0.174,0.742,0.0031545741324921135
2023,Carter Warren,OT,Pittsburgh,6-6,311.0,,,,,,,True,4.0,120.0,,35.38,0.09523809523809523,0.023809523809523808,42.0,128.0,60.3,0.172,0.7190000000000001,0.0
2023,Darnell Wright,OT,Tennessee,6-5,333.0,5.01,29.0,,114.0,,,True,1.0,10.0,9.68,33.75,0.03508771929824561,0.0,114.0,388.0,64.4,0.544,0.369,0.00199203187250996
