Year,Player,Pos,School,Height,Weight,40yd,Vertical,Bench,Broad Jump,3Cone,Shuttle,Drafted,Round,Pick,RAS,arm_length_inches,attempts,yards,yards_after_contact,yco_attempt,ypa,touchdowns,total_touches,explosive,first_downs,fumbles,avoided_tackles,breakaway_attempts,breakaway_percent,breakaway_yards,elusive_rating,elu_rush_mtf,mtf_per_attempt,explosive_rate,yprr,targets,routes,targets_per_route,fumble_rate
2015,Ameer Abdullah,RB,Nebraska,,205.0,4.6,42.5,24.0,130.0,6.79,3.95,True,2.0,54.0,,,263.0,1614.0,810.0,3.08,6.1,19.0,285.0,45.0,4.0,2.0,57.0,25.0,45.9,741.0,71.3,57.0,0.21673003802281368,0.17110266159695817,1.19,32.0,227.0,0.14096916299559473,0.007017543859649123
2015,Jay Ajayi,RB,Boise State,,221.0,4.57,39.0,19.0,121.0,7.1,4.1,True,5.0,149.0,,,348.0,1816.0,1168.0,3.36,5.2,28.0,398.0,46.0,1.0,7.0,51.0,27.0,39.6,719.0,51.4,51.0,0.14655172413793102,0.13218390804597702,1.54,56.0,346.0,0.16184971098265896,0.017587939698492462
2015,Javorius Allen,RB,USC,,221.0,4.53,35.5,11.0,121.0,6.96,4.28,True,4.0,125.0,,,275.0,1481.0,715.0,2.6,5.4,11.0,317.0,44.0,2.0,2.0,44.0,20.0,35.7,528.0,41.0,44.0,0.16,0.16,1.71,52.0,270.0,0.1925925925925926,0.006309148264984227
2015,Cameron Artis-Payne,RB,Auburn,,212.0,4.53,36.5,,118.0,7.13,,True,5.0,174.0,,,302.0,1597.0,886.0,2.93,5.3,13.0,315.0,45.0,2.0,2.0,62.0,21.0,32.4,518.0,60.5,62.0,0.2052980132450331,0.1490066225165563,0.79,16.0,185.0,0.08648648648648649,0.006349206349206349
2015,Dominique Brown,RB,Louisville,,234.0,4.63,,17.0,,,,False,,,,,96.0,379.0,217.0,2.26,3.9,4.0,102.0,8.0,0.0,2.0,15.0,4.0,22.4,85.0,35.5,15.0,0.15625,0.08333333333333333,0.85,10.0,82.0,0.12195121951219512,0.0196078431372549
2015,Malcolm Brown,RB,Texas,,224.0,4.62,34.5,19.0,117.0,6.86,4.15,False,,,,,184.0,710.0,435.0,2.36,3.9,6.0,200.0,22.0,0.0,1.0,20.0,8.0,24.1,171.0,24.8,20.0,0.10869565217391304,0.11956521739130435,0.32,21.0,180.0,0.11666666666666667,0.005
2015,B.J. Catalon,RB,TCU,,186.0,4.57,36.0,,114.0,6.9,4.15,False,,,,,97.0,495.0,194.0,2.0,5.1,10.0,111.0,17.0,0.0,1.0,27.0,10.0,44.0,218.0,54.1,27.0,0.27835051546391754,0.17525773195876287,0.9,25.0,181.0,0.13812154696132597,0.009009009009009009
2015,David Cobb,RB,Minnesota,,229.0,4.81,38.5,17.0,121.0,,,True,5.0,138.0,,,312.0,1625.0,966.0,3.1,5.2,13.0,328.0,48.0,2.0,5.0,61.0,20.0,30.7,499.0,59.5,61.0,0.1955128205128205,0.15384615384615385,1.16,21.0,140.0,0.15,0.01524390243902439
2015,Tevin Coleman,RB,Indiana,,206.0,4.4,,22.0,,,,True,3.0,73.0,,,270.0,2027.0,1086.0,4.02,7.5,15.0,295.0,46.0,3.0,5.0,50.0,29.0,57.0,1156.0,73.6,50.0,0.18518518518518517,0.17037037037037037,0.88,31.0,161.0,0.19254658385093168,0.01694915254237288
2015,John Crockett,RB,North Dakota State,,217.0,4.62,40.0,15.0,125.0,7.15,4.25,False,,,,,,,,,,,,,,,,,,,,,,,,,,,
2015,Mike Davis,RB,South Carolina,,217.0,4.61,34.0,17.0,116.0,7.0,4.18,True,4.0,126.0,,,199.0,977.0,498.0,2.5,4.9,9.0,231.0,25.0,2.0,3.0,28.0,15.0,33.2,324.0,35.8,28.0,0.1407035175879397,0.12562814070351758,1.67,41.0,220.0,0.18636363636363637,0.012987012987012988
2015,Michael Dyer,RB,Louisville,,218.0,4.58,34.0,26.0,120.0,,,False,,,,,109.0,487.0,245.0,2.25,4.5,5.0,112.0,15.0,1.0,1.0,18.0,7.0,33.7,164.0,38.1,18.0,0.1651376146788991,0.13761467889908258,0.56,6.0,71.0,0.08450704225352113,0.008928571428571428
2015,Jahwan Edwards,RB,Ball State,,220.0,4.8,35.5,16.0,117.0,7.63,4.5,False,,,,,,,,,,,,,,,,,,,,,,,,,,,
2015,Melvin Gordon,RB,Wisconsin,,215.0,4.52,35.0,19.0,126.0,7.04,4.07,True,1.0,15.0,,,343.0,2593.0,1229.0,3.58,7.6,29.0,362.0,60.0,1.0,8.0,74.0,40.0,56.7,1469.0,77.2,74.0,0.21574344023323616,0.1749271137026239,0.81,24.0,190.0,0.12631578947368421,0.022099447513812154
2015,Todd Gurley,RB,Georgia,,222.0,4.52,,17.0,,,,True,1.0,10.0,,,123.0,911.0,484.0,3.93,7.4,9.0,135.0,32.0,3.0,0.0,37.0,15.0,48.4,441.0,116.6,37.0,0.3008130081300813,0.2601626016260163,0.78,12.0,74.0,0.16216216216216217,0.0
2015,Dee Hart,RB,Colorado State,,199.0,4.8,33.0,,113.0,7.2,4.38,False,,,,,192.0,1244.0,627.0,3.27,6.5,16.0,211.0,36.0,4.0,4.0,52.0,18.0,43.4,540.0,86.7,52.0,0.2708333333333333,0.1875,1.01,27.0,189.0,0.14285714285714285,0.018957345971563982
2015,Braylon Heard,RB,Kentucky,,198.0,4.63,30.5,19.0,116.0,7.19,4.4,False,,,,,74.0,363.0,165.0,2.23,4.9,4.0,95.0,7.0,1.0,1.0,6.0,4.0,46.6,169.0,21.1,6.0,0.08108108108108109,0.0945945945945946,0.56,27.0,194.0,0.13917525773195877,0.010526315789473684
2015,Kenny Hilliard,RB,LSU,,226.0,4.83,27.0,,111.0,7.17,4.4,True,7.0,235.0,,,90.0,445.0,231.0,2.57,4.9,6.0,94.0,8.0,1.0,1.0,14.0,6.0,27.4,122.0,41.0,14.0,0.15555555555555556,0.08888888888888889,1.09,4.0,32.0,0.125,0.010638297872340425
2015,Gus Johnson,RB,Stephen F. Austin,,215.0,4.7,36.5,26.0,120.0,7.09,4.13,False,,,,,,,,,,,,,,,,,,,,,,,,,,,
2015,David Johnson,RB,New Mexico,,224.0,4.5,41.5,25.0,127.0,6.82,4.27,True,3.0,86.0,,,,,,,,,,,,,,,,,,,,,,,,,
2015,Duke Johnson,RB,Miami (FL),,207.0,4.54,33.5,,121.0,,,True,3.0,77.0,,,241.0,1641.0,848.0,3.52,6.8,10.0,280.0,50.0,2.0,3.0,39.0,31.0,50.3,826.0,67.9,39.0,0.16182572614107885,0.2074688796680498,1.68,56.0,250.0,0.224,0.010714285714285714
2015,Matt Jones,RB,Florida,,231.0,4.61,31.5,20.0,112.0,,4.2,True,3.0,95.0,,,166.0,817.0,454.0,2.73,4.9,6.0,177.0,22.0,1.0,3.0,29.0,12.0,34.1,279.0,44.8,29.0,0.1746987951807229,0.13253012048192772,0.6,19.0,108.0,0.17592592592592593,0.01694915254237288
2015,Jeremy Langford,RB,Michigan State,,208.0,4.42,34.5,,118.0,7.22,4.32,True,4.0,106.0,,,275.0,1523.0,802.0,2.92,5.5,22.0,286.0,36.0,1.0,2.0,34.0,22.0,38.3,583.0,36.7,34.0,0.12363636363636364,0.13090909090909092,0.38,21.0,168.0,0.125,0.006993006993006993
2015,Terrence Magee,RB,LSU,,213.0,4.62,37.0,22.0,115.0,7.52,4.37,False,,,,,112.0,574.0,272.0,2.43,5.1,3.0,129.0,15.0,2.0,1.0,22.0,7.0,32.4,186.0,54.6,22.0,0.19642857142857142,0.13392857142857142,1.68,21.0,102.0,0.20588235294117646,0.007751937984496124
2015,Marcus Murphy,RB,Missouri,,198.0,4.61,29.0,11.0,109.0,,4.4,True,7.0,230.0,,,177.0,924.0,531.0,3.0,5.2,4.0,205.0,29.0,0.0,1.0,33.0,16.0,36.8,340.0,55.6,33.0,0.1864406779661017,0.1638418079096045,1.07,42.0,199.0,0.21105527638190955,0.004878048780487805
2015,Thomas Rawls,RB,Central Michigan,,215.0,4.65,35.5,15.0,116.0,,,False,,,,,210.0,1106.0,626.0,2.98,5.3,10.0,220.0,31.0,0.0,2.0,34.0,15.0,32.1,355.0,52.8,34.0,0.1619047619047619,0.14761904761904762,0.82,12.0,114.0,0.10526315789473684,0.00909090909090909
2015,Josh Robinson,RB,Mississippi State,,217.0,4.7,32.0,21.0,113.0,,,True,6.0,205.0,,,190.0,1215.0,673.0,3.54,6.4,11.0,218.0,39.0,0.0,2.0,48.0,20.0,44.5,541.0,94.2,48.0,0.25263157894736843,0.20526315789473684,1.39,39.0,267.0,0.14606741573033707,0.009174311926605505
2015,Karlos Williams,RB,Florida State,,230.0,4.48,33.5,16.0,117.0,7.16,4.46,True,5.0,155.0,,,150.0,685.0,399.0,2.66,4.6,12.0,179.0,24.0,1.0,2.0,22.0,8.0,25.1,172.0,37.2,22.0,0.14666666666666667,0.16,1.23,32.0,216.0,0.14814814814814814,0.0111731843575419
2015,Trey Williams,RB,Texas A&M,,195.0,4.49,33.5,18.0,119.0,6.84,4.12,False,,,,,81.0,542.0,187.0,2.31,6.7,7.0,97.0,16.0,1.0,1.0,18.0,9.0,47.2,256.0,57.1,18.0,0.2222222222222222,0.19753086419753085,0.77,17.0,137.0,0.12408759124087591,0.010309278350515464
2015,T.J. Yeldon,RB,Alabama,,226.0,4.61,36.0,22.0,117.0,7.19,4.22,True,2.0,36.0,,,194.0,979.0,502.0,2.59,5.0,11.0,209.0,29.0,1.0,3.0,48.0,12.0,24.8,243.0,69.3,48.0,0.24742268041237114,0.14948453608247422,0.97,22.0,186.0,0.11827956989247312,0.014354066985645933
2016,Peyton Barber,RB,Auburn,,228.0,4.64,32.5,20.0,111.0,7.0,4.21,False,,,,,237.0,1016.0,487.0,2.05,4.3,13.0,248.0,21.0,75.0,1.0,31.0,9.0,18.1,184.0,30.7,31.0,0.1308016877637131,0.08860759493670886,0.79,15.0,141.0,0.10638297872340426,0.004032258064516129
2016,Devontae Booker,RB,Utah,,219.0,4.56,,22.0,,,,True,4.0,136.0,,,267.0,1257.0,820.0,3.07,4.7,11.0,304.0,34.0,73.0,3.0,57.0,12.0,24.6,309.0,71.7,57.0,0.21348314606741572,0.12734082397003746,1.49,47.0,213.0,0.22065727699530516,0.009868421052631578
2016,Tra Carson,RB,Texas A&M,,227.0,4.63,,19.0,,,,False,,,,,242.0,1173.0,621.0,2.57,4.8,7.0,271.0,32.0,62.0,1.0,38.0,15.0,27.1,318.0,41.7,38.0,0.15702479338842976,0.1322314049586777,0.89,32.0,206.0,0.1553398058252427,0.0036900369003690036
2016,Alex Collins,RB,Arkansas,,217.0,4.59,28.5,18.0,113.0,,,True,5.0,171.0,,,271.0,1580.0,815.0,3.01,5.8,20.0,284.0,41.0,84.0,5.0,58.0,21.0,38.9,615.0,63.5,58.0,0.2140221402214022,0.15129151291512916,0.45,13.0,141.0,0.09219858156028368,0.017605633802816902
2016,Marshaun Coprich,RB,Illinois State,,207.0,4.47,34.0,17.0,112.0,7.26,4.58,False,,,,,,,,,,,,,,,,,,,,,,,,,,,
2016,Kenneth Dixon,RB,Louisiana Tech,,215.0,4.56,37.5,18.0,121.0,6.97,4.28,True,4.0,134.0,,,,,,,,,,,,,,,,,,,,,,,,,
2016,Kenyan Drake,RB,Alabama,,210.0,4.45,34.5,10.0,123.0,7.04,4.21,True,3.0,73.0,,,77.0,413.0,222.0,2.88,5.4,1.0,106.0,9.0,20.0,0.0,22.0,6.0,42.1,174.0,100.6,22.0,0.2857142857142857,0.11688311688311688,2.07,36.0,126.0,0.2857142857142857,0.0
2016,Ezekiel Elliott,RB,Ohio State,,225.0,4.47,32.5,,118.0,,,True,1.0,4.0,,,291.0,1829.0,1031.0,3.54,6.3,23.0,317.0,46.0,98.0,1.0,53.0,24.0,41.0,749.0,61.5,53.0,0.18213058419243985,0.15807560137457044,0.88,28.0,221.0,0.12669683257918551,0.0031545741324921135
2016,Tyler Ervin,RB,San Jose State,,192.0,4.41,39.0,17.0,130.0,,,True,4.0,119.0,,,,,,,,,,,,,,,,,,,,,,,,,
2016,Josh Ferguson,RB,Illinois,,198.0,4.48,34.5,21.0,120.0,,,False,,,,,129.0,708.0,390.0,3.02,5.5,3.0,166.0,24.0,42.0,0.0,26.0,13.0,45.5,322.0,69.2,26.0,0.20155038759689922,0.18604651162790697,1.49,48.0,189.0,0.25396825396825395,0.0
2016,Derrick Henry,RB,Alabama,,247.0,4.54,37.0,22.0,130.0,7.2,4.38,True,2.0,45.0,,,396.0,2225.0,1339.0,3.38,5.6,28.0,406.0,59.0,126.0,3.0,76.0,28.0,36.6,815.0,71.6,76.0,0.1919191919191919,0.14898989898989898,0.4,12.0,234.0,0.05128205128205128,0.007389162561576354
2016,Jordan Howard,RB,Indiana,,230.0,4.57,34.0,16.0,122.0,,,True,5.0,150.0,,,196.0,1213.0,723.0,3.69,6.2,9.0,207.0,35.0,67.0,1.0,33.0,20.0,37.3,452.0,67.7,33.0,0.1683673469387755,0.17857142857142858,1.05,14.0,101.0,0.13861386138613863,0.004830917874396135
2016,Devon Johnson,RB,Marshall,,238.0,4.64,,,,,,False,,,,,94.0,594.0,325.0,3.46,6.3,5.0,100.0,14.0,24.0,2.0,13.0,7.0,46.5,276.0,48.4,13.0,0.13829787234042554,0.14893617021276595,0.71,8.0,91.0,0.08791208791208792,0.02
2016,Daniel Lasco,RB,California,,209.0,4.46,41.5,23.0,135.0,7.22,4.26,True,7.0,237.0,,,66.0,326.0,170.0,2.58,4.9,3.0,69.0,11.0,19.0,1.0,10.0,4.0,24.2,79.0,41.1,10.0,0.15151515151515152,0.16666666666666666,0.35,4.0,69.0,0.057971014492753624,0.014492753623188406
2016,Tre Madden,RB,USC,,223.0,4.53,,24.0,,,,False,,,,,85.0,451.0,240.0,2.82,5.3,5.0,102.0,12.0,27.0,0.0,9.0,5.0,33.5,151.0,27.7,9.0,0.10588235294117647,0.1411764705882353,1.27,20.0,105.0,0.19047619047619047,0.0
2016,Keith Marshall,RB,Georgia,,219.0,4.31,30.5,25.0,,,,True,7.0,242.0,,,68.0,349.0,189.0,2.78,5.1,3.0,72.0,12.0,18.0,0.0,12.0,4.0,19.5,68.0,46.3,12.0,0.17647058823529413,0.17647058823529413,0.9,5.0,31.0,0.16129032258064516,0.0
2016,Paul Perkins,RB,UCLA,,208.0,4.54,32.0,19.0,124.0,,,True,5.0,149.0,,,236.0,1333.0,844.0,3.58,5.6,14.0,266.0,31.0,71.0,1.0,73.0,17.0,39.9,532.0,115.6,73.0,0.3093220338983051,0.13135593220338984,0.94,41.0,263.0,0.155893536121673,0.0037593984962406013
2016,C.J. Prosise,RB,Notre Dame,,220.0,4.48,35.5,,121.0,,,True,3.0,90.0,,,156.0,1023.0,442.0,2.83,6.6,11.0,182.0,36.0,50.0,4.0,43.0,19.0,49.7,508.0,74.7,43.0,0.27564102564102566,0.23076923076923078,1.66,32.0,186.0,0.17204301075268819,0.02197802197802198
2016,Wendell Smallwood,RB,West Virginia,,208.0,4.47,33.5,14.0,120.0,6.83,4.28,True,5.0,153.0,,,238.0,1515.0,652.0,2.74,6.4,9.0,263.0,58.0,78.0,1.0,44.0,23.0,32.7,496.0,50.0,44.0,0.18487394957983194,0.24369747899159663,0.68,31.0,225.0,0.13777777777777778,0.0038022813688212928
2016,Kelvin Taylor,RB,Florida,,207.0,4.6,32.0,15.0,113.0,,,True,6.0,211.0,,,258.0,1025.0,649.0,2.52,4.0,13.0,276.0,23.0,66.0,0.0,48.0,14.0,32.3,331.0,53.8,48.0,0.18604651162790697,0.08914728682170543,0.68,23.0,232.0,0.09913793103448276,0.0
2016,Shadrach Thornton,RB,North Carolina State,,217.0,4.75,31.0,12.0,116.0,6.85,4.21,False,,,,,30.0,203.0,59.0,1.97,6.8,3.0,30.0,6.0,13.0,0.0,2.0,3.0,35.5,72.0,13.1,2.0,0.06666666666666667,0.2,0.0,0.0,15.0,0.0,0.0
2016,Deandre Washington,RB,Texas Tech,,204.0,4.49,34.5,24.0,116.0,7.03,4.2,True,5.0,143.0,,,230.0,1491.0,801.0,3.48,6.5,14.0,271.0,49.0,74.0,3.0,55.0,25.0,43.1,642.0,86.1,55.0,0.2391304347826087,0.21304347826086956,0.93,56.0,418.0,0.1339712918660287,0.01107011070110701
2016,Brandon Wilds,RB,South Carolina,,220.0,4.54,36.5,21.0,118.0,7.08,4.33,False,,,,,123.0,568.0,324.0,2.63,4.6,3.0,140.0,16.0,30.0,1.0,15.0,6.0,28.9,164.0,50.8,15.0,0.12195121951219512,0.13008130081300814,1.05,22.0,134.0,0.16417910447761194,0.007142857142857143
2016,Jonathan Williams,RB,Arkansas,,220.0,4.56,,16.0,,,,True,5.0,156.0,,,,,,,,,,,,,,,,,,,,,,,,,
2017,Chris Carson,RB,Oklahoma State,,218.0,4.58,37.0,23.0,130.0,,,True,7.0,249.0,7.91,,,,,,,,,,,,,,,,,,,,,,,,
2017,Corey Clement,RB,Wisconsin,,220.0,4.68,28.5,19.0,115.0,,,False,,,4.84,,315.0,1348.0,869.0,2.76,4.3,15.0,326.0,30.0,63.0,4.0,47.0,13.0,29.4,396.0,41.5,47.0,0.1492063492063492,0.09523809523809523,1.45,12.0,93.0,0.12903225806451613,0.012269938650306749
2017,Tarik Cohen,RB,North Carolina A&T,,179.0,4.42,31.5,11.0,118.0,,,True,4.0,119.0,3.92,,,,,,,,,,,,,,,,,,,,,,,,
2017,James Conner,RB,Pittsburgh,,233.0,4.65,29.0,20.0,113.0,,,True,3.0,105.0,4.33,,216.0,1088.0,638.0,2.95,5.0,16.0,237.0,32.0,63.0,1.0,39.0,24.0,51.7,562.0,52.3,39.0,0.18055555555555555,0.14814814814814814,2.17,24.0,139.0,0.17266187050359713,0.004219409282700422
2017,Dalvin Cook,RB,Florida State,,210.0,4.49,30.5,22.0,116.0,7.27,4.53,True,2.0,41.0,4.65,,288.0,1763.0,1208.0,4.19,6.1,19.0,321.0,51.0,82.0,6.0,91.0,26.0,45.2,796.0,128.1,91.0,0.3159722222222222,0.17708333333333334,1.53,45.0,312.0,0.14423076923076922,0.018691588785046728
2017,Justin Davis,RB,USC,,208.0,,,21.0,,,,False,,,5.76,,109.0,598.0,441.0,4.05,5.5,2.0,123.0,21.0,35.0,3.0,29.0,7.0,34.9,209.0,118.4,29.0,0.26605504587155965,0.1926605504587156,0.65,21.0,171.0,0.12280701754385964,0.024390243902439025
2017,Matthew Dayes,RB,North Carolina State,,205.0,4.47,28.0,18.0,109.0,,,True,7.0,252.0,,,,,,,,,,,,,,,,,,,,,,,,,
2017,D'Onta Foreman,RB,Texas,,233.0,,,18.0,,,,True,3.0,89.0,7.82,,323.0,2016.0,1142.0,3.54,6.2,15.0,330.0,47.0,103.0,7.0,64.0,29.0,40.7,821.0,69.6,64.0,0.19814241486068113,0.14551083591331268,0.52,8.0,143.0,0.055944055944055944,0.021212121212121213
2017,Leonard Fournette,RB,LSU,,240.0,4.51,28.5,,,,,True,1.0,4.0,8.04,,129.0,845.0,368.0,2.85,6.6,8.0,144.0,20.0,33.0,3.0,21.0,11.0,46.6,394.0,49.5,21.0,0.16279069767441862,0.15503875968992248,1.45,20.0,101.0,0.19801980198019803,0.020833333333333332
2017,Wayne Gallman,RB,Clemson,,215.0,4.6,29.5,21.0,120.0,7.17,4.28,True,4.0,140.0,6.28,,232.0,1131.0,691.0,2.98,4.9,17.0,252.0,28.0,61.0,2.0,56.0,12.0,28.0,317.0,72.1,56.0,0.2413793103448276,0.1206896551724138,0.54,26.0,266.0,0.09774436090225563,0.007936507936507936
2017,DeAngelo Henderson,RB,Coastal Carolina,,208.0,4.48,34.0,20.0,120.0,,,False,,,5.66,,,,,,,,,,,,,,,,,,,,,,,,
2017,Brian Hill,RB,Wyoming,,219.0,4.54,34.0,15.0,125.0,7.03,4.32,True,5.0,156.0,7.4,,349.0,1864.0,1014.0,2.91,5.3,22.0,357.0,43.0,84.0,0.0,49.0,30.0,42.8,797.0,40.7,49.0,0.14040114613180515,0.12320916905444126,0.35,12.0,193.0,0.06217616580310881,0.0
2017,Elijah Hood,RB,North Carolina,,232.0,,,18.0,,,,True,7.0,242.0,5.69,,145.0,858.0,544.0,3.75,5.9,8.0,170.0,33.0,45.0,2.0,47.0,19.0,51.5,442.0,117.0,47.0,0.32413793103448274,0.22758620689655173,1.01,27.0,141.0,0.19148936170212766,0.011764705882352941
2017,Kareem Hunt,RB,Toledo,,216.0,4.62,36.5,18.0,119.0,,,True,3.0,86.0,5.15,,261.0,1473.0,904.0,3.46,5.6,10.0,302.0,49.0,81.0,0.0,76.0,19.0,29.3,431.0,112.4,76.0,0.29118773946360155,0.18773946360153257,2.14,43.0,188.0,0.22872340425531915,0.0
2017,Rushel Shell III,RB,West Virginia,,227.0,4.74,32.5,21.0,,,,False,,,2.79,,113.0,514.0,293.0,2.59,4.5,5.0,125.0,15.0,26.0,1.0,17.0,5.0,19.3,99.0,43.6,17.0,0.1504424778761062,0.13274336283185842,0.87,15.0,115.0,0.13043478260869565,0.008
2017,Aaron Jones,RB,Texas-El Paso,,208.0,4.56,37.5,16.0,127.0,6.82,4.2,True,5.0,182.0,9.21,,228.0,1766.0,907.0,3.98,7.7,17.0,256.0,44.0,66.0,3.0,41.0,28.0,56.4,996.0,73.0,41.0,0.17982456140350878,0.19298245614035087,1.33,35.0,175.0,0.2,0.01171875
2017,Alvin Kamara,RB,Tennessee,,214.0,4.56,39.5,15.0,131.0,,,True,3.0,67.0,8.08,,103.0,596.0,389.0,3.78,5.8,9.0,143.0,19.0,32.0,2.0,26.0,12.0,47.7,284.0,132.1,26.0,0.2524271844660194,0.18446601941747573,2.39,49.0,163.0,0.3006134969325153,0.013986013986013986
2017,T.J. Logan,RB,North Carolina,,196.0,4.37,33.5,17.0,121.0,,,True,5.0,179.0,7.56,,119.0,630.0,349.0,2.93,5.3,7.0,149.0,22.0,35.0,2.0,26.0,12.0,41.1,259.0,66.9,26.0,0.2184873949579832,0.18487394957983194,1.63,35.0,160.0,0.21875,0.013422818791946308
2017,Marlon Mack,RB,South Florida,,213.0,4.5,35.5,15.0,125.0,,,True,4.0,143.0,8.78,,,,,,,,,,,,,,,,,,,,,,,,
2017,Christian McCaffrey,RB,Stanford,,202.0,4.48,37.5,10.0,121.0,6.57,4.22,True,1.0,8.0,8.52,,252.0,1590.0,830.0,3.29,6.3,13.0,290.0,38.0,74.0,3.0,44.0,16.0,37.9,602.0,73.8,44.0,0.1746031746031746,0.15079365079365079,1.66,46.0,191.0,0.24083769633507854,0.010344827586206896
2017,Elijah McGuire,RB,Louisiana,,214.0,4.53,36.0,15.0,120.0,7.26,4.56,True,6.0,188.0,4.62,,,,,,,,,,,,,,,,,,,,,,,,
2017,Jeremy McNichols,RB,Boise State,,214.0,4.49,35.5,,121.0,6.93,4.28,True,5.0,162.0,8.39,,312.0,1698.0,1104.0,3.54,5.4,23.0,351.0,33.0,90.0,4.0,62.0,20.0,38.5,653.0,66.5,62.0,0.1987179487179487,0.10576923076923077,1.88,44.0,257.0,0.17120622568093385,0.011396011396011397
2017,Dare Ogunbowale,RB,Wisconsin,,213.0,4.65,35.0,14.0,120.0,6.99,4.34,False,,,4.47,,91.0,506.0,236.0,2.59,5.6,5.0,115.0,13.0,20.0,0.0,17.0,9.0,41.5,210.0,49.6,17.0,0.18681318681318682,0.14285714285714285,1.26,29.0,165.0,0.17575757575757575,0.0
2017,Samaje Perine,RB,Oklahoma,,233.0,4.65,33.0,30.0,116.0,7.26,4.37,True,4.0,114.0,4.94,,196.0,1063.0,639.0,3.26,5.4,12.0,206.0,29.0,54.0,2.0,31.0,16.0,36.4,387.0,55.4,31.0,0.15816326530612246,0.14795918367346939,1.13,11.0,94.0,0.11702127659574468,0.009708737864077669
2017,Donnel Pumphrey,RB,San Diego State,,176.0,4.48,33.5,5.0,117.0,,,True,4.0,132.0,4.01,,350.0,2132.0,1188.0,3.39,6.1,17.0,377.0,59.0,96.0,2.0,74.0,38.0,47.0,1003.0,68.4,74.0,0.21142857142857144,0.16857142857142857,1.17,39.0,201.0,0.19402985074626866,0.005305039787798408
2017,Devine Redding,RB,Indiana,,205.0,4.76,30.5,16.0,116.0,7.18,4.46,False,,,1.11,,253.0,1113.0,705.0,2.79,4.4,7.0,280.0,35.0,56.0,4.0,40.0,15.0,29.9,333.0,46.8,40.0,0.15810276679841898,0.1383399209486166,0.77,36.0,189.0,0.19047619047619047,0.014285714285714285
2017,De'Veon Smith,RB,Michigan,,223.0,,29.0,22.0,108.0,7.3,4.56,False,,,0.79,,181.0,846.0,549.0,3.03,4.7,10.0,197.0,23.0,50.0,1.0,42.0,11.0,34.9,295.0,75.4,42.0,0.23204419889502761,0.1270718232044199,0.41,20.0,161.0,0.12422360248447205,0.005076142131979695
2017,Jahad Thomas,RB,Temple,,190.0,4.62,32.0,11.0,116.0,,,False,,,1.24,,207.0,954.0,591.0,2.86,4.6,13.0,239.0,28.0,54.0,2.0,26.0,11.0,28.8,275.0,37.0,25.0,0.12077294685990338,0.13526570048309178,1.94,41.0,216.0,0.18981481481481483,0.008368200836820083
2017,Jamaal Williams,RB,BYU,,212.0,4.59,30.0,,123.0,7.25,4.53,True,4.0,134.0,4.55,,,,,,,,,,,,,,,,,,,,,,,,
2017,Joe Williams,RB,Utah,,210.0,4.41,35.0,14.0,125.0,7.19,4.19,True,4.0,121.0,7.78,,210.0,1389.0,718.0,3.42,6.6,10.0,219.0,36.0,62.0,5.0,31.0,22.0,48.2,670.0,54.6,31.0,0.14761904761904762,0.17142857142857143,0.79,13.0,135.0,0.0962962962962963,0.0228310502283105
2017,Stanley Williams,RB,Kentucky,,190.0,4.51,36.0,18.0,121.0,6.86,4.18,False,,,7.63,,173.0,1174.0,530.0,3.06,6.8,7.0,181.0,34.0,44.0,3.0,28.0,20.0,51.7,607.0,52.5,28.0,0.16184971098265896,0.19653179190751446,0.54,11.0,103.0,0.10679611650485436,0.016574585635359115
2018,Josh Adams,RB,Notre Dame,,213.0,,,18.0,,,,False,,,9.52,,206.0,1431.0,1019.0,4.95,6.9,9.0,219.0,29.0,56.0,0.0,44.0,17.0,56.0,802.0,106.2,44.0,0.21359223300970873,0.1407766990291262,0.48,20.0,212.0,0.09433962264150944,0.0
2018,Kalen Ballage,RB,Arizona State,,228.0,4.46,33.5,15.0,122.0,6.91,4.35,True,4.0,131.0,9.12,,157.0,669.0,387.0,2.46,4.3,6.0,177.0,15.0,37.0,0.0,13.0,9.0,26.0,174.0,25.1,13.0,0.08280254777070063,0.09554140127388536,0.41,32.0,224.0,0.14285714285714285,0.0
2018,Saquon Barkley,RB,Penn State,,233.0,4.4,41.0,29.0,,,4.24,True,1.0,2.0,9.97,,218.0,1272.0,772.0,3.54,5.8,18.0,272.0,29.0,59.0,0.0,39.0,19.0,56.6,720.0,69.0,39.0,0.17889908256880735,0.13302752293577982,1.95,65.0,321.0,0.20249221183800623,0.0
2018,Nick Chubb,RB,Georgia,,227.0,4.52,38.5,29.0,128.0,7.09,4.25,True,2.0,35.0,9.15,,223.0,1344.0,839.0,3.76,6.0,15.0,227.0,42.0,61.0,0.0,53.0,23.0,45.8,615.0,91.2,53.0,0.23766816143497757,0.18834080717488788,0.45,5.0,67.0,0.07462686567164178,0.0
2018,Lavon Coleman,RB,Washington,,215.0,4.65,33.0,23.0,120.0,,,False,,,5.34,,89.0,405.0,262.0,2.94,4.6,4.0,102.0,13.0,19.0,2.0,16.0,5.0,31.6,128.0,72.2,16.0,0.1797752808988764,0.14606741573033707,1.41,14.0,110.0,0.12727272727272726,0.0196078431372549
2018,Justin Crawford,RB,West Virginia,,199.0,4.64,33.5,11.0,122.0,,,False,,,3.34,,191.0,1057.0,505.0,2.64,5.5,7.0,199.0,35.0,59.0,3.0,22.0,15.0,32.5,343.0,31.9,22.0,0.11518324607329843,0.18324607329842932,0.22,11.0,171.0,0.06432748538011696,0.01507537688442211
2018,Chase Edmonds,RB,Fordham,,205.0,4.55,34.0,19.0,122.0,6.79,4.07,True,4.0,134.0,7.89,,,,,,,,,,,,,,,,,,,,,,,,
2018,Donnie Ernsberger,RB,Western Michigan,,241.0,4.78,31.0,15.0,114.0,7.09,4.34,False,,,5.56,,,,,,,,,,,,,,,,,,,,,,,,
2018,Dimitri Flowers,RB,Oklahoma,,248.0,4.83,30.5,17.0,109.0,7.45,4.53,False,,,3.24,,14.0,22.0,18.0,1.29,1.6,4.0,40.0,0.0,8.0,0.0,0.0,0.0,0.0,0.0,6.4,0.0,0.0,0.0,2.92,28.0,159.0,0.1761006289308176,0.0
2018,Jarvion Franklin,RB,West. Michigan,,239.0,4.63,30.0,18.0,109.0,6.93,4.31,False,,,5.24,,235.0,1222.0,679.0,2.89,5.2,11.0,240.0,32.0,66.0,2.0,47.0,16.0,37.0,452.0,56.6,47.0,0.2,0.13617021276595745,0.21,6.0,169.0,0.03550295857988166,0.008333333333333333
2018,Royce Freeman,RB,Oregon,,229.0,4.54,34.0,17.0,118.0,6.9,4.16,True,3.0,71.0,8.26,,243.0,1472.0,823.0,3.39,6.1,16.0,258.0,50.0,82.0,2.0,53.0,22.0,37.2,547.0,78.8,53.0,0.21810699588477367,0.205761316872428,1.03,18.0,160.0,0.1125,0.007751937984496124
2018,Derrius Guice,RB,LSU,,224.0,4.49,31.5,15.0,,,,True,2.0,59.0,7.37,,237.0,1255.0,758.0,3.2,5.3,11.0,255.0,27.0,65.0,2.0,44.0,13.0,29.6,371.0,60.2,44.0,0.18565400843881857,0.11392405063291139,1.28,21.0,97.0,0.21649484536082475,0.00784313725490196
2018,Kyle Hicks,RB,TCU,,204.0,4.63,36.5,13.0,122.0,,,False,,,5.51,,139.0,638.0,360.0,2.59,4.6,4.0,169.0,14.0,28.0,1.0,24.0,9.0,32.1,205.0,46.0,24.0,0.17266187050359713,0.10071942446043165,1.55,33.0,188.0,0.17553191489361702,0.005917159763313609
2018,Nyheim Hines,RB,North Carolina State,,198.0,4.38,35.5,,119.0,7.18,4.35,True,4.0,104.0,5.68,,,,,,,,,,,,,,,,,,,,,,,,
2018,Justin Jackson,RB,Northwestern,,199.0,4.52,38.5,13.0,122.0,6.81,4.07,True,7.0,251.0,8.84,,286.0,1305.0,716.0,2.5,4.6,11.0,330.0,30.0,73.0,1.0,39.0,13.0,28.0,365.0,37.2,39.0,0.13636363636363635,0.1048951048951049,0.9,56.0,305.0,0.18360655737704917,0.0030303030303030303
2018,Kerryon Johnson,RB,Auburn,,213.0,,40.0,11.0,126.0,7.07,4.29,True,2.0,43.0,7.09,,285.0,1394.0,826.0,2.9,4.9,18.0,309.0,31.0,84.0,1.0,50.0,17.0,32.0,446.0,53.5,50.0,0.17543859649122806,0.10877192982456141,0.94,25.0,205.0,0.12195121951219512,0.003236245954692557
2018,Ronald Jones,RB,USC,,205.0,4.65,36.5,,,,,True,2.0,38.0,,,261.0,1550.0,914.0,3.5,5.9,19.0,275.0,41.0,82.0,0.0,58.0,25.0,46.4,719.0,75.1,58.0,0.2222222222222222,0.15708812260536398,0.87,15.0,214.0,0.07009345794392523,0.0
2018,John Kelly,RB,Tennessee,,216.0,,35.0,15.0,120.0,7.13,4.51,True,6.0,176.0,4.43,,189.0,778.0,609.0,3.22,4.1,9.0,226.0,21.0,38.0,1.0,38.0,13.0,38.0,296.0,74.1,38.0,0.20105820105820105,0.1111111111111111,1.53,45.0,195.0,0.23076923076923078,0.004424778761061947
2018,Sony Michel,RB,Georgia,,214.0,4.54,,22.0,,,4.21,True,1.0,31.0,8.95,,157.0,1259.0,632.0,4.03,8.0,16.0,165.0,34.0,53.0,2.0,36.0,23.0,56.2,707.0,95.1,36.0,0.22929936305732485,0.21656050955414013,0.53,16.0,120.0,0.13333333333333333,0.012121212121212121
2018,Ryan Nall,RB,Oregon State,,232.0,4.58,33.0,15.0,122.0,6.95,4.16,False,,,8.2,,166.0,806.0,520.0,3.13,4.9,8.0,192.0,19.0,45.0,3.0,22.0,10.0,33.9,273.0,45.7,22.0,0.13253012048192772,0.1144578313253012,1.75,34.0,142.0,0.23943661971830985,0.015625
2018,Rashaad Penny,RB,San Diego State,,220.0,4.46,32.5,13.0,120.0,,,True,1.0,27.0,7.26,,290.0,2254.0,1297.0,4.47,7.8,23.0,308.0,58.0,88.0,2.0,86.0,35.0,56.6,1276.0,129.7,86.0,0.296551724137931,0.2,0.96,25.0,135.0,0.18518518518518517,0.006493506493506494
2018,Kamryn Pettway,RB,Auburn,,233.0,4.74,33.5,22.0,116.0,,,False,,,5.42,,76.0,306.0,199.0,2.62,4.0,6.0,79.0,4.0,23.0,2.0,13.0,3.0,24.5,75.0,49.7,13.0,0.17105263157894737,0.05263157894736842,0.48,3.0,67.0,0.04477611940298507,0.02531645569620253
2018,Demario Richard,RB,Arizona State,,218.0,4.7,29.5,12.0,115.0,,,False,,,0.62,,198.0,1027.0,562.0,2.84,5.2,12.0,206.0,23.0,66.0,0.0,27.0,11.0,32.2,331.0,41.3,27.0,0.13636363636363635,0.11616161616161616,0.41,12.0,163.0,0.0736196319018405,0.0
2018,Bo Scarbrough,RB,Alabama,,228.0,4.52,40.0,14.0,129.0,,4.34,True,7.0,236.0,9.25,,124.0,596.0,366.0,2.95,4.8,8.0,141.0,17.0,37.0,0.0,16.0,8.0,28.9,172.0,44.0,16.0,0.12903225806451613,0.13709677419354838,1.06,20.0,103.0,0.1941747572815534,0.0
2018,Roc Thomas,RB,Jacksonville State,,198.0,4.56,35.5,16.0,125.0,,,False,,,4.57,,,,,,,,,,,,,,,,,,,,,,,,
2018,Akrum Wadley,RB,Iowa,,194.0,4.54,32.0,12.0,,,,False,,,3.4,,254.0,1099.0,687.0,2.7,4.3,10.0,281.0,28.0,57.0,3.0,41.0,16.0,34.3,377.0,49.1,41.0,0.16141732283464566,0.11023622047244094,1.62,33.0,218.0,0.15137614678899083,0.010676156583629894
2018,Mark Walton,RB,Miami (FL),,202.0,4.6,31.5,18.0,118.0,,,True,4.0,112.0,4.55,,56.0,427.0,165.0,2.95,7.6,3.0,63.0,13.0,19.0,0.0,7.0,7.0,56.9,243.0,51.4,7.0,0.125,0.23214285714285715,1.3,10.0,70.0,0.14285714285714285,0.0
2018,Chris Warren,RB,Texas,,247.0,4.69,33.0,25.0,121.0,6.98,4.18,False,,,7.45,,70.0,321.0,240.0,3.43,4.6,6.0,89.0,8.0,19.0,2.0,15.0,4.0,30.2,97.0,77.0,15.0,0.21428571428571427,0.11428571428571428,1.38,23.0,165.0,0.1393939393939394,0.02247191011235955
2018,Jordan Wilkins,RB,Mississippi,,216.0,,36.0,16.0,117.0,,4.27,True,5.0,169.0,7.74,,155.0,1010.0,518.0,3.34,6.5,9.0,182.0,29.0,43.0,1.0,32.0,16.0,47.7,482.0,79.0,32.0,0.2064516129032258,0.1870967741935484,1.46,31.0,167.0,0.18562874251497005,0.005494505494505495
2018,Darrel Williams,RB,LSU,,225.0,4.72,32.0,22.0,109.0,,4.21,False,,,5.98,,144.0,820.0,428.0,2.97,5.7,9.0,167.0,22.0,45.0,0.0,21.0,10.0,35.6,292.0,44.5,21.0,0.14583333333333334,0.1527777777777778,2.96,26.0,112.0,0.23214285714285715,0.0
2018,Jeff Wilson,RB,North Texas,,210.0,,,15.0,,,,False,,,5.44,,,,,,,,,,,,,,,,,,,,,,,,
2019,Rodney Anderson,RB,Oklahoma,,224.0,,,25.0,,,,True,6.0,211.0,,,11.0,119.0,69.0,6.27,10.8,3.0,11.0,3.0,4.0,0.0,5.0,2.0,79.8,95.0,285.1,5.0,0.45454545454545453,0.2727272727272727,0.0,1.0,12.0,0.08333333333333333,0.0
2019,Ryquell Armstead,RB,Temple,,220.0,4.45,30.0,22.0,114.0,7.02,4.29,True,5.0,140.0,7.71,,210.0,1101.0,701.0,3.34,5.2,13.0,218.0,28.0,60.0,1.0,31.0,16.0,39.9,439.0,49.0,31.0,0.14761904761904762,0.13333333333333333,0.39,11.0,135.0,0.08148148148148149,0.0045871559633027525
2019,Alex Barnes,RB,Kansas State,,226.0,4.59,38.5,34.0,126.0,6.95,4.1,False,,,9.8,,256.0,1352.0,742.0,2.9,5.3,12.0,276.0,38.0,71.0,4.0,35.0,18.0,35.4,479.0,41.0,35.0,0.13671875,0.1484375,1.05,27.0,184.0,0.14673913043478262,0.014492753623188406
2019,Nick Brossette,RB,LSU,,209.0,4.72,35.5,15.0,118.0,7.38,4.44,False,,,2.91,,240.0,1040.0,695.0,2.9,4.3,14.0,254.0,30.0,66.0,1.0,36.0,9.0,25.1,261.0,43.3,36.0,0.15,0.125,0.68,15.0,114.0,0.13157894736842105,0.003937007874015748
2019,Myles Gaskin,RB,Washington,,205.0,4.58,35.5,24.0,118.0,7.19,4.27,True,7.0,234.0,5.93,,260.0,1270.0,742.0,2.85,4.9,12.0,280.0,31.0,63.0,1.0,46.0,11.0,28.7,364.0,48.1,45.0,0.17307692307692307,0.11923076923076924,0.39,29.0,196.0,0.14795918367346939,0.0035714285714285713
2019,Damien Harris,RB,Alabama,,216.0,4.57,37.0,16.0,121.0,,,True,3.0,87.0,6.36,,149.0,871.0,471.0,3.16,5.8,9.0,171.0,27.0,44.0,0.0,22.0,13.0,39.5,344.0,49.9,22.0,0.1476510067114094,0.18120805369127516,1.22,27.0,167.0,0.16167664670658682,0.0
2019,Darrell Henderson,RB,Memphis,,208.0,4.49,33.5,22.0,121.0,,,True,3.0,70.0,7.68,,214.0,1909.0,1318.0,6.16,8.9,22.0,233.0,55.0,79.0,2.0,57.0,41.0,70.8,1352.0,158.6,57.0,0.26635514018691586,0.2570093457943925,1.68,23.0,176.0,0.13068181818181818,0.008583690987124463
2019,Karan Higdon,RB,Michigan,,206.0,4.49,34.0,21.0,123.0,,,False,,,8.22,,223.0,1172.0,719.0,3.22,5.3,10.0,230.0,27.0,61.0,1.0,30.0,17.0,43.9,514.0,44.9,30.0,0.13452914798206278,0.1210762331838565,0.3,10.0,141.0,0.07092198581560284,0.004347826086956522
2019,Justice Hill,RB,Oklahoma State,,198.0,4.4,40.0,21.0,130.0,,,True,4.0,113.0,9.33,,,,,,,,,,,,,,,,,,,,,,,,
2019,Elijah Holyfield,RB,Georgia,,217.0,4.78,29.5,26.0,118.0,,,False,,,2.48,,159.0,1017.0,653.0,4.11,6.4,7.0,164.0,34.0,50.0,1.0,31.0,19.0,41.9,426.0,77.6,31.0,0.1949685534591195,0.2138364779874214,0.62,6.0,65.0,0.09230769230769231,0.006097560975609756
2019,Travis Homer,RB,Miami (FL),,201.0,4.48,39.5,17.0,130.0,7.07,4.31,True,6.0,204.0,8.34,,164.0,983.0,664.0,4.05,6.0,4.0,183.0,24.0,35.0,4.0,29.0,13.0,49.2,484.0,77.4,29.0,0.17682926829268292,0.14634146341463414,1.08,25.0,172.0,0.14534883720930233,0.02185792349726776
2019,Josh Jacobs,RB,Alabama,,220.0,,,,,,,True,1.0,24.0,5.65,,121.0,645.0,493.0,4.07,5.3,11.0,141.0,23.0,50.0,1.0,33.0,6.0,22.8,147.0,109.8,33.0,0.2727272727272727,0.19008264462809918,1.73,23.0,143.0,0.16083916083916083,0.0070921985815602835
2019,Bryce Love,RB,Stanford,,200.0,,,18.0,,,,True,4.0,112.0,,,165.0,734.0,586.0,3.55,4.4,6.0,185.0,20.0,29.0,1.0,43.0,10.0,41.3,303.0,94.1,43.0,0.2606060606060606,0.12121212121212122,0.8,24.0,124.0,0.1935483870967742,0.005405405405405406
2019,Alexander Mattison,RB,Boise State,,221.0,4.67,35.0,22.0,127.0,7.13,4.29,True,3.0,102.0,6.81,,302.0,1415.0,862.0,2.85,4.7,17.0,329.0,37.0,84.0,0.0,68.0,9.0,19.0,269.0,65.1,68.0,0.2251655629139073,0.12251655629139073,0.61,32.0,285.0,0.11228070175438597,0.0
2019,David Montgomery,RB,Iowa State,,222.0,4.63,28.5,15.0,121.0,,,True,3.0,73.0,5.15,,256.0,1216.0,892.0,3.48,4.8,13.0,278.0,40.0,78.0,1.0,99.0,18.0,31.2,379.0,127.8,99.0,0.38671875,0.15625,0.83,25.0,189.0,0.13227513227513227,0.0035971223021582736
2019,Jalin Moore,RB,Appalachian State,,212.0,,,27.0,,,,False,,,4.48,,64.0,400.0,297.0,4.64,6.3,6.0,70.0,12.0,19.0,0.0,18.0,6.0,49.3,197.0,132.6,18.0,0.28125,0.1875,0.89,9.0,45.0,0.2,0.0
2019,Qadree Ollison,RB,Pittsburgh,,228.0,4.58,29.5,19.0,114.0,7.53,4.31,True,5.0,152.0,4.43,,194.0,1213.0,760.0,3.92,6.3,11.0,205.0,35.0,61.0,0.0,34.0,20.0,51.6,626.0,68.8,34.0,0.17525773195876287,0.18041237113402062,0.5,17.0,133.0,0.12781954887218044,0.0
2019,Tony Pollard,RB,Memphis,,210.0,4.52,35.0,13.0,121.0,,,True,4.0,128.0,7.17,,79.0,559.0,280.0,3.54,7.1,6.0,118.0,16.0,27.0,0.0,19.0,12.0,47.8,267.0,87.1,19.0,0.24050632911392406,0.20253164556962025,1.78,60.0,258.0,0.23255813953488372,0.0
2019,Miles Sanders,RB,Penn State,,211.0,4.49,36.0,20.0,124.0,6.89,4.19,True,2.0,53.0,9.48,,220.0,1276.0,845.0,3.84,5.8,9.0,243.0,38.0,66.0,5.0,47.0,15.0,35.1,448.0,77.5,47.0,0.21363636363636362,0.17272727272727273,0.49,32.0,265.0,0.12075471698113208,0.0205761316872428
2019,Jordan Scarlett,RB,Florida,,208.0,4.47,30.0,21.0,116.0,7.37,4.63,True,5.0,154.0,4.71,,131.0,771.0,523.0,3.99,5.9,5.0,140.0,21.0,37.0,1.0,42.0,12.0,37.1,286.0,125.5,42.0,0.32061068702290074,0.16030534351145037,0.55,14.0,137.0,0.10218978102189781,0.007142857142857143
2019,Lj Scott,RB,Michigan State,,227.0,,33.0,21.0,120.0,7.27,4.34,False,,,5.99,,78.0,260.0,180.0,2.31,3.3,0.0,88.0,3.0,12.0,0.0,9.0,0.0,0.0,0.0,31.5,9.0,0.11538461538461539,0.038461538461538464,1.0,11.0,95.0,0.11578947368421053,0.0
2019,Devin Singletary,RB,Florida Atlantic,,203.0,4.66,35.0,15.0,117.0,7.32,4.4,True,3.0,74.0,1.65,,,,,,,,,,,,,,,,,,,,,,,,
2019,Benny Snell,RB,Kentucky,,224.0,4.66,29.5,16.0,119.0,7.07,4.33,True,4.0,122.0,3.41,,288.0,1451.0,930.0,3.23,5.0,16.0,305.0,38.0,90.0,1.0,46.0,18.0,29.5,428.0,52.9,46.0,0.1597222222222222,0.13194444444444445,0.8,21.0,131.0,0.16030534351145037,0.003278688524590164
2019,Mike Weber,RB,Ohio State,,211.0,4.47,33.5,22.0,,,,True,7.0,218.0,7.01,,172.0,954.0,513.0,2.98,5.5,5.0,193.0,32.0,53.0,4.0,36.0,13.0,32.8,313.0,57.2,36.0,0.20930232558139536,0.18604651162790697,0.59,28.0,188.0,0.14893617021276595,0.02072538860103627
2019,Dexter Williams,RB,Notre Dame,,212.0,4.57,36.0,17.0,130.0,7.0,4.16,True,6.0,194.0,8.13,,158.0,995.0,550.0,3.48,6.3,12.0,174.0,28.0,47.0,2.0,20.0,14.0,49.4,492.0,46.0,20.0,0.12658227848101267,0.17721518987341772,1.03,21.0,129.0,0.16279069767441862,0.011494252873563218
2019,James Williams,RB,Washington State,,197.0,4.58,36.5,,118.0,7.01,4.25,False,,,5.67,,122.0,560.0,363.0,2.98,4.6,12.0,205.0,12.0,36.0,3.0,37.0,6.0,23.9,134.0,104.5,37.0,0.30327868852459017,0.09836065573770492,1.59,92.0,381.0,0.24146981627296588,0.014634146341463415
2019,Trayveon Williams,RB,Texas A&M,,206.0,4.51,33.0,19.0,121.0,7.44,4.44,True,6.0,182.0,4.6,,270.0,1756.0,1022.0,3.79,6.5,18.0,298.0,57.0,89.0,3.0,47.0,32.0,48.7,856.0,74.9,47.0,0.17407407407407408,0.2111111111111111,0.95,35.0,298.0,0.1174496644295302,0.010067114093959731
2020,Salvon Ahmed,RB,Washington,,197.0,4.62,34.5,,120.0,,,False,,,4.97,,187.0,1009.0,648.0,3.47,5.4,11.0,204.0,21.0,50.0,1.0,30.0,9.0,29.9,302.0,57.8,30.0,0.16042780748663102,0.11229946524064172,0.4,21.0,239.0,0.08786610878661087,0.004901960784313725
2020,Cam Akers,RB,Florida State,,217.0,4.47,35.5,20.0,122.0,,4.42,True,2.0,52.0,8.79,,231.0,1142.0,904.0,3.91,4.9,14.0,261.0,35.0,68.0,3.0,76.0,15.0,33.3,380.0,125.9,76.0,0.329004329004329,0.15151515151515152,1.15,38.0,196.0,0.19387755102040816,0.011494252873563218
2020,Jet Anderson,RB,TCU,,208.0,4.61,36.0,19.0,128.0,,4.19,False,,,,,,,,,,,,,,,,,,,,,,,,,,,
2020,LeVante Bellamy,RB,Western Michigan,,192.0,4.5,39.5,16.0,125.0,,,False,,,6.49,,265.0,1471.0,814.0,3.07,5.6,23.0,280.0,32.0,73.0,1.0,54.0,24.0,52.3,770.0,60.3,54.0,0.2037735849056604,0.12075471698113208,0.24,22.0,233.0,0.0944206008583691,0.0035714285714285713
2020,Eno Benjamin,RB,Arizona State,,207.0,4.57,39.0,12.0,122.0,6.97,4.25,True,7.0,222.0,5.76,,253.0,1067.0,735.0,2.91,4.2,10.0,295.0,32.0,67.0,6.0,62.0,11.0,23.0,245.0,69.9,62.0,0.2450592885375494,0.12648221343873517,1.07,52.0,323.0,0.1609907120743034,0.020338983050847456
2020,Raymond Calais,RB,Louisiana-Lafayette,,188.0,4.42,37.5,20.0,120.0,,,True,7.0,245.0,,,,,,,,,,,,,,,,,,,,,,,,,
2020,DeeJay Dallas,RB,Miami,,217.0,4.58,33.5,,119.0,7.18,4.32,True,4.0,144.0,5.06,,115.0,687.0,407.0,3.54,6.0,8.0,129.0,21.0,32.0,0.0,36.0,12.0,49.6,341.0,118.0,36.0,0.3130434782608696,0.1826086956521739,0.88,16.0,160.0,0.1,0.0
2020,AJ Dillon,RB,Boston College,,247.0,4.53,41.0,23.0,131.0,7.19,,True,2.0,62.0,9.15,,317.0,1699.0,1104.0,3.48,5.4,14.0,330.0,41.0,95.0,3.0,81.0,21.0,31.7,538.0,88.6,81.0,0.2555205047318612,0.12933753943217666,1.56,16.0,125.0,0.128,0.00909090909090909
2020,J.K. Dobbins,RB,Ohio State,,209.0,,,23.0,,,,True,2.0,55.0,,,301.0,2003.0,1208.0,4.01,6.7,21.0,324.0,51.0,99.0,3.0,73.0,31.0,47.5,952.0,92.9,73.0,0.2425249169435216,0.16943521594684385,1.17,28.0,211.0,0.13270142180094788,0.009259259259259259
2020,Rico Dowdle,RB,South Carolina,,213.0,4.54,38.0,,127.0,,,False,,,8.58,,106.0,498.0,324.0,3.06,4.7,4.0,128.0,15.0,26.0,2.0,22.0,9.0,42.2,210.0,69.3,22.0,0.20754716981132076,0.14150943396226415,0.89,26.0,187.0,0.13903743315508021,0.015625
2020,Clyde Edwards-Helaire,RB,LSU,,207.0,4.6,39.5,15.0,123.0,,,True,1.0,32.0,5.41,,214.0,1419.0,782.0,3.65,6.6,16.0,269.0,36.0,78.0,1.0,71.0,21.0,44.7,635.0,115.5,71.0,0.3317757009345794,0.16822429906542055,1.07,64.0,422.0,0.15165876777251186,0.0037174721189591076
2020,Darrynton Evans,RB,Appalachian State,,203.0,4.41,37.0,20.0,125.0,,,True,3.0,93.0,9.11,,256.0,1484.0,761.0,2.97,5.8,18.0,277.0,43.0,69.0,0.0,50.0,22.0,47.8,709.0,60.1,50.0,0.1953125,0.16796875,1.03,27.0,192.0,0.140625,0.0
2020,JaMycal Hasty,RB,Baylor,,205.0,4.55,39.0,15.0,123.0,,4.03,False,,,6.7,,109.0,616.0,419.0,3.84,5.7,7.0,134.0,15.0,26.0,3.0,22.0,12.0,50.2,309.0,80.3,22.0,0.2018348623853211,0.13761467889908258,1.03,34.0,179.0,0.18994413407821228,0.022388059701492536
2020,Brian Herrien,RB,Georgia,,209.0,4.62,38.5,18.0,126.0,7.12,4.4,False,,,6.27,,102.0,488.0,324.0,3.18,4.8,6.0,118.0,13.0,31.0,0.0,13.0,5.0,22.1,108.0,37.7,13.0,0.12745098039215685,0.12745098039215685,1.25,22.0,88.0,0.25,0.0
2020,Tony Jones,RB,Notre Dame,,220.0,4.68,32.5,13.0,119.0,7.18,4.21,False,,,4.19,,144.0,856.0,549.0,3.81,5.9,6.0,159.0,25.0,40.0,0.0,33.0,13.0,45.7,391.0,81.5,33.0,0.22916666666666666,0.1736111111111111,0.63,23.0,165.0,0.1393939393939394,0.0
2020,Joshua Kelley,RB,UCLA,,212.0,4.49,31.0,23.0,121.0,6.95,4.28,True,4.0,112.0,7.59,,229.0,1060.0,641.0,2.8,4.6,12.0,240.0,27.0,60.0,1.0,44.0,9.0,25.6,271.0,51.3,44.0,0.19213973799126638,0.11790393013100436,0.49,15.0,146.0,0.10273972602739725,0.004166666666666667
2020,Javon Leake,RB,Maryland,,215.0,4.65,34.0,,125.0,,,False,,,5.02,,103.0,722.0,503.0,4.88,7.0,8.0,111.0,16.0,27.0,3.0,32.0,12.0,56.6,409.0,145.2,32.0,0.3106796116504854,0.1553398058252427,0.5,9.0,118.0,0.07627118644067797,0.02702702702702703
2020,Benny LeMay,RB,Charlotte,,221.0,4.75,28.5,24.0,112.0,,,False,,,1.06,,193.0,1074.0,671.0,3.48,5.6,9.0,211.0,31.0,50.0,1.0,49.0,15.0,37.5,403.0,89.0,49.0,0.2538860103626943,0.16062176165803108,1.32,22.0,178.0,0.12359550561797752,0.004739336492890996
2020,Anthony McFarland,RB,Maryland,,208.0,4.44,29.5,,116.0,,,True,4.0,124.0,4.4,,114.0,614.0,316.0,2.77,5.4,8.0,131.0,17.0,26.0,1.0,28.0,8.0,46.3,284.0,69.8,28.0,0.24561403508771928,0.14912280701754385,0.86,23.0,146.0,0.15753424657534246,0.007633587786259542
2020,Zack Moss,RB,Utah,,223.0,4.65,33.0,19.0,,,4.37,True,3.0,86.0,2.8,,234.0,1412.0,1042.0,4.45,6.0,15.0,262.0,36.0,74.0,1.0,89.0,21.0,44.5,628.0,176.8,89.0,0.3803418803418803,0.15384615384615385,2.36,31.0,164.0,0.18902439024390244,0.003816793893129771
2020,Sewo Olonilua,RB,TCU,,232.0,4.66,36.0,25.0,123.0,,4.28,False,,,8.46,,132.0,534.0,427.0,3.23,4.0,8.0,157.0,8.0,43.0,2.0,19.0,5.0,21.2,113.0,43.3,19.0,0.14393939393939395,0.06060606060606061,0.59,31.0,202.0,0.15346534653465346,0.012738853503184714
2020,La'Mical Perine,RB,Florida,,216.0,4.62,35.0,22.0,118.0,7.13,4.31,True,4.0,120.0,5.25,,132.0,676.0,493.0,3.73,5.1,6.0,173.0,21.0,35.0,0.0,24.0,7.0,36.4,246.0,69.1,24.0,0.18181818181818182,0.1590909090909091,0.95,53.0,284.0,0.18661971830985916,0.0
2020,Scottie Phillips,RB,Mississippi,,209.0,4.56,30.0,29.0,114.0,7.4,4.53,False,,,2.94,,125.0,542.0,341.0,2.73,4.3,5.0,133.0,11.0,28.0,1.0,15.0,9.0,39.3,213.0,39.0,15.0,0.12,0.088,0.61,10.0,126.0,0.07936507936507936,0.007518796992481203
2020,James Robinson,RB,Illinois State,,219.0,4.64,40.0,24.0,125.0,7.03,4.19,False,,,7.81,,,,,,,,,,,,,,,,,,,,,,,,
2020,D'Andre Swift,RB,Georgia,,212.0,4.48,35.5,,121.0,,,True,2.0,35.0,7.55,,197.0,1220.0,700.0,3.55,6.2,7.0,221.0,39.0,58.0,3.0,40.0,18.0,37.5,458.0,70.7,40.0,0.20304568527918782,0.19796954314720813,1.14,29.0,190.0,0.15263157894736842,0.013574660633484163
2020,J.J. Taylor,RB,Arizona,,185.0,4.61,34.5,19.0,118.0,7.0,4.15,False,,,4.65,,147.0,719.0,485.0,3.3,4.9,5.0,180.0,26.0,42.0,0.0,38.0,7.0,21.4,154.0,88.0,38.0,0.2585034013605442,0.17687074829931973,1.58,42.0,185.0,0.22702702702702704,0.0
2020,Jonathan Taylor,RB,Wisconsin,,226.0,4.39,36.0,17.0,123.0,7.01,4.24,True,2.0,41.0,9.53,,320.0,2002.0,1256.0,3.93,6.3,21.0,346.0,61.0,108.0,6.0,87.0,30.0,39.3,787.0,104.4,87.0,0.271875,0.190625,2.13,37.0,114.0,0.32456140350877194,0.017341040462427744
2020,Patrick Taylor,RB,Memphis,,217.0,4.57,34.0,15.0,123.0,,4.34,False,,,7.11,,78.0,339.0,232.0,2.97,4.3,5.0,86.0,12.0,25.0,2.0,6.0,3.0,15.0,51.0,27.7,6.0,0.07692307692307693,0.15384615384615385,0.68,14.0,77.0,0.18181818181818182,0.023255813953488372
2020,Ke'Shawn Vaughn,RB,Vanderbilt,,214.0,4.51,32.0,,117.0,,,True,3.0,76.0,5.17,,199.0,1028.0,743.0,3.73,5.2,9.0,228.0,32.0,55.0,2.0,55.0,12.0,39.0,401.0,103.2,55.0,0.27638190954773867,0.16080402010050251,1.28,33.0,223.0,0.14798206278026907,0.008771929824561403
2020,Mike Warren,RB,Cincinnati,,226.0,,,16.0,,,,False,,,,,,,,,,,,,,,,,,,,,,,,,,,
2021,Otis Anderson,RB,Central Florida,,179.0,4.63,36.0,11.0,113.0,7.04,4.38,False,,,1.53,,,,,,,,,,,,,,,,,,,,,,,,
2021,Rakeem Boyd,RB,Arkansas,,213.0,4.7,32.5,6.0,98.0,7.22,4.38,False,,,2.12,,81.0,314.0,202.0,2.49,3.9,3.0,91.0,6.0,21.0,0.0,8.0,1.0,5.1,16.0,21.9,8.0,0.09876543209876543,0.07407407407407407,0.38,13.0,88.0,0.14772727272727273,0.0
2021,Gary Brightwell,RB,Arizona,,218.0,4.62,34.5,17.0,118.0,7.51,4.48,True,6.0,196.0,4.57,,87.0,400.0,312.0,3.59,4.6,1.0,99.0,14.0,22.0,2.0,28.0,7.0,39.5,158.0,108.7,28.0,0.3218390804597701,0.16091954022988506,0.63,13.0,90.0,0.14444444444444443,0.020202020202020204
2021,Michael Carter,RB,North Carolina,,201.0,4.5,34.0,16.0,119.0,6.81,3.98,True,4.0,107.0,6.2,,157.0,1245.0,702.0,4.47,7.9,9.0,182.0,41.0,48.0,0.0,47.0,29.0,62.7,780.0,135.1,47.0,0.29936305732484075,0.2611464968152866,1.93,30.0,138.0,0.21739130434782608,0.0
2021,Corey Dauphine,RB,Tulane,,198.0,4.71,30.0,14.0,117.0,7.4,4.53,False,,,0.86,,,,,,,,,,,,,,,,,,,,,,,,
2021,Bryson Denley,RB,Bowling Green,,189.0,4.56,27.5,13.0,110.0,7.25,4.57,False,,,0.47,,,,,,,,,,,,,,,,,,,,,,,,
2021,Gerrid Doaks,RB,Cincinnati,,228.0,4.58,39.5,19.0,120.0,7.2,4.27,False,,,8.3,,144.0,673.0,389.0,2.7,4.7,7.0,158.0,17.0,39.0,2.0,25.0,8.0,36.1,243.0,44.5,25.0,0.1736111111111111,0.11805555555555555,1.29,18.0,156.0,0.11538461538461539,0.012658227848101266
2021,Travis Etienne,RB,Clemson,,215.0,4.45,33.5,18.0,128.0,,,True,1.0,25.0,9.12,,166.0,923.0,638.0,3.84,5.6,14.0,214.0,27.0,51.0,2.0,44.0,15.0,40.2,371.0,102.4,44.0,0.26506024096385544,0.16265060240963855,2.26,58.0,260.0,0.2230769230769231,0.009345794392523364
2021,Chris Evans,RB,Michigan,,211.0,4.5,40.5,20.0,127.0,6.83,4.12,True,6.0,202.0,9.84,,16.0,73.0,39.0,2.44,4.6,1.0,25.0,3.0,4.0,1.0,5.0,1.0,21.9,16.0,68.3,5.0,0.3125,0.1875,1.53,10.0,57.0,0.17543859649122806,0.04
2021,Demetric Felton,RB,UCLA,,189.0,4.55,,,,,,True,6.0,211.0,0.87,,132.0,668.0,443.0,3.36,5.1,5.0,154.0,22.0,42.0,1.0,36.0,8.0,26.3,176.0,91.5,36.0,0.2727272727272727,0.16666666666666666,1.18,26.0,135.0,0.1925925925925926,0.006493506493506494
2021,Jake Funk,RB,Maryland,,204.0,4.49,38.0,22.0,122.0,6.71,4.12,True,7.0,233.0,9.76,,61.0,515.0,185.0,3.03,8.4,3.0,70.0,13.0,18.0,0.0,14.0,11.0,66.0,340.0,60.7,14.0,0.22950819672131148,0.21311475409836064,0.84,11.0,76.0,0.14473684210526316,0.0
2021,Kenneth Gainwell,RB,Memphis,,201.0,4.42,,21.0,,,,True,5.0,150.0,5.66,,,,,,,,,,,,,,,,,,,,,,,,
2021,Garrett Groshek,RB,Wisconsin,,217.0,4.64,33.5,17.0,115.0,7.08,4.32,False,,,,,67.0,300.0,170.0,2.54,4.5,2.0,89.0,10.0,17.0,2.0,12.0,2.0,18.0,54.0,51.3,12.0,0.1791044776119403,0.14925373134328357,1.12,26.0,106.0,0.24528301886792453,0.02247191011235955
2021,Javian Hawkins,RB,Louisville,,183.0,4.46,36.0,,116.0,6.98,4.23,False,,,6.99,,131.0,811.0,536.0,4.09,6.2,7.0,147.0,22.0,36.0,3.0,33.0,12.0,53.9,437.0,91.9,33.0,0.25190839694656486,0.16793893129770993,1.09,18.0,117.0,0.15384615384615385,0.02040816326530612
2021,Justin Henderson,RB,Louisiana Tech,,220.0,4.65,32.0,26.0,118.0,7.22,4.59,False,,,2.82,,,,,,,,,,,,,,,,,,,,,,,,
2021,Khalil Herbert,RB,Virginia Tech,,210.0,4.46,33.0,22.0,115.0,6.96,4.31,True,6.0,217.0,6.14,,155.0,1172.0,734.0,4.74,7.6,8.0,165.0,34.0,49.0,1.0,42.0,19.0,55.3,648.0,126.3,42.0,0.2709677419354839,0.21935483870967742,1.85,14.0,97.0,0.14432989690721648,0.006060606060606061
2021,Kylin Hill,RB,Mississippi St.,,214.0,4.51,36.0,22.0,122.0,7.13,4.35,True,7.0,256.0,7.28,,15.0,58.0,37.0,2.47,3.9,0.0,38.0,1.0,3.0,0.0,3.0,0.0,0.0,0.0,77.9,3.0,0.2,0.06666666666666667,2.36,27.0,99.0,0.2727272727272727,0.0
2021,Chuba Hubbard,RB,Oklahoma St.,,210.0,4.48,36.0,20.0,120.0,7.24,4.26,True,4.0,126.0,,,,,,,,,,,,,,,,,,,,,,,,,
2021,Deon Jackson,RB,Duke,,218.0,4.41,36.0,18.0,123.0,7.15,4.37,False,,,8.91,,162.0,674.0,531.0,3.28,4.2,5.0,171.0,15.0,34.0,5.0,35.0,9.0,41.1,277.0,72.8,35.0,0.21604938271604937,0.09259259259259259,0.44,15.0,184.0,0.08152173913043478,0.029239766081871343
2021,Jermar Jefferson,RB,Oregon St.,,206.0,4.57,31.0,13.0,115.0,7.38,4.38,True,7.0,257.0,2.22,,133.0,858.0,488.0,3.67,6.5,7.0,142.0,19.0,34.0,3.0,27.0,11.0,44.2,379.0,74.9,27.0,0.20300751879699247,0.14285714285714285,0.6,11.0,111.0,0.0990990990990991,0.02112676056338028
2021,Josh Johnson,RB,La-Monroe,,209.0,4.61,35.5,22.0,115.0,7.16,4.4,False,,,,,,,,,,,,,,,,,,,,,,,,,,,
2021,Jamal Jones,RB,Arkansas St.,,198.0,4.67,28.0,23.0,112.0,7.39,4.65,False,,,,,,,,,,,,,,,,,,,,,,,,,,,
2021,Brenden Knox,RB,Marshall,,215.0,4.67,35.0,23.0,112.0,7.19,4.39,False,,,4.33,,185.0,887.0,550.0,2.97,4.8,9.0,192.0,20.0,52.0,0.0,28.0,7.0,19.6,174.0,46.5,28.0,0.15135135135135136,0.10810810810810811,0.93,9.0,92.0,0.09782608695652174,0.0
2021,CJ Marable,RB,Coastal Carolina,,195.0,4.59,36.0,17.0,116.0,7.25,4.39,False,,,3.15,,,,,,,,,,,,,,,,,,,,,,,,
2021,Sandon McCoy,RB,Army,,215.0,4.78,32.0,18.0,114.0,7.47,4.56,False,,,3.05,,85.0,267.0,154.0,1.81,3.1,10.0,86.0,1.0,23.0,0.0,7.0,1.0,6.0,16.0,19.0,7.0,0.08235294117647059,0.011764705882352941,-0.5,1.0,8.0,0.125,0.0
2021,Greg McCrae,RB,Central Florida,,182.0,4.57,37.5,,124.0,6.89,4.34,False,,,7.18,,,,,,,,,,,,,,,,,,,,,,,,
2021,Dedrick Mills,RB,Nebraska,,217.0,4.65,32.5,13.0,117.0,7.06,4.35,False,,,3.77,,84.0,402.0,273.0,3.25,4.8,3.0,96.0,8.0,18.0,2.0,16.0,4.0,30.8,124.0,64.3,16.0,0.19047619047619047,0.09523809523809523,0.77,13.0,110.0,0.11818181818181818,0.020833333333333332
2021,Elijah Mitchell,RB,Louisiana,,201.0,4.38,37.5,17.0,128.0,6.94,4.19,True,6.0,194.0,9.5,,,,,,,,,,,,,,,,,,,,,,,,
2021,Jaret Patterson,RB,Buffalo,,195.0,4.59,30.0,19.0,117.0,7.03,4.35,False,,,4.42,,140.0,1074.0,664.0,4.74,7.7,19.0,140.0,24.0,56.0,0.0,47.0,16.0,55.4,595.0,159.2,47.0,0.3357142857142857,0.17142857142857143,0.0,0.0,66.0,0.0,0.0
2021,Trey Ragas,RB,Louisiana,,214.0,4.6,33.5,23.0,117.0,7.19,4.5,False,,,4.88,,,,,,,,,,,,,,,,,,,,,,,,
2021,Asim Rose,RB,Kentucky,,215.0,4.51,34.0,24.0,120.0,7.25,4.62,False,,,7.47,,106.0,666.0,411.0,3.88,6.3,2.0,116.0,20.0,31.0,3.0,23.0,11.0,47.0,313.0,76.9,23.0,0.2169811320754717,0.18867924528301888,1.0,12.0,83.0,0.14457831325301204,0.02586206896551724
2021,Larry Rountree,RB,Missouri,,,4.62,30.0,,,6.96,,True,6.0,198.0,2.01,,211.0,989.0,501.0,2.37,4.7,14.0,226.0,25.0,59.0,1.0,41.0,11.0,28.4,281.0,46.2,41.0,0.1943127962085308,0.11848341232227488,0.59,20.0,170.0,0.11764705882352941,0.004424778761061947
2021,Mekhi Sargent,RB,Iowa,,208.0,4.62,33.5,,114.0,7.08,4.39,False,,,3.58,,76.0,427.0,193.0,2.54,5.6,7.0,77.0,11.0,22.0,1.0,16.0,6.0,32.1,137.0,56.1,16.0,0.21052631578947367,0.14473684210526316,0.14,1.0,44.0,0.022727272727272728,0.012987012987012988
2021,Stevie Scott,RB,Indiana,,225.0,4.66,31.0,18.0,119.0,7.14,4.57,False,,,3.43,,156.0,561.0,382.0,2.45,3.6,10.0,169.0,13.0,43.0,1.0,22.0,6.0,19.4,109.0,37.7,22.0,0.14102564102564102,0.08333333333333333,0.51,19.0,168.0,0.1130952380952381,0.005917159763313609
2021,Trey Sermon,RB,Ohio St.,,215.0,4.57,37.0,,125.0,6.83,4.28,True,3.0,88.0,9.67,,116.0,870.0,469.0,4.04,7.5,4.0,128.0,27.0,36.0,0.0,33.0,16.0,53.1,462.0,116.9,33.0,0.28448275862068967,0.23275862068965517,0.99,15.0,96.0,0.15625,0.0
2021,Rhamondre Stevenson,RB,Oklahoma,,231.0,4.64,31.5,15.0,112.0,7.09,4.15,True,4.0,120.0,3.98,,101.0,665.0,393.0,3.89,6.6,7.0,119.0,22.0,30.0,1.0,36.0,12.0,42.1,280.0,140.6,36.0,0.3564356435643564,0.21782178217821782,2.32,23.0,91.0,0.25274725274725274,0.008403361344537815
2021,Harry Trotter,RB,Kansas St.,,207.0,4.63,32.5,22.0,112.0,,,False,,,,,,,,,,,,,,,,,,,,,,,,,,,
2021,Israel Tucker,RB,Louisiana Tech,,194.0,4.6,38.5,20.0,123.0,7.25,4.52,False,,,5.25,,,,,,,,,,,,,,,,,,,,,,,,
2021,Javonte Williams,RB,North Carolina,,212.0,4.55,36.0,22.0,123.0,6.97,4.09,True,2.0,35.0,8.79,,157.0,1168.0,720.0,4.59,7.4,19.0,181.0,42.0,72.0,1.0,76.0,27.0,56.5,660.0,215.4,76.0,0.4840764331210191,0.267515923566879,1.64,30.0,168.0,0.17857142857142858,0.0055248618784530384
2021,Pooka Williams,RB,Kansas,,170.0,4.46,31.5,4.0,118.0,7.03,4.26,False,,,5.32,,50.0,202.0,126.0,2.52,4.0,2.0,56.0,4.0,8.0,0.0,16.0,2.0,18.3,37.0,76.5,16.0,0.32,0.08,0.52,8.0,60.0,0.13333333333333333,0.0
2022,Tyler Allgeier,RB,BYU,,224.0,4.6,33.0,,120.0,,,True,5.0,151.0,7.4,,,,,,,,,,,,,,,,,,,,,,,,
2022,Tyler Badie,RB,Missouri,,197.0,4.45,33.5,,121.0,,,True,6.0,196.0,6.38,,271.0,1604.0,916.0,3.38,5.9,14.0,323.0,46.0,74.0,0.0,57.0,22.0,43.2,693.0,72.2,57.0,0.21033210332103322,0.16974169741697417,1.18,68.0,283.0,0.24028268551236748,0.0
2022,Greg Bell,RB,San Diego St.,,201.0,,31.0,17.0,120.0,,,False,,,4.36,,244.0,1101.0,670.0,2.75,4.5,9.0,248.0,27.0,55.0,6.0,29.0,9.0,25.0,275.0,32.1,29.0,0.11885245901639344,0.11065573770491803,0.03,6.0,144.0,0.041666666666666664,0.024193548387096774
2022,Max Borghi,RB,Washington St.,,210.0,,,20.0,,,,False,,,7.54,,161.0,882.0,548.0,3.4,5.5,12.0,177.0,29.0,49.0,0.0,47.0,15.0,42.0,370.0,105.8,47.0,0.2919254658385093,0.18012422360248448,1.56,21.0,100.0,0.21,0.0
2022,Kennedy Brooks,RB,Oklahoma,,209.0,4.59,31.0,,120.0,,,False,,,5.98,,197.0,1255.0,778.0,3.95,6.4,13.0,206.0,33.0,59.0,0.0,60.0,25.0,52.7,661.0,118.9,60.0,0.30456852791878175,0.16751269035532995,0.43,12.0,168.0,0.07142857142857142,0.0
2022,Leddie Brown,RB,West Virginia,,213.0,4.64,30.0,,118.0,,,False,,,6.21,,222.0,1061.0,640.0,2.88,4.8,13.0,258.0,26.0,64.0,5.0,49.0,11.0,28.8,306.0,60.3,49.0,0.22072072072072071,0.11711711711711711,0.64,50.0,341.0,0.1466275659824047,0.01937984496124031
2022,Tykevious Chandler,RB,North Carolina,,204.0,4.38,31.0,,121.0,,,True,5.0,169.0,,,,,,,,,,,,,,,,,,,,,,,,,
2022,Snoop Conner,RB,Mississippi,,222.0,4.59,29.5,25.0,118.0,,,True,5.0,154.0,7.03,,130.0,642.0,323.0,2.48,4.9,13.0,144.0,22.0,45.0,3.0,24.0,8.0,30.8,198.0,44.9,24.0,0.18461538461538463,0.16923076923076924,0.69,15.0,118.0,0.1271186440677966,0.020833333333333332
2022,James Cook,RB,Georgia,,199.0,4.42,33.0,,124.0,,,True,2.0,63.0,8.75,,113.0,728.0,442.0,3.91,6.4,7.0,140.0,18.0,37.0,0.0,25.0,10.0,39.8,290.0,86.6,25.0,0.22123893805309736,0.1592920353982301,1.63,30.0,168.0,0.17857142857142858,0.0
2022,Jashaun Corbin,RB,Florida St.,,202.0,,,,,,,False,,,5.35,,142.0,879.0,649.0,4.57,6.2,7.0,166.0,27.0,35.0,2.0,27.0,13.0,47.1,414.0,82.6,27.0,0.19014084507042253,0.19014084507042253,0.8,32.0,180.0,0.17777777777777778,0.012048192771084338
2022,Tyrion Davis-Price,RB,LSU,,211.0,4.48,30.0,,117.0,,,True,3.0,93.0,6.65,,211.0,1015.0,591.0,2.8,4.8,6.0,221.0,30.0,56.0,3.0,37.0,11.0,27.3,277.0,54.5,37.0,0.17535545023696683,0.14218009478672985,0.34,13.0,186.0,0.06989247311827956,0.013574660633484163
2022,Jerrion Ealy,RB,Mississippi,,189.0,4.52,34.5,,128.0,,,False,,,6.12,,132.0,778.0,547.0,4.14,5.9,5.0,164.0,21.0,41.0,0.0,45.0,12.0,47.2,367.0,131.4,45.0,0.3409090909090909,0.1590909090909091,1.43,35.0,152.0,0.23026315789473684,0.0
2022,Trestan Ebner,RB,Baylor,,206.0,4.43,30.0,,,,,True,6.0,203.0,4.77,,150.0,778.0,513.0,3.42,5.2,2.0,176.0,28.0,37.0,4.0,50.0,14.0,41.5,323.0,118.5,50.0,0.3333333333333333,0.18666666666666668,1.51,33.0,195.0,0.16923076923076924,0.022727272727272728
2022,Jerome Ford,RB,Cincinnati,,210.0,4.46,31.0,,118.0,,,True,5.0,156.0,6.91,,214.0,1307.0,656.0,3.07,6.1,19.0,235.0,32.0,69.0,2.0,52.0,15.0,41.2,539.0,73.0,52.0,0.24299065420560748,0.14953271028037382,1.01,22.0,217.0,0.10138248847926268,0.00851063829787234
2022,Tyler Goodson,RB,Iowa,,197.0,4.42,36.5,,123.0,,,False,,,9.52,,256.0,1148.0,588.0,2.3,4.5,6.0,287.0,32.0,47.0,2.0,38.0,15.0,38.6,443.0,33.6,38.0,0.1484375,0.125,1.3,38.0,190.0,0.2,0.006968641114982578
2022,Breece Hall,RB,Iowa St.,,217.0,4.39,40.0,,126.0,,,True,2.0,36.0,,,,,,,,,,,,,,,,,,,,,,,,,
2022,Kevin Harris,RB,South Carolina,,221.0,,38.5,21.0,126.0,,,True,6.0,183.0,7.13,,153.0,655.0,481.0,3.14,4.3,4.0,164.0,16.0,41.0,0.0,23.0,6.0,23.7,155.0,47.9,23.0,0.1503267973856209,0.10457516339869281,0.74,17.0,121.0,0.14049586776859505,0.0
2022,Hassan Haskins,RB,Michigan,,228.0,,,27.0,,,,True,4.0,131.0,,,270.0,1327.0,825.0,3.06,4.9,20.0,288.0,36.0,103.0,0.0,53.0,17.0,29.4,390.0,60.5,53.0,0.1962962962962963,0.13333333333333333,1.03,20.0,127.0,0.15748031496062992,0.0
2022,Keaontay Ingram,RB,USC,,221.0,4.53,34.5,,122.0,,,True,6.0,201.0,8.67,,156.0,911.0,578.0,3.71,5.8,5.0,178.0,31.0,53.0,1.0,35.0,15.0,39.7,362.0,89.5,35.0,0.22435897435897437,0.1987179487179487,0.87,24.0,180.0,0.13333333333333333,0.0056179775280898875
2022,Zonovan Knight,RB,North Carolina St.,,209.0,4.58,31.0,,114.0,,,False,,,5.81,,,,,,,,,,,,,,,,,,,,,,,,
2022,Sincere McCormick,RB,Texas-San Antonio,,205.0,4.6,33.5,,116.0,,,False,,,3.94,,298.0,1479.0,754.0,2.53,5.0,15.0,321.0,31.0,77.0,0.0,47.0,15.0,30.4,450.0,40.2,47.0,0.15771812080536912,0.1040268456375839,0.73,23.0,249.0,0.09236947791164658,0.0
2022,Isiah Pacheco,RB,Rutgers,,216.0,4.37,33.0,,118.0,,,True,7.0,251.0,8.85,,166.0,654.0,476.0,2.87,3.9,5.0,179.0,15.0,46.0,1.0,12.0,8.0,24.6,161.0,24.0,12.0,0.07228915662650602,0.09036144578313253,0.18,19.0,141.0,0.1347517730496454,0.00558659217877095
2022,Dameon Pierce,RB,Florida,,218.0,4.59,34.5,21.0,119.0,,,True,4.0,107.0,7.09,,100.0,574.0,365.0,3.65,5.7,13.0,119.0,20.0,36.0,0.0,39.0,9.0,31.4,180.0,138.0,39.0,0.39,0.2,1.8,19.0,120.0,0.15833333333333333,0.0
2022,D'vonte Price,RB,Florida International,,210.0,4.38,34.0,,119.0,,,False,,,7.75,,,,,,,,,,,,,,,,,,,,,,,,
2022,Ronnie Rivers,RB,Fresno St.,,195.0,4.6,36.5,,119.0,,,False,,,,,,,,,,,,,,,,,,,,,,,,,,,
2022,Brian Robinson,RB,Alabama,,225.0,4.53,30.0,,119.0,,,True,3.0,98.0,6.58,,271.0,1343.0,891.0,3.29,5.0,14.0,306.0,40.0,79.0,0.0,79.0,22.0,34.3,460.0,92.4,79.0,0.2915129151291513,0.14760147601476015,0.97,38.0,304.0,0.125,0.0
2022,Abram Smith,RB,Baylor,,213.0,,,,,,,False,,,6.61,,258.0,1598.0,1011.0,3.92,6.2,12.0,270.0,44.0,79.0,2.0,47.0,22.0,42.9,685.0,71.1,47.0,0.1821705426356589,0.17054263565891473,0.62,16.0,120.0,0.13333333333333333,0.007407407407407408
2022,Isaiah Spiller,RB,Texas A&M,,217.0,,30.0,,114.0,,,True,4.0,123.0,5.66,,178.0,1016.0,647.0,3.63,5.7,6.0,203.0,31.0,50.0,1.0,56.0,18.0,45.6,463.0,120.0,56.0,0.3146067415730337,0.17415730337078653,0.99,33.0,190.0,0.1736842105263158,0.0049261083743842365
2022,Pierre Strong,RB,South Dakota St.,,207.0,4.37,36.0,,124.0,,,True,4.0,127.0,,,,,,,,,,,,,,,,,,,,,,,,,
2022,CJ Verdell,RB,Oregon,,194.0,,29.5,,118.0,,,False,,,2.3,,79.0,423.0,243.0,3.08,5.4,7.0,86.0,11.0,23.0,0.0,13.0,3.0,25.8,109.0,46.5,13.0,0.16455696202531644,0.13924050632911392,0.93,8.0,61.0,0.13114754098360656,0.0
2022,Kenneth Walker,RB,Michigan St.,,211.0,4.38,34.0,,122.0,,,True,2.0,41.0,,,,,,,,,,,,,,,,,,,,,,,,,
2022,Jaylen Warren,RB,Oklahoma St.,,204.0,4.55,31.5,,119.0,,,False,,,,,,,,,,,,,,,,,,,,,,,,,,,
2022,Rachaad White,RB,Arizona St.,,214.0,4.48,38.0,,125.0,,,True,3.0,91.0,9.87,,183.0,1000.0,619.0,3.38,5.5,15.0,226.0,24.0,57.0,1.0,44.0,11.0,31.2,312.0,89.8,44.0,0.24043715846994534,0.13114754098360656,2.25,48.0,203.0,0.23645320197044334,0.004424778761061947
2022,ZaQuandre White,RB,South Carolina,,206.0,,,,,,,False,,,4.12,,89.0,557.0,410.0,4.61,6.3,2.0,108.0,13.0,27.0,0.0,29.0,10.0,51.2,285.0,153.6,29.0,0.3258426966292135,0.14606741573033707,2.17,28.0,100.0,0.28,0.0
2022,Zamir White,RB,Georgia,,214.0,4.4,33.5,,128.0,,,True,4.0,122.0,9.81,,161.0,859.0,580.0,3.6,5.3,11.0,169.0,23.0,49.0,1.0,37.0,8.0,25.0,215.0,83.1,37.0,0.22981366459627328,0.14285714285714285,0.77,9.0,94.0,0.09574468085106383,0.005917159763313609
2022,Kyren Williams,RB,Notre Dame,,194.0,4.65,32.0,,116.0,,,True,5.0,164.0,3.46,,204.0,990.0,757.0,3.71,4.9,14.0,246.0,25.0,48.0,3.0,58.0,9.0,33.0,327.0,108.6,58.0,0.28431372549019607,0.12254901960784313,1.47,45.0,244.0,0.18442622950819673,0.012195121951219513
2023,Israel Abanikanda,RB,Pittsburgh,,216.0,,,,,,,True,5.0,143.0,9.63,,241.0,1426.0,652.0,2.71,5.9,20.0,253.0,38.0,73.0,3.0,41.0,19.0,44.2,631.0,52.4,41.0,0.17012448132780084,0.15767634854771784,0.91,17.0,161.0,0.10559006211180125,0.011857707509881422
2023,Devon Achane,RB,Texas A&M,,188.0,4.32,33.0,,,,,True,3.0,84.0,5.72,,196.0,1100.0,705.0,3.6,5.6,8.0,232.0,35.0,63.0,1.0,51.0,18.0,42.8,471.0,89.9,51.0,0.2602040816326531,0.17857142857142858,0.66,44.0,297.0,0.14814814814814814,0.004310344827586207
2023,Tank Bigsby,RB,Auburn,,210.0,4.56,32.5,,119.0,,,True,3.0,88.0,8.32,,178.0,976.0,740.0,4.16,5.5,10.0,208.0,27.0,46.0,1.0,57.0,16.0,50.1,489.0,127.9,57.0,0.3202247191011236,0.15168539325842698,0.84,42.0,214.0,0.19626168224299065,0.004807692307692308
2023,Chase Brown,RB,Illinois,,209.0,4.43,40.0,,127.0,,,True,5.0,163.0,9.81,,329.0,1632.0,935.0,2.84,5.0,10.0,356.0,48.0,79.0,5.0,80.0,23.0,32.0,522.0,68.7,80.0,0.24316109422492402,0.1458966565349544,1.04,30.0,231.0,0.12987012987012986,0.014044943820224719
2023,Zach Charbonnet,RB,UCLA,,214.0,4.53,37.0,,122.0,,,True,2.0,52.0,8.71,,194.0,1358.0,806.0,4.15,7.0,14.0,231.0,44.0,76.0,1.0,50.0,24.0,44.6,606.0,115.1,50.0,0.25773195876288657,0.2268041237113402,1.31,44.0,245.0,0.17959183673469387,0.004329004329004329
2023,Travis Dye,RB,USC,,201.0,,,,,,,False,,,0.15,,146.0,889.0,466.0,3.19,6.1,9.0,167.0,25.0,51.0,1.0,29.0,15.0,35.7,317.0,59.2,29.0,0.19863013698630136,0.17123287671232876,1.12,26.0,181.0,0.143646408839779,0.005988023952095809
2023,Tiyon Evans,RB,Louisville,,225.0,4.52,30.5,,,,,False,,,6.77,,83.0,518.0,247.0,2.98,6.2,6.0,89.0,13.0,24.0,3.0,22.0,8.0,47.1,244.0,83.6,22.0,0.26506024096385544,0.1566265060240964,0.3,6.0,44.0,0.13636363636363635,0.033707865168539325
2023,Zach Evans,RB,Mississippi,,202.0,,,,,,,True,6.0,215.0,8.75,,144.0,930.0,513.0,3.56,6.5,9.0,156.0,33.0,53.0,3.0,35.0,17.0,45.9,427.0,86.8,35.0,0.24305555555555555,0.22916666666666666,0.94,19.0,127.0,0.14960629921259844,0.019230769230769232
2023,Jahmyr Gibbs,RB,Alabama,,199.0,4.36,33.5,,,,,True,1.0,12.0,8.06,,151.0,926.0,512.0,3.39,6.1,7.0,195.0,25.0,36.0,0.0,36.0,15.0,52.7,488.0,93.9,36.0,0.23841059602649006,0.16556291390728478,1.81,52.0,245.0,0.21224489795918366,0.0
2023,Eric Gray,RB,Oklahoma,,207.0,,37.5,,118.0,,,True,5.0,172.0,6.56,,212.0,1374.0,727.0,3.43,6.5,11.0,246.0,44.0,78.0,1.0,54.0,21.0,39.2,539.0,90.6,54.0,0.25471698113207547,0.20754716981132076,1.03,40.0,230.0,0.17391304347826086,0.0040650406504065045
2023,Evan Hull,RB,Northwestern,,209.0,4.47,37.0,,123.0,6.9,4.38,False,,,9.33,,220.0,914.0,602.0,2.74,4.2,5.0,274.0,21.0,48.0,2.0,49.0,14.0,28.1,257.0,59.9,49.0,0.22272727272727272,0.09545454545454546,1.85,66.0,290.0,0.22758620689655173,0.0072992700729927005
2023,Mohamed Ibrahim,RB,Minnesota,,203.0,,,,,,,False,,,,,320.0,1675.0,1106.0,3.46,5.2,20.0,327.0,48.0,110.0,2.0,70.0,21.0,30.2,506.0,75.0,70.0,0.21875,0.15,0.42,7.0,118.0,0.059322033898305086,0.0061162079510703364
2023,Roschon Johnson,RB,Texas,,219.0,4.58,31.5,,122.0,,,True,4.0,115.0,8.67,,94.0,545.0,402.0,4.28,5.8,5.0,108.0,12.0,32.0,1.0,46.0,9.0,39.6,216.0,198.0,46.0,0.48936170212765956,0.1276595744680851,1.16,21.0,110.0,0.19090909090909092,0.009259259259259259
2023,Chris Rodriguez Jr.,RB,Kentucky,,217.0,,,,,,,False,,,7.7,,175.0,904.0,672.0,3.84,5.2,6.0,180.0,26.0,45.0,1.0,63.0,13.0,35.4,320.0,142.9,63.0,0.36,0.14857142857142858,0.49,7.0,84.0,0.08333333333333333,0.005555555555555556
2023,DeWayne McBride,RB,Alabama-Birmingham,,209.0,,,,,,,False,,,,,,,,,,,,,,,,,,,,,,,,,,,
2023,Kenny McIntosh,RB,Georgia,,204.0,4.62,,,,,,True,7.0,237.0,4.08,,151.0,824.0,467.0,3.09,5.5,10.0,193.0,24.0,51.0,2.0,44.0,8.0,27.3,225.0,92.9,44.0,0.2913907284768212,0.15894039735099338,2.2,49.0,231.0,0.21212121212121213,0.010362694300518135
2023,Kendre Miller,RB,TCU,,215.0,,,,,,,True,3.0,71.0,,,224.0,1399.0,816.0,3.64,6.2,17.0,240.0,38.0,66.0,2.0,67.0,21.0,44.8,627.0,113.8,67.0,0.29910714285714285,0.16964285714285715,0.61,22.0,189.0,0.1164021164021164,0.008333333333333333
2023,Keaton Mitchell,RB,East Carolina,,179.0,4.37,38.0,,126.0,,,False,,,6.17,,,,,,,,,,,,,,,,,,,,,,,,
2023,Camerun Peoples,RB,Appalachian St.,,217.0,4.61,37.0,,121.0,,,False,,,,,,,,,,,,,,,,,,,,,,,,,,,
2023,Deneric Prince,RB,Tulsa,,216.0,4.41,35.5,,124.0,,,False,,,9.58,,127.0,734.0,428.0,3.37,5.8,5.0,136.0,19.0,34.0,2.0,29.0,14.0,55.6,408.0,74.3,29.0,0.2283464566929134,0.14960629921259844,0.81,11.0,104.0,0.10576923076923077,0.014705882352941176
2023,Bijan Robinson,RB,Texas,,215.0,4.46,37.0,,124.0,,,True,1.0,8.0,9.85,,257.0,1575.0,1071.0,4.17,6.1,18.0,276.0,41.0,79.0,2.0,96.0,21.0,38.6,608.0,154.0,96.0,0.3735408560311284,0.15953307392996108,1.52,29.0,206.0,0.1407766990291262,0.007246376811594203
2023,Tyjae Spears,RB,Tulane,,201.0,,39.0,,125.0,,,True,3.0,81.0,7.51,,231.0,1586.0,1052.0,4.55,6.9,19.0,253.0,35.0,70.0,2.0,58.0,21.0,50.0,793.0,133.2,58.0,0.2510822510822511,0.15151515151515152,1.24,28.0,202.0,0.13861386138613863,0.007905138339920948
2023,Tavion Thomas,RB,Utah,,237.0,4.74,30.0,,118.0,,,False,,,4.73,,142.0,676.0,419.0,2.95,4.8,7.0,148.0,17.0,43.0,2.0,29.0,8.0,25.6,173.0,59.8,29.0,0.20422535211267606,0.11971830985915492,0.54,7.0,80.0,0.0875,0.013513513513513514
2023,SaRodorick Thompson,RB,Texas Tech,,207.0,4.67,32.5,,120.0,7.25,4.7,False,,,4.5,,138.0,682.0,426.0,3.09,4.9,7.0,161.0,23.0,48.0,2.0,40.0,11.0,33.4,228.0,80.5,40.0,0.2898550724637681,0.16666666666666666,0.55,25.0,216.0,0.11574074074074074,0.012422360248447204
2023,Sean Tucker,RB,Syracuse,,207.0,,,,,,,False,,,,,204.0,1062.0,569.0,2.79,5.2,11.0,241.0,31.0,54.0,1.0,44.0,15.0,36.2,384.0,53.2,44.0,0.21568627450980393,0.15196078431372548,0.88,52.0,297.0,0.1750841750841751,0.004149377593360996
2023,Deuce Vaughn,RB,Kansas St.,,179.0,,35.5,,116.0,,,True,6.0,212.0,,,,,,,,,,,,,,,,,,,,,,,,,
