Year,Player,Pos,School,Height,Weight,40yd,Vertical,Bench,Broad Jump,3Cone,Shuttle,Drafted,Round,Pick,RAS,arm_length_inches,true_pass_set_pass_rush_win_rate,pass_rush_win_rate,snap_counts_pass_rush,stop_percent,missed_tackle_rate,avg_depth_of_tackle,snap_counts_run,forced_fumbles,yards_per_coverage_snap,forced_incompletion_rate,snap_counts_coverage,coverage_percent,interceptions,pass_break_ups,coverage_snaps_per_target,INT_rate,PBU_rate,qb_rating_against,catch_rate,avg_depth_of_target
2015,Adrian Amos,S,Penn State,6-0,218.0,4.56,35.5,,122.0,7.09,4.03,True,5.0,142.0,,32.25,4.5,4.3,49.0,2.2,15.4,5.0,376.0,0.0,0.3,12.8,422.0,89.6,3.0,5.0,10.6,0.0071090047393364926,0.011848341232227487,13.0,35.9,10.8
2015,Detrick Bonner,S,Virginia Tech,6-0,207.0,4.56,,15.0,,,,False,,,,31.25,5.9,2.7,37.0,3.5,32.6,9.0,412.0,1.0,0.7,5.6,435.0,92.2,1.0,2.0,11.6,0.0022988505747126436,0.004597701149425287,72.6,47.2,9.9
2015,Ibraheim Campbell,S,Northwestern,5-11,208.0,4.52,,23.0,,,,True,4.0,115.0,,30.38,,0.0,1.0,4.1,10.5,6.0,243.0,2.0,0.7,9.1,258.0,99.6,3.0,2.0,11.4,0.011627906976744186,0.007751937984496124,90.5,63.6,13.1
2015,Landon Collins,S,Alabama,6-0,228.0,4.53,35.0,,120.0,7.38,4.33,True,2.0,33.0,,31.5,13.3,12.1,33.0,4.9,8.7,4.6,368.0,0.0,0.6,10.3,504.0,93.9,3.0,6.0,8.4,0.005952380952380952,0.011904761904761904,61.6,63.8,7.2
2015,Kurtis Drummond,S,Michigan State,6-1,208.0,4.65,39.5,,119.0,7.09,4.33,False,,,,32.25,,0.0,1.0,3.3,13.8,12.1,274.0,0.0,1.5,7.5,481.0,99.8,4.0,6.0,5.7,0.008316008316008316,0.012474012474012475,69.2,53.8,11.9
2015,Durell Eskridge,S,Syracuse,6-3,208.0,4.56,31.0,,117.0,7.09,4.26,False,,,,32.38,0.0,0.0,7.0,3.7,9.3,6.3,361.0,1.0,1.0,5.0,378.0,98.2,1.0,2.0,9.1,0.0026455026455026454,0.005291005291005291,109.4,80.0,5.6
2015,Clayton Geathers,S,Central Florida,6-2,218.0,4.55,37.0,22.0,120.0,7.21,4.27,True,4.0,109.0,,31.62,,,,4.0,19.6,6.5,339.0,1.0,0.6,10.2,544.0,100.0,1.0,5.0,10.5,0.001838235294117647,0.009191176470588236,86.0,61.2,10.7
2015,Ladarius Gunter,S,Miami (FL),6-1,202.0,4.62,33.5,12.0,108.0,7.18,4.41,False,,,,31.5,0.0,0.0,1.0,1.6,6.3,10.2,260.0,0.0,0.8,0.0,277.0,99.6,2.0,0.0,9.0,0.007220216606498195,0.0,60.7,55.2,12.4
2015,Chris Hackett,S,TCU,6-0,195.0,4.81,32.0,,110.0,7.12,4.2,False,,,,31.5,,0.0,5.0,4.2,22.0,5.8,383.0,1.0,0.7,9.4,521.0,99.0,7.0,3.0,15.8,0.013435700575815739,0.005758157389635317,78.8,50.0,14.8
2015,Anthony Harris,S,Virginia,6-1,183.0,4.56,,,,,,False,,,,32.0,33.3,11.1,11.0,5.8,17.9,6.2,370.0,0.0,0.7,5.0,451.0,97.6,2.0,2.0,10.7,0.004434589800443459,0.004434589800443459,82.1,55.0,9.1
2015,Gerod Holliman,S,Louisville,6-0,218.0,4.62,,17.0,,,,True,7.0,239.0,,32.0,11.1,11.1,18.0,2.4,29.7,7.6,342.0,0.0,0.9,1.9,448.0,96.1,14.0,1.0,8.1,0.03125,0.002232142857142857,45.0,49.1,12.0
2015,Kyshoen Jarrett,S,Virginia Tech,5-10,200.0,4.57,33.0,21.0,109.0,6.95,4.4,True,6.0,181.0,,31.0,0.0,2.2,48.0,7.9,11.4,7.0,405.0,0.0,0.5,7.7,415.0,89.6,3.0,3.0,10.3,0.007228915662650603,0.007228915662650603,39.2,56.4,7.9
2015,Anthony Jefferson,S,UCLA,6-1,198.0,4.72,33.5,15.0,116.0,7.18,4.15,False,,,,31.5,0.0,0.0,7.0,2.3,13.3,5.8,398.0,0.0,0.9,7.8,542.0,98.7,1.0,6.0,6.6,0.0018450184501845018,0.01107011070110701,84.6,54.5,9.7
2015,Dean Marlowe,S,James Madison,6-1,203.0,4.58,33.5,16.0,114.0,7.0,4.18,False,,,,31.0,,,,,,,,,,,,,,,,,,,,
2015,Tevin McDonald,S,East. Washington,5-11,195.0,4.63,33.0,19.0,112.0,7.01,4.26,False,,,,29.75,,,,,,,,,,,,,,,,,,,,
2015,Cody Prewitt,S,Mississippi,6-2,208.0,4.6,35.0,11.0,125.0,7.12,4.23,False,,,,32.62,0.0,0.0,6.0,3.0,22.0,8.0,413.0,1.0,0.5,15.4,419.0,98.6,3.0,4.0,15.8,0.007159904534606206,0.00954653937947494,71.0,57.7,12.1
2015,Damarious Randall,S,Arizona State,5-11,196.0,4.46,38.0,14.0,120.0,6.83,4.07,True,1.0,30.0,,30.25,30.0,26.7,16.0,2.8,13.6,7.6,429.0,1.0,0.9,11.3,507.0,96.9,3.0,7.0,7.9,0.005917159763313609,0.013806706114398421,73.0,53.2,12.3
2015,Jordan Richards,S,Stanford,5-11,211.0,4.65,32.0,13.0,111.0,6.74,4.22,True,2.0,64.0,,32.5,0.0,0.0,10.0,3.2,14.3,8.1,348.0,1.0,0.4,19.2,489.0,98.0,2.0,5.0,17.9,0.00408997955010225,0.010224948875255624,92.3,65.4,9.3
2015,James Sample,S,Louisville,6-2,209.0,4.56,32.5,,123.0,7.04,,True,4.0,104.0,,32.0,10.0,12.5,16.0,6.4,9.8,6.4,346.0,0.0,0.5,23.5,455.0,96.6,4.0,8.0,12.8,0.008791208791208791,0.017582417582417582,33.1,41.2,12.8
2015,Derron Smith,S,Fresno State,5-10,200.0,4.61,,,,,,True,6.0,197.0,,29.75,33.3,14.3,7.0,4.2,6.5,7.4,508.0,0.0,0.6,6.5,474.0,98.5,1.0,2.0,14.9,0.002109704641350211,0.004219409282700422,104.8,58.1,11.1
2015,Jaquiski Tartt,S,Samford,6-1,221.0,4.53,,,124.0,,,True,2.0,46.0,,32.38,,,,,,,,,,,,,,,,,,,,
2015,Jermaine Whitehead,S,Auburn,5-11,197.0,4.59,37.0,15.0,128.0,6.95,4.11,False,,,,31.0,,0.0,1.0,1.3,26.7,11.8,241.0,0.0,0.4,6.7,203.0,99.5,6.0,1.0,12.7,0.029556650246305417,0.0049261083743842365,65.1,53.3,12.0
2016,Vonn Bell,S,Ohio State,5-11,199.0,4.52,,16.0,,,,True,2.0,61.0,,32.38,0.0,0.0,1.0,1.5,14.8,8.9,406.0,0.0,0.5,10.9,492.0,99.8,2.0,5.0,8.5,0.0040650406504065045,0.01016260162601626,56.2,45.5,10.7
2016,Lamarcus Brutus,S,Florida State,6-0,206.0,4.76,33.0,14.0,114.0,7.08,4.33,False,,,,31.5,0.0,0.0,12.0,1.9,13.5,10.2,375.0,0.0,0.6,4.9,479.0,97.6,3.0,0.0,11.4,0.006263048016701462,0.0,86.7,56.1,9.5
2016,Deon Bush,S,Miami (FL),6-0,199.0,4.64,36.0,17.0,123.0,,,True,4.0,124.0,,30.88,0.0,12.5,8.0,2.7,18.9,6.9,271.0,0.0,0.6,25.0,347.0,97.7,1.0,6.0,11.6,0.002881844380403458,0.01729106628242075,69.0,64.3,8.4
2016,Tevin Carter,S,Utah,6-1,218.0,4.48,,19.0,,,,False,,,,32.0,33.3,11.1,9.0,3.2,9.1,5.4,253.0,0.0,0.7,7.5,430.0,97.9,2.0,3.0,10.3,0.004651162790697674,0.0069767441860465115,86.8,60.0,6.5
2016,Jeremy Cash,S,Duke,6-0,212.0,4.56,,,,,,False,,,,32.38,40.0,28.8,72.0,8.2,9.7,2.3,433.0,3.0,0.9,4.9,279.0,79.5,0.0,1.0,6.5,0.0,0.0035842293906810036,102.5,70.7,4.5
2016,KJ Dillon,S,West Virginia,6-0,210.0,4.53,,11.0,121.0,,,True,5.0,159.0,,31.62,21.4,9.6,58.0,3.1,20.6,6.5,399.0,0.0,0.8,14.0,457.0,88.7,2.0,6.0,8.8,0.00437636761487965,0.01312910284463895,60.6,54.0,9.0
2016,Kavon Frazier,S,Central Michigan,6-0,217.0,4.53,,18.0,,,,True,6.0,212.0,,32.25,0.0,25.0,4.0,6.7,10.4,6.1,411.0,0.0,0.4,12.9,444.0,99.1,1.0,4.0,13.8,0.0022522522522522522,0.009009009009009009,100.1,64.5,6.9
2016,T.J. Green,S,Clemson,6-2,209.0,4.34,35.5,13.0,129.0,,,True,2.0,57.0,,32.0,33.3,10.0,11.0,5.2,8.1,12.0,394.0,2.0,1.1,5.1,457.0,97.6,0.0,0.0,11.3,0.0,0.0,115.2,64.1,14.8
2016,Deandre Houston-Carson,S,William & Mary,6-1,201.0,4.54,32.5,13.0,115.0,7.15,4.28,True,6.0,185.0,,,,,,,,,,,,,,,,,,,,,,
2016,Karl Joseph,S,West Virginia,5-10,205.0,4.57,,,,,,True,1.0,14.0,,32.12,0.0,12.5,8.0,6.1,6.7,6.5,117.0,0.0,1.1,16.7,114.0,93.4,5.0,1.0,9.0,0.043859649122807015,0.008771929824561403,57.6,33.3,14.8
2016,Jayron Kearse,S,Clemson,6-4,216.0,4.62,31.5,16.0,124.0,7.06,,True,7.0,244.0,,34.25,11.1,11.8,37.0,2.6,16.1,4.0,395.0,0.0,0.8,13.2,446.0,92.3,1.0,5.0,11.3,0.002242152466367713,0.011210762331838564,112.0,68.4,8.4
2016,Miles Killebrew,S,Southern Utah,6-2,217.0,4.65,38.0,22.0,127.0,6.93,4.18,True,4.0,111.0,,32.12,,,,,,,,,,,,,,,,,,,,
2016,Derrick Kindred,S,TCU,5-10,207.0,4.5,37.5,,123.0,7.05,4.29,True,4.0,129.0,,31.25,,0.0,1.0,2.1,16.7,9.3,478.0,1.0,0.5,12.8,510.0,99.8,2.0,4.0,12.3,0.00392156862745098,0.00784313725490196,64.5,46.2,15.2
2016,Jordan Lomax,S,Iowa,5-10,202.0,4.75,36.0,8.0,120.0,7.18,4.15,False,,,,32.0,,0.0,2.0,3.1,15.4,7.5,403.0,1.0,0.6,15.2,546.0,99.6,1.0,4.0,15.8,0.0018315018315018315,0.007326007326007326,109.4,60.6,10.7
2016,Jordan Lucas,S,Penn State,6-0,201.0,4.54,,,,,,True,6.0,204.0,,30.12,0.0,0.0,10.0,2.1,27.3,6.8,245.0,0.0,1.1,3.6,214.0,95.5,0.0,1.0,7.4,0.0,0.004672897196261682,95.7,71.4,7.8
2016,Jalen Mills,S,LSU,6-0,191.0,4.61,37.0,16.0,123.0,6.86,4.0,True,7.0,233.0,,31.12,,15.4,16.0,2.6,10.0,9.4,159.0,0.0,1.3,14.3,212.0,93.0,0.0,3.0,5.8,0.0,0.014150943396226415,93.8,60.0,13.0
2016,Keanu Neal,S,Florida,6-0,211.0,4.62,38.0,17.0,132.0,7.09,4.38,True,1.0,17.0,,32.75,0.0,0.0,8.0,4.2,17.2,6.5,366.0,1.0,0.4,4.8,346.0,97.7,1.0,1.0,15.8,0.002890173410404624,0.002890173410404624,72.3,76.2,9.6
2016,Tyvis Powell,S,Ohio State,6-3,211.0,4.46,34.5,15.0,120.0,7.03,4.25,False,,,,32.75,0.0,0.0,3.0,1.7,14.3,9.1,410.0,0.0,0.8,10.0,491.0,99.4,3.0,3.0,11.7,0.006109979633401222,0.006109979633401222,68.9,62.5,11.1
2016,Elijah Shumate,S,Notre Dame,6-0,216.0,4.58,33.0,18.0,119.0,,4.51,False,,,,31.12,0.0,0.0,5.0,3.3,10.3,6.2,394.0,0.0,0.5,5.4,398.0,98.8,1.0,1.0,10.1,0.002512562814070352,0.002512562814070352,78.2,56.8,9.7
2016,Justin Simmons,S,Boston Col.,6-2,202.0,4.61,40.0,16.0,126.0,6.58,3.85,True,3.0,98.0,,32.62,50.0,20.0,5.0,3.9,9.4,7.3,339.0,1.0,0.7,2.8,393.0,98.7,5.0,1.0,10.3,0.01272264631043257,0.002544529262086514,34.8,52.8,9.7
2016,A.J. Stamps,S,Kentucky,5-11,193.0,4.79,33.0,15.0,115.0,7.17,4.25,False,,,,31.38,0.0,16.7,7.0,2.0,12.2,11.1,365.0,0.0,0.5,28.0,332.0,97.9,1.0,7.0,12.8,0.0030120481927710845,0.02108433734939759,47.8,40.0,11.3
2016,Darian Thompson,S,Boise State,6-2,208.0,4.69,32.5,12.0,118.0,7.26,4.33,True,3.0,71.0,,30.38,,0.0,1.0,7.4,14.6,4.9,275.0,2.0,0.6,15.2,369.0,99.7,5.0,5.0,10.5,0.013550135501355014,0.013550135501355014,62.2,51.5,10.4
2017,Jamal Adams,S,LSU,6-0,214.0,4.56,31.5,18.0,120.0,6.96,4.13,True,1.0,6.0,7.1,33.38,,0.0,6.0,5.1,10.6,6.8,360.0,1.0,0.5,15.8,420.0,98.6,1.0,4.0,10.6,0.002380952380952381,0.009523809523809525,54.5,50.0,8.6
2017,Budda Baker,S,Washington,5-10,195.0,4.45,32.5,15.0,115.0,6.76,4.08,True,2.0,36.0,6.37,30.75,0.0,7.4,27.0,3.8,3.2,5.0,349.0,0.0,0.6,10.9,429.0,94.1,2.0,4.0,7.4,0.004662004662004662,0.009324009324009324,60.3,58.2,6.4
2017,Jamal Carter,S,Miami (FL),6-1,218.0,4.64,35.0,19.0,122.0,,,False,,,6.02,31.0,20.0,9.5,23.0,2.3,7.8,10.9,368.0,0.0,0.6,6.7,460.0,95.2,0.0,1.0,14.6,0.0,0.002173913043478261,95.3,56.7,9.2
2017,Chuck Clark,S,Virginia Tech,6-0,208.0,4.54,34.0,16.0,122.0,6.85,4.07,True,6.0,186.0,8.81,32.25,50.0,16.7,7.0,5.1,14.1,6.8,435.0,1.0,0.6,13.8,513.0,98.7,0.0,2.0,16.7,0.0,0.003898635477582846,118.2,65.5,9.1
2017,Justin Evans,S,Texas A&M,6-0,199.0,,,14.0,,,,True,2.0,50.0,7.14,32.0,0.0,0.0,2.0,2.3,27.8,8.1,452.0,0.0,0.5,25.5,501.0,99.6,4.0,9.0,9.4,0.007984031936127744,0.017964071856287425,54.1,60.8,7.3
2017,Johnathan Ford,S,Auburn,5-11,205.0,,,20.0,,,,True,6.0,208.0,9.64,,,,,,,,,,,,,,,,,,,,,
2017,Nate Gerry,S,Nebraska,6-2,218.0,4.58,30.5,17.0,122.0,,,True,5.0,184.0,6.0,31.25,50.0,12.5,8.0,7.4,9.5,8.8,324.0,0.0,0.6,23.3,391.0,98.0,4.0,6.0,12.5,0.010230179028132993,0.015345268542199489,70.7,66.7,5.6
2017,Josh Harvey-Clemons,S,Louisville,6-4,217.0,,31.5,12.0,121.0,,,True,7.0,230.0,3.36,35.38,0.0,4.3,27.0,6.6,8.3,6.1,250.0,0.0,0.7,3.4,283.0,91.3,0.0,1.0,9.1,0.0,0.0035335689045936395,121.8,62.1,7.8
2017,Delano Hill,S,Michigan,6-1,216.0,4.47,33.5,17.0,115.0,6.96,4.27,True,3.0,95.0,7.91,32.12,0.0,0.0,7.0,3.2,9.1,6.6,355.0,0.0,0.7,15.4,383.0,98.2,3.0,3.0,9.3,0.007832898172323759,0.007832898172323759,62.6,56.4,9.2
2017,Malik Hooker,S,Ohio State,6-1,206.0,,,,,,,True,1.0,15.0,,32.25,0.0,0.0,4.0,2.6,16.3,8.2,389.0,0.0,0.6,7.3,421.0,99.1,7.0,3.0,10.0,0.0166270783847981,0.007125890736342043,41.4,56.1,9.0
2017,Eddie Jackson,S,Alabama,6-0,201.0,,,10.0,,,,True,4.0,112.0,,32.25,,0.0,1.0,0.6,20.0,16.9,172.0,0.0,0.2,9.1,277.0,99.6,1.0,0.0,24.0,0.0036101083032490976,0.0,38.8,63.6,9.5
2017,Rayshawn Jenkins,S,Miami (FL),6-1,214.0,4.51,37.0,19.0,128.0,,,True,4.0,113.0,9.42,,0.0,9.1,23.0,2.4,25.0,8.1,353.0,0.0,0.8,8.0,442.0,95.1,2.0,4.0,8.4,0.004524886877828055,0.00904977375565611,76.3,60.0,8.6
2017,Jadar Johnson,S,Clemson,6-0,206.0,4.6,33.0,19.0,119.0,6.9,4.2,False,,,6.31,32.0,,0.0,5.0,0.5,19.2,17.8,381.0,1.0,0.7,18.2,541.0,99.1,5.0,7.0,11.6,0.009242144177449169,0.012939001848428836,47.1,54.5,13.0
2017,John Johnson,S,Troy,6-1,205.0,4.61,37.0,14.0,119.0,6.72,4.18,True,3.0,91.0,,32.0,100.0,100.0,1.0,,,,,,0.0,,1.0,50.0,0.0,0.0,,0.0,0.0,0.0,,
2017,Josh Jones,S,North Carolina State,6-1,220.0,4.41,37.5,20.0,132.0,,,True,2.0,61.0,9.3,32.0,0.0,10.0,21.0,6.8,12.5,6.6,340.0,0.0,0.7,17.4,508.0,96.0,3.0,7.0,10.5,0.005905511811023622,0.013779527559055118,50.0,54.3,12.8
2017,Desmond King,S,Iowa,5-10,201.0,,34.0,14.0,117.0,6.67,4.18,True,5.0,151.0,6.6,31.12,,0.0,2.0,2.6,6.9,11.4,426.0,1.0,0.6,18.9,437.0,99.5,3.0,8.0,7.9,0.006864988558352402,0.018306636155606407,41.5,43.4,10.8
2017,Shalom Luani,S,Washington State,5-11,202.0,4.55,31.0,12.0,116.0,6.87,4.21,True,7.0,221.0,4.79,32.0,28.6,11.8,35.0,6.1,23.5,4.5,334.0,0.0,0.8,7.4,432.0,92.5,4.0,3.0,7.6,0.009259259259259259,0.006944444444444444,60.1,63.0,7.3
2017,Marcus Maye,S,Florida,6-0,210.0,,,,,,,True,2.0,39.0,6.03,32.5,0.0,0.0,6.0,4.5,2.5,7.8,227.0,0.0,0.6,21.1,226.0,97.4,1.0,2.0,11.1,0.004424778761061947,0.008849557522123894,50.3,31.6,10.4
2017,Obi Melifonwu,S,Connecticut,6-4,224.0,4.4,44.0,17.0,141.0,,,True,2.0,56.0,9.89,32.5,0.0,10.0,10.0,5.0,6.7,7.3,405.0,0.0,0.6,11.8,447.0,97.8,4.0,3.0,12.8,0.008948545861297539,0.006711409395973154,84.8,70.6,9.7
2017,Montae Nicholson,S,Michigan State,6-2,212.0,4.42,35.0,,125.0,,,True,4.0,123.0,9.73,33.38,,,1.0,4.0,15.8,9.3,330.0,0.0,0.6,13.8,312.0,99.7,1.0,2.0,10.3,0.003205128205128205,0.00641025641025641,83.3,58.6,12.3
2017,Jabrill Peppers,S,Michigan,5-11,213.0,4.46,35.5,19.0,128.0,,,True,1.0,25.0,9.14,30.75,4.9,4.1,100.0,5.9,11.4,4.7,344.0,1.0,0.8,3.7,268.0,72.8,1.0,0.0,9.3,0.0037313432835820895,0.0,80.2,74.1,2.8
2017,Tedric Thompson,S,Colorado,6-0,204.0,4.6,32.5,17.0,117.0,7.11,4.36,True,4.0,111.0,3.38,31.5,0.0,0.0,8.0,1.7,27.0,9.3,420.0,0.0,0.6,22.7,513.0,98.3,7.0,10.0,7.6,0.01364522417153996,0.01949317738791423,20.5,39.4,12.5
2017,Damarius Travis,S,Minnesota,6-1,206.0,,32.5,13.0,115.0,7.08,4.28,False,,,4.15,31.75,20.0,6.3,16.0,5.1,13.6,4.5,358.0,0.0,0.5,11.6,559.0,97.2,2.0,5.0,12.4,0.0035778175313059034,0.008944543828264758,85.3,65.1,5.0
2017,Michael Tyson,S,Cincinnati,6-1,204.0,4.56,33.0,17.0,118.0,,,True,6.0,187.0,,31.75,,0.0,4.0,1.1,6.3,9.9,355.0,0.0,1.0,18.5,375.0,98.9,5.0,7.0,6.7,0.013333333333333334,0.018666666666666668,65.5,59.3,9.7
2017,Marcus Williams,S,Utah,6-1,202.0,4.56,43.5,14.0,129.0,6.85,4.2,True,2.0,42.0,8.16,,0.0,0.0,6.0,3.2,2.8,10.3,286.0,2.0,0.1,20.0,429.0,98.6,5.0,2.0,27.4,0.011655011655011656,0.004662004662004662,53.5,46.7,10.8
2017,Xavier Woods,S,Louisiana Tech,5-11,197.0,4.54,33.5,19.0,122.0,6.72,4.13,True,6.0,191.0,7.61,30.38,8.3,3.6,28.0,3.1,9.8,8.7,434.0,0.0,0.6,15.6,516.0,94.9,5.0,6.0,11.0,0.009689922480620155,0.011627906976744186,60.4,57.8,10.1
2018,Marcus Allen,S,Penn State,6-2,202.0,,37.0,15.0,127.0,,4.32,True,5.0,148.0,8.21,30.62,25.0,13.3,19.0,5.3,8.9,5.8,250.0,2.0,0.3,3.4,397.0,95.4,1.0,1.0,13.1,0.0025188916876574307,0.0025188916876574307,54.8,58.6,7.8
2018,Troy Apke,S,Penn State,6-2,198.0,4.34,41.0,16.0,131.0,6.56,4.03,True,4.0,109.0,9.94,32.38,0.0,0.0,18.0,3.8,13.8,6.7,272.0,0.0,0.4,17.9,415.0,95.8,1.0,3.0,14.1,0.0024096385542168677,0.007228915662650603,90.9,67.9,9.4
2018,Jessie Bates,S,Wake Forest,6-2,195.0,4.5,35.5,,117.0,6.78,4.26,True,2.0,54.0,7.2,31.62,,0.0,3.0,5.2,16.1,8.4,352.0,1.0,0.7,11.9,422.0,99.3,1.0,5.0,9.7,0.002369668246445498,0.011848341232227487,84.1,59.5,7.7
2018,Quin Blanding,S,Virginia,6-2,215.0,4.63,31.5,,122.0,,,False,,,7.34,31.75,0.0,0.0,10.0,6.2,9.2,6.4,470.0,0.0,0.8,12.5,408.0,97.6,4.0,4.0,12.1,0.00980392156862745,0.00980392156862745,66.1,65.6,11.6
2018,Sean Chandler,S,Temple,6-0,190.0,4.65,34.5,16.0,119.0,,4.62,False,,,2.48,30.75,25.0,12.5,8.0,1.3,4.7,12.7,408.0,1.0,0.8,9.1,456.0,98.3,3.0,4.0,9.6,0.006578947368421052,0.008771929824561403,77.4,59.1,12.3
2018,Dane Cruikshank,S,Arizona,6-1,206.0,4.41,38.5,25.0,121.0,6.89,4.24,True,5.0,152.0,,31.0,12.5,7.0,61.0,6.7,11.8,6.7,427.0,2.0,0.8,10.0,443.0,87.9,3.0,4.0,7.1,0.006772009029345372,0.009029345372460496,71.6,65.0,6.3
2018,Terrell Edmunds,S,Virginia Tech,6-2,220.0,4.47,41.5,,134.0,,,True,1.0,28.0,9.89,32.75,100.0,12.5,8.0,3.8,9.1,5.6,297.0,0.0,1.3,14.3,298.0,97.4,2.0,4.0,8.1,0.006711409395973154,0.013422818791946308,102.4,60.0,15.0
2018,Deshon Elliott,S,Texas,6-2,205.0,4.58,36.0,15.0,121.0,,,True,6.0,190.0,5.19,32.25,14.3,7.3,43.0,3.1,7.0,8.0,367.0,0.0,0.7,24.3,434.0,91.0,6.0,9.0,11.3,0.013824884792626729,0.020737327188940093,65.8,54.1,12.3
2018,Tre Flowers,S,Oklahoma State,6-3,200.0,4.45,34.5,18.0,122.0,,,True,5.0,146.0,8.55,33.88,,,,3.5,7.1,7.0,346.0,1.0,0.7,29.4,465.0,100.0,2.0,9.0,12.8,0.004301075268817204,0.01935483870967742,82.0,55.9,11.0
2018,Marcell Harris,S,Florida,6-0,208.0,,,16.0,,,,True,6.0,184.0,,32.0,0.0,0.0,8.0,4.3,12.5,7.7,286.0,1.0,0.3,9.5,269.0,97.1,2.0,1.0,12.1,0.007434944237918215,0.0037174721189591076,40.5,57.1,7.0
2018,Ronnie Harrison,S,Alabama,6-3,214.0,,34.0,,120.0,,,True,3.0,93.0,7.49,33.38,10.0,7.1,14.0,3.8,12.2,5.9,370.0,0.0,0.3,22.2,470.0,97.1,3.0,3.0,25.1,0.006382978723404255,0.006382978723404255,38.9,55.6,7.1
2018,Godwin Igwebuike,S,Northwestern,6-0,205.0,4.44,35.5,19.0,128.0,6.56,4.12,False,,,9.65,31.25,,,,3.8,9.6,8.2,343.0,0.0,0.8,21.6,524.0,100.0,2.0,9.0,9.9,0.003816793893129771,0.01717557251908397,87.5,56.9,11.7
2018,Natrell Jamerson,S,Wisconsin,6-0,198.0,4.4,35.5,25.0,120.0,,,True,5.0,164.0,8.23,32.62,0.0,0.0,8.0,2.4,6.1,9.7,333.0,0.0,0.6,36.0,470.0,98.3,2.0,7.0,17.8,0.00425531914893617,0.014893617021276596,93.8,52.0,13.7
2018,Derwin James,S,Florida State,6-3,215.0,4.47,40.0,21.0,132.0,,,True,1.0,17.0,9.34,33.0,27.8,23.7,43.0,2.5,6.8,7.9,370.0,0.0,0.5,25.6,406.0,90.4,2.0,10.0,10.0,0.0049261083743842365,0.024630541871921183,48.1,46.2,7.2
2018,Joshua Kalu,S,Nebraska,6-1,195.0,4.58,41.5,17.0,134.0,,,False,,,8.99,32.75,0.0,16.7,6.0,1.4,23.7,13.2,281.0,1.0,0.7,22.9,292.0,98.0,2.0,7.0,7.9,0.00684931506849315,0.023972602739726026,72.3,51.4,12.2
2018,Kameron Kelly,S,San Diego State,6-2,200.0,4.66,33.0,9.0,120.0,6.94,4.28,False,,,,31.75,20.0,10.0,10.0,4.3,10.5,6.3,404.0,1.0,1.2,13.4,367.0,97.3,3.0,4.0,5.2,0.008174386920980926,0.010899182561307902,65.0,55.2,13.9
2018,Siran Neal,S,Jacksonville State,6-0,199.0,4.56,40.5,17.0,122.0,7.0,4.28,True,5.0,154.0,,31.12,,,,,,,,,,,,,,,,,,,,
2018,Max Redfield,S,Indiana (PA),6-1,205.0,4.69,,15.0,,,,False,,,,30.0,,,,,,,,,,,,,,,,,,,,
2018,Justin Reid,S,Stanford,6-1,204.0,4.4,36.5,16.0,128.0,6.65,4.15,True,3.0,68.0,9.63,31.62,100.0,12.5,9.0,3.4,8.2,9.4,423.0,0.0,1.3,16.3,457.0,98.1,5.0,6.0,8.7,0.010940919037199124,0.01312910284463895,91.5,65.3,9.9
2018,Stephen Roberts,S,Auburn,5-11,189.0,4.53,34.0,,121.0,,,False,,,3.93,31.38,0.0,0.0,3.0,2.9,12.1,6.3,380.0,0.0,0.4,24.2,423.0,99.3,0.0,7.0,12.3,0.0,0.016548463356973995,66.2,51.5,8.1
2018,Dominick Sanders,S,Georgia,6-0,193.0,,,14.0,,,,False,,,2.33,30.62,0.0,0.0,7.0,1.3,14.8,9.8,394.0,0.0,0.7,8.1,475.0,98.5,4.0,2.0,12.4,0.008421052631578947,0.004210526315789474,75.2,62.2,11.8
2018,Van Smith,S,Clemson,5-11,185.0,4.61,29.5,,,,,False,,,0.6,30.12,,0.0,1.0,2.8,18.2,7.4,295.0,0.0,0.5,3.1,362.0,99.7,1.0,1.0,10.9,0.0027624309392265192,0.0027624309392265192,83.2,59.4,9.2
2018,Trey Walker,S,Louisiana-Lafayette,6-2,200.0,4.51,33.0,14.0,119.0,7.0,4.28,False,,,,33.5,0.0,0.0,7.0,3.3,10.4,11.7,433.0,0.0,1.1,13.6,394.0,98.3,2.0,5.0,8.5,0.005076142131979695,0.012690355329949238,85.2,56.8,12.7
2018,Armani Watts,S,Texas A&M,5-11,205.0,,35.0,13.0,120.0,7.25,4.37,True,4.0,124.0,,31.0,0.0,0.0,5.0,4.3,14.6,6.5,378.0,2.0,1.2,9.6,415.0,98.8,4.0,4.0,7.7,0.00963855421686747,0.00963855421686747,90.8,69.2,10.4
2018,Damon Webb,S,Ohio State,5-11,195.0,4.62,,17.0,,,,False,,,4.96,31.25,0.0,0.0,3.0,2.2,13.3,11.1,364.0,0.0,0.5,9.8,499.0,99.4,5.0,2.0,9.3,0.01002004008016032,0.004008016032064128,29.7,56.9,8.4
2018,Kyzir White,S,West Virginia,6-2,216.0,,35.5,21.0,113.0,,,True,4.0,119.0,7.57,31.62,10.0,6.5,73.0,4.9,4.0,4.6,430.0,1.0,0.8,7.1,375.0,83.7,3.0,3.0,8.6,0.008,0.008,53.0,64.3,7.7
2018,Jordan Whitehead,S,Pittsburgh,5-11,195.0,,,21.0,,,,True,4.0,117.0,5.15,29.75,,,,2.7,18.2,7.7,261.0,0.0,1.0,6.3,331.0,100.0,1.0,2.0,9.8,0.0030211480362537764,0.006042296072507553,117.7,59.4,12.5
2019,Johnathan Abram,S,Mississippi State,5-11,205.0,4.45,,,116.0,,,True,1.0,27.0,7.02,31.38,11.8,17.6,54.0,2.2,8.9,8.3,333.0,0.0,0.7,12.5,384.0,87.7,2.0,1.0,7.7,0.005208333333333333,0.0026041666666666665,76.0,64.6,8.2
2019,Nasir Adderley,S,Delaware,6-0,206.0,,,,,,,True,2.0,60.0,7.17,31.0,,,,,,,,,,,,,,,,,,,,
2019,Ugo Amadi,S,Oregon,5-9,199.0,4.51,32.5,18.0,115.0,7.21,4.19,True,4.0,132.0,,31.75,0.0,0.0,37.0,2.2,16.7,10.1,368.0,0.0,1.1,15.7,458.0,92.5,3.0,5.0,6.3,0.006550218340611353,0.010917030567685589,67.9,55.7,11.9
2019,John Battle,S,LSU,6-0,201.0,4.67,29.5,,120.0,7.09,4.33,False,,,2.38,31.75,0.0,0.0,9.0,3.0,23.1,7.1,206.0,0.0,0.5,9.5,285.0,96.9,3.0,1.0,12.8,0.010526315789473684,0.0035087719298245615,71.6,61.9,12.0
2019,Mike Bell,S,Fresno State,6-3,210.0,4.83,30.0,10.0,118.0,7.1,4.46,False,,,1.15,,0.0,0.0,3.0,2.6,19.0,6.9,397.0,0.0,0.4,24.2,513.0,99.4,3.0,7.0,14.8,0.005847953216374269,0.01364522417153996,44.9,51.5,14.8
2019,Marquise Blair,S,Utah,6-1,195.0,4.48,35.0,,125.0,,,True,2.0,47.0,8.32,30.75,7.1,6.1,35.0,4.1,15.4,6.9,323.0,0.0,0.0,28.6,436.0,92.6,2.0,2.0,58.4,0.0045871559633027525,0.0045871559633027525,50.3,42.9,13.4
2019,Jonathan Crawford,S,Indiana,6-1,205.0,,31.5,16.0,115.0,,,False,,,2.41,31.5,0.0,0.0,8.0,2.1,5.6,7.7,337.0,0.0,1.2,10.0,349.0,97.8,1.0,4.0,6.5,0.0028653295128939827,0.011461318051575931,105.2,56.0,12.9
2019,Lukas Denis,S,Boston Col.,5-11,190.0,4.64,33.5,16.0,116.0,6.89,4.09,False,,,3.34,31.25,0.0,0.0,9.0,2.0,15.6,10.4,348.0,0.0,0.7,7.4,411.0,97.9,1.0,1.0,14.6,0.0024330900243309003,0.0024330900243309003,131.2,74.1,13.9
2019,D'Cota Dixon,S,Wisconsin,5-10,204.0,4.81,33.5,20.0,119.0,,,False,,,3.49,29.25,16.7,15.4,13.0,3.6,12.5,6.1,253.0,0.0,0.7,8.3,277.0,95.5,0.0,2.0,10.8,0.0,0.007220216606498195,129.0,66.7,10.2
2019,Mike Edwards,S,Kentucky,5-10,205.0,,,,,,,True,3.0,99.0,7.48,31.62,27.3,18.2,23.0,4.6,12.5,6.6,378.0,1.0,1.0,14.3,424.0,94.9,2.0,5.0,8.1,0.0047169811320754715,0.01179245283018868,90.2,59.2,10.6
2019,Malik Gant,S,Marshall,6-0,209.0,4.63,34.5,17.0,114.0,7.45,4.3,False,,,3.06,30.5,14.3,10.5,40.0,9.8,9.9,3.0,376.0,0.0,0.4,23.5,489.0,92.4,2.0,5.0,13.5,0.00408997955010225,0.010224948875255624,56.7,52.9,9.7
2019,Chauncey Gardner-Johnson,S,Florida,5-11,210.0,4.48,36.0,17.0,117.0,7.03,4.2,True,4.0,105.0,7.88,30.88,20.0,11.1,18.0,2.2,25.0,11.7,276.0,0.0,0.8,14.0,371.0,95.4,4.0,1.0,6.1,0.01078167115902965,0.0026954177897574125,44.7,56.1,11.0
2019,Saquan Hampton,S,Rutgers,6-1,206.0,4.48,,14.0,125.0,,,True,6.0,177.0,9.11,31.62,0.0,0.0,2.0,1.8,16.7,9.0,398.0,0.0,0.9,16.7,396.0,99.5,3.0,9.0,6.2,0.007575757575757576,0.022727272727272728,45.7,48.3,14.3
2019,Will Harris,S,Boston Col.,6-1,207.0,4.41,36.5,20.0,123.0,6.91,4.12,True,3.0,81.0,9.65,31.25,0.0,0.0,38.0,3.3,14.3,6.3,401.0,0.0,0.7,7.1,460.0,92.4,1.0,1.0,15.9,0.002173913043478261,0.002173913043478261,97.9,64.3,10.1
2019,Amani Hooker,S,Iowa,5-11,210.0,4.48,37.0,14.0,123.0,6.81,4.1,True,4.0,116.0,9.1,30.12,9.1,3.4,30.0,2.2,11.1,4.6,370.0,0.0,0.9,14.5,434.0,93.5,4.0,6.0,6.0,0.009216589861751152,0.013824884792626729,55.8,56.5,7.2
2019,Jaquan Johnson,S,Miami (FL),5-10,191.0,4.69,33.0,18.0,121.0,,,True,6.0,181.0,3.41,29.62,0.0,6.7,15.0,5.1,6.8,7.6,358.0,1.0,0.2,0.0,275.0,94.8,2.0,0.0,22.3,0.007272727272727273,0.0,44.1,75.0,8.8
2019,Mark McLaurin,S,Mississippi State,6-1,212.0,4.77,36.0,12.0,,,4.46,False,,,2.59,31.62,0.0,5.6,18.0,3.5,11.6,8.5,353.0,0.0,0.7,8.6,449.0,96.1,0.0,2.0,12.3,0.0,0.004454342984409799,104.7,77.1,10.6
2019,Taylor Rapp,S,Washington,6-0,208.0,,35.0,17.0,115.0,6.82,3.99,True,2.0,61.0,5.62,30.75,4.5,5.1,41.0,2.6,3.1,6.7,351.0,0.0,0.1,27.8,434.0,91.4,2.0,5.0,22.9,0.004608294930875576,0.01152073732718894,12.0,44.4,7.3
2019,Sheldrick Redwine,S,Miami (FL),6-0,196.0,4.44,39.0,,130.0,,4.14,True,4.0,119.0,8.61,31.75,7.7,13.6,24.0,1.8,12.2,11.9,401.0,0.0,0.4,8.0,327.0,93.2,3.0,1.0,12.8,0.009174311926605505,0.0030581039755351682,52.7,64.0,8.7
2019,Darnell Savage,S,Maryland,5-11,198.0,4.36,39.5,11.0,126.0,7.03,4.14,True,1.0,21.0,8.37,31.0,0.0,0.0,4.0,4.5,12.5,5.2,339.0,0.0,0.8,8.2,338.0,98.8,4.0,4.0,6.4,0.011834319526627219,0.011834319526627219,36.0,57.1,8.3
2019,Marvell Tell,S,USC,6-2,198.0,,42.0,,136.0,6.63,4.01,True,5.0,144.0,9.29,33.12,25.0,7.7,29.0,4.4,18.6,6.0,328.0,1.0,0.6,10.5,393.0,93.1,1.0,4.0,9.7,0.002544529262086514,0.010178117048346057,74.9,60.5,7.7
2019,Deionte Thompson,S,Alabama,6-1,195.0,,,,,,,True,5.0,139.0,,32.12,0.0,0.0,9.0,3.2,11.3,6.3,381.0,1.0,0.5,22.2,524.0,98.3,2.0,5.0,14.0,0.003816793893129771,0.009541984732824428,91.1,52.8,11.0
2019,Juan Thornhill,S,Virginia,6-0,205.0,4.42,44.0,21.0,141.0,,,True,2.0,63.0,9.75,31.12,50.0,11.8,18.0,7.0,3.9,6.2,365.0,0.0,0.8,15.9,404.0,95.7,6.0,6.0,8.9,0.01485148514851485,0.01485148514851485,49.0,43.2,14.7
2019,Darius West,S,Kentucky,5-11,208.0,4.39,33.5,19.0,113.0,,,False,,,7.47,31.38,0.0,0.0,6.0,4.8,17.8,9.0,319.0,0.0,0.5,13.3,412.0,98.6,3.0,4.0,13.0,0.007281553398058253,0.009708737864077669,70.7,60.0,8.5
2019,Khari Willis,S,Michigan State,5-11,213.0,4.52,34.5,22.0,118.0,,,True,4.0,109.0,6.39,31.0,0.0,7.1,14.0,2.9,10.8,7.0,315.0,0.0,0.8,10.7,547.0,97.5,2.0,5.0,9.3,0.003656307129798903,0.009140767824497258,74.9,69.6,6.3
2019,Donovan Wilson,S,Texas A&M,6-0,199.0,,36.0,18.0,127.0,,,True,6.0,213.0,6.98,33.38,20.0,9.1,11.0,2.2,7.1,10.1,236.0,1.0,0.8,7.7,365.0,97.1,2.0,1.0,13.5,0.005479452054794521,0.0027397260273972603,118.6,76.9,10.0
2019,Andrew Wingard,S,Wyoming,6-0,209.0,4.56,36.5,9.0,121.0,7.08,4.2,False,,,7.23,30.5,20.0,12.5,33.0,6.0,6.5,4.9,378.0,0.0,0.5,15.0,404.0,92.4,2.0,3.0,19.4,0.0049504950495049506,0.007425742574257425,67.1,80.0,6.0
2019,Zedrick Woods,S,Mississippi,5-11,205.0,4.29,34.5,19.0,122.0,7.0,4.15,False,,,8.91,31.62,0.0,0.0,14.0,3.2,3.6,10.3,418.0,1.0,0.5,12.9,410.0,96.7,2.0,3.0,12.6,0.004878048780487805,0.007317073170731708,89.1,54.8,9.6
2019,Evan Worthington,S,Colorado,6-2,212.0,4.63,33.5,17.0,121.0,7.07,4.37,False,,,5.03,32.75,0.0,0.0,10.0,0.8,16.0,12.4,250.0,0.0,1.0,21.9,302.0,96.8,1.0,5.0,8.9,0.0033112582781456954,0.016556291390728478,85.5,46.9,12.6
2020,Julian Blackmon,S,Utah,6-0,187.0,,,,,,,True,3.0,85.0,,31.0,0.0,25.0,6.0,2.4,6.9,9.4,208.0,0.0,0.5,19.2,418.0,98.6,4.0,5.0,15.6,0.009569377990430622,0.011961722488038277,61.9,65.4,15.8
2020,Terrell Burgess,S,Utah,5-11,202.0,4.46,33.5,20.0,122.0,,,True,3.0,104.0,8.1,29.5,5.3,4.7,46.0,4.9,12.0,5.9,291.0,0.0,0.4,15.0,446.0,90.7,1.0,5.0,10.7,0.002242152466367713,0.011210762331838564,65.6,65.0,7.8
2020,Shyheim Carter,S,Alabama,5-10,194.0,,,,,,,False,,,,29.62,0.0,0.0,24.0,2.1,20.0,3.8,242.0,1.0,0.8,7.7,372.0,93.9,1.0,2.0,6.7,0.002688172043010753,0.005376344086021506,83.1,57.7,10.4
2020,Jeremy Chinn,S,Southern Illinois,6-3,221.0,4.45,41.0,20.0,138.0,,,True,2.0,64.0,10.0,32.12,,,,,,,,,,,,,,,,,,,,
2020,Rodney Clemons,S,SMU,6-0,209.0,4.71,33.5,21.0,118.0,,,False,,,,31.25,0.0,0.0,3.0,3.0,17.0,7.9,405.0,1.0,0.5,15.8,543.0,99.5,4.0,9.0,9.1,0.007366482504604052,0.016574585635359115,56.3,54.4,10.6
2020,Kamren Curl,S,Arkansas,6-1,206.0,4.6,34.5,24.0,125.0,,,True,7.0,216.0,7.43,32.62,0.0,0.0,5.0,3.8,12.8,13.2,317.0,0.0,0.6,8.3,360.0,98.6,2.0,2.0,9.4,0.005555555555555556,0.005555555555555556,101.4,72.2,8.5
2020,Ashtyn Davis,S,California,6-1,202.0,,,14.0,,,,True,3.0,68.0,,30.5,16.7,5.9,17.0,1.9,12.5,6.7,277.0,1.0,0.8,9.1,378.0,95.7,2.0,2.0,11.0,0.005291005291005291,0.005291005291005291,84.7,60.6,8.0
2020,Grant Delpit,S,LSU,6-2,213.0,,,,,,,True,2.0,44.0,,30.38,13.3,11.8,37.0,4.1,27.7,8.2,344.0,0.0,0.5,16.7,504.0,93.2,2.0,4.0,19.7,0.003968253968253968,0.007936507936507936,88.2,66.7,7.8
2020,Kyle Dugger,S,Lenoir-Rhyne,6-1,217.0,4.49,42.0,17.0,134.0,,,True,2.0,37.0,9.54,32.88,,,,,,,,,,,,,,,,,,,,
2020,Jalen Elliott,S,Notre Dame,6-0,205.0,4.8,34.0,15.0,125.0,6.87,4.3,False,,,4.04,31.75,0.0,0.0,1.0,0.0,29.6,13.4,300.0,0.0,0.7,6.7,382.0,99.7,2.0,2.0,8.2,0.005235602094240838,0.005235602094240838,59.2,53.3,11.3
2020,Jordan Fuller,S,Ohio State,6-2,203.0,4.67,35.5,,122.0,,4.27,True,6.0,199.0,5.5,31.0,,,,0.6,13.5,9.9,320.0,0.0,0.2,41.7,426.0,100.0,2.0,4.0,34.0,0.004694835680751174,0.009389671361502348,44.4,66.7,7.0
2020,Alohi Gilman,S,Notre Dame,5-10,201.0,4.6,32.0,17.0,119.0,6.81,4.08,True,6.0,186.0,3.81,30.88,6.7,6.3,33.0,6.8,16.1,6.2,311.0,1.0,0.6,5.3,364.0,91.7,1.0,1.0,18.3,0.0027472527472527475,0.0027472527472527475,105.2,73.7,8.8
2020,Jaylinn Hawkins,S,California,6-1,208.0,,35.5,,117.0,,,True,4.0,134.0,,31.75,0.0,5.3,21.0,2.1,16.7,9.1,337.0,0.0,0.5,2.5,486.0,95.9,3.0,1.0,11.8,0.006172839506172839,0.00205761316872428,56.5,65.0,6.2
2020,Brian Cole II,S,Mississippi State,6-2,213.0,4.52,,,,,,True,7.0,249.0,,31.38,23.1,11.9,45.0,4.0,18.8,4.5,301.0,1.0,1.8,1.6,327.0,87.9,1.0,0.0,4.9,0.0030581039755351682,0.0,115.4,74.6,8.7
2020,Brandon Jones,S,Texas,5-11,198.0,,,,,,,True,3.0,70.0,,,23.1,11.5,27.0,2.2,21.6,8.7,329.0,0.0,0.8,7.0,470.0,94.6,2.0,4.0,8.0,0.00425531914893617,0.00851063829787234,114.5,71.9,9.2
2020,Antoine Brooks Jr.,S,Maryland,5-11,220.0,4.64,34.5,18.0,,,,True,6.0,198.0,6.26,31.12,22.2,13.2,55.0,5.8,10.9,6.1,404.0,1.0,0.9,5.5,395.0,87.8,1.0,2.0,6.8,0.002531645569620253,0.005063291139240506,82.8,67.3,7.4
2020,Antoine Winfield Jr.,S,Minnesota,5-9,203.0,4.45,36.0,,124.0,,,True,2.0,45.0,7.81,30.12,33.3,15.8,20.0,5.1,16.1,6.7,362.0,0.0,0.3,9.5,401.0,95.2,7.0,1.0,18.0,0.017456359102244388,0.0024937655860349127,43.1,47.6,17.6
2020,Xavier McKinney,S,Alabama,6-0,201.0,4.63,36.0,19.0,122.0,,,True,2.0,36.0,5.82,30.88,11.1,9.4,34.0,3.7,14.8,9.1,358.0,2.0,0.9,8.5,435.0,92.8,3.0,4.0,6.9,0.006896551724137931,0.009195402298850575,72.0,59.3,8.9
2020,Josh Metellus,S,Michigan,5-11,209.0,4.55,36.5,20.0,124.0,6.94,4.4,True,6.0,205.0,7.77,32.25,0.0,0.0,10.0,5.7,3.9,5.0,414.0,0.0,0.9,9.1,416.0,97.7,2.0,2.0,11.8,0.004807692307692308,0.004807692307692308,109.7,60.6,12.3
2020,Chris Miller,S,Baylor,5-11,190.0,4.61,35.5,12.0,133.0,7.09,4.12,False,,,5.67,29.88,0.0,0.0,12.0,6.0,7.8,7.4,289.0,2.0,0.2,16.7,401.0,97.1,0.0,2.0,32.3,0.0,0.004987531172069825,92.0,41.7,16.6
2020,Tanner Muse,S,Clemson,6-2,227.0,4.41,34.5,20.0,124.0,,,True,3.0,100.0,9.96,31.5,21.4,15.4,26.0,6.2,7.7,6.4,279.0,0.0,0.9,8.6,371.0,93.5,4.0,3.0,10.3,0.01078167115902965,0.008086253369272238,71.1,62.9,9.5
2020,J.R. Reed,S,Georgia,6-1,202.0,4.54,34.0,15.0,130.0,,,False,,,8.33,32.5,33.3,11.1,9.0,1.1,18.2,7.9,267.0,1.0,0.5,18.9,478.0,98.2,1.0,6.0,12.4,0.0020920502092050207,0.012552301255230125,108.3,64.9,5.4
2020,L'Jarius Sneed,S,Louisiana Tech,6-0,192.0,4.37,41.0,12.0,131.0,,,True,4.0,138.0,9.45,31.38,0.0,14.3,7.0,2.2,2.6,11.2,369.0,0.0,0.5,6.5,482.0,98.6,3.0,2.0,10.1,0.006224066390041493,0.004149377593360996,45.2,47.8,10.6
2020,Geno Stone,S,Iowa,5-10,207.0,4.62,33.5,12.0,116.0,,,True,7.0,219.0,3.72,29.25,0.0,0.0,5.0,2.1,18.6,8.2,342.0,0.0,0.3,8.6,491.0,99.0,1.0,3.0,13.5,0.002036659877800407,0.006109979633401222,78.9,60.0,9.2
2020,Daniel Thomas,S,Auburn,5-10,215.0,4.51,37.0,24.0,125.0,,,True,5.0,157.0,8.42,32.38,0.0,6.3,18.0,2.9,11.9,9.0,287.0,1.0,0.3,3.4,384.0,95.5,0.0,1.0,12.5,0.0,0.0026041666666666665,100.8,72.4,4.4
2020,K'Von Wallace,S,Clemson,5-11,206.0,4.53,38.0,18.0,133.0,6.76,4.15,True,4.0,127.0,9.42,31.0,8.0,9.8,53.0,3.7,11.4,7.5,302.0,0.0,0.8,17.0,361.0,87.2,2.0,8.0,7.5,0.00554016620498615,0.0221606648199446,63.9,57.4,8.1
2021,Joshuah Bledsoe,S,Missouri,,,,,,,,,True,6.0,188.0,,30.75,,0.0,3.0,2.6,15.0,3.9,309.0,0.0,1.4,16.7,355.0,99.2,1.0,6.0,7.0,0.0028169014084507044,0.016901408450704224,111.9,58.3,12.3
2021,Brady Breeze,S,Oregon,5-11,197.0,4.55,38.0,20.0,120.0,7.05,4.22,True,6.0,215.0,6.71,30.5,,,,4.5,18.9,5.0,202.0,1.0,0.4,17.9,283.0,100.0,2.0,1.0,9.4,0.007067137809187279,0.0035335689045936395,33.8,53.6,9.4
2021,Eric Burrell,S,Wisconsin,5-11,197.0,4.73,35.5,8.0,124.0,7.21,4.26,False,,,2.39,,20.0,5.9,17.0,4.7,7.1,3.6,128.0,0.0,0.6,30.8,151.0,89.9,1.0,2.0,10.8,0.006622516556291391,0.013245033112582781,75.0,46.2,10.5
2021,Seth Cottengim,S,Arkansas St.,5-11,230.0,,28.5,,,,,False,,,,,,,,,,,,,,,,,,,,,,,,
2021,Shaun Crawford,S,Notre Dame,5-9,182.0,4.55,35.0,12.0,116.0,6.7,4.13,False,,,4.56,,0.0,16.7,6.0,2.0,29.0,8.7,250.0,0.0,1.3,10.6,398.0,98.5,1.0,5.0,8.2,0.002512562814070352,0.01256281407035176,114.2,68.1,9.6
2021,Darrick Forrest,S,Cincinnati,5-11,206.0,4.42,39.0,21.0,132.0,6.91,4.23,True,5.0,163.0,9.68,32.0,,0.0,4.0,2.0,15.0,5.8,257.0,0.0,0.4,14.3,367.0,98.9,2.0,3.0,12.0,0.005449591280653951,0.008174386920980926,37.9,53.6,9.3
2021,Tyree Gillespie,S,Missouri,,,4.38,,15.0,,7.06,,True,4.0,143.0,6.03,31.25,0.0,11.1,10.0,2.3,15.0,9.9,261.0,0.0,0.3,33.3,281.0,96.6,0.0,4.0,22.3,0.0,0.014234875444839857,105.6,58.3,10.7
2021,Jevon Holland,S,Oregon,6-0,207.0,4.48,35.5,19.0,126.0,,4.14,True,2.0,36.0,9.52,31.5,0.0,0.0,14.0,4.0,11.4,3.2,329.0,0.0,0.9,8.7,541.0,97.5,4.0,5.0,7.4,0.0073937153419593345,0.009242144177449169,69.2,63.8,11.1
2021,Talanoa Hufanga,S,USC,,,4.65,,,,,,True,5.0,180.0,5.73,32.0,3.6,6.5,46.0,3.1,9.1,10.5,162.0,0.0,1.2,4.3,162.0,77.9,4.0,1.0,6.6,0.024691358024691357,0.006172839506172839,72.5,73.9,7.0
2021,Trevon Moehrig,S,TCU,,,4.5,33.0,,,,4.19,True,2.0,43.0,7.39,30.62,,0.0,2.0,1.4,10.0,9.7,294.0,0.0,0.6,19.5,388.0,99.5,2.0,8.0,8.8,0.005154639175257732,0.020618556701030927,51.7,48.8,10.9
2021,Nick Pickett,S,Oregon,6-0,201.0,4.65,35.5,18.0,119.0,7.4,4.43,False,,,3.99,32.75,0.0,0.0,3.0,4.8,0.0,6.1,125.0,0.0,1.1,0.0,159.0,98.1,0.0,0.0,7.4,0.0,0.0,102.7,60.0,10.6
2021,Jacoby Stevens,S,LSU,6-1,212.0,4.63,42.0,,130.0,,,True,6.0,224.0,7.86,31.75,0.0,4.5,44.0,4.1,17.1,7.6,251.0,0.0,0.5,15.8,313.0,87.7,0.0,3.0,15.9,0.0,0.009584664536741214,121.7,52.6,11.3
2021,Evan Tyler,S,Boise St.,6-1,199.0,4.58,33.0,13.0,117.0,7.14,4.32,False,,,4.67,,,0.0,1.0,3.0,20.0,10.6,69.0,0.0,0.3,12.5,64.0,98.5,1.0,1.0,7.6,0.015625,0.015625,45.8,37.5,12.9
2021,Lamont Wade,S,Penn St.,5-9,190.0,4.47,35.5,16.0,118.0,7.14,4.34,False,,,,29.88,0.0,0.0,4.0,0.5,18.8,11.6,223.0,0.0,1.0,10.3,239.0,98.4,1.0,2.0,7.9,0.0041841004184100415,0.008368200836820083,105.4,62.1,12.5
2021,Ar'Darius Washington,S,TCU,5-7,178.0,4.61,37.5,17.0,127.0,7.06,4.1,False,,,5.13,29.25,,,,3.7,22.2,6.8,225.0,0.0,0.3,23.8,325.0,100.0,0.0,5.0,14.3,0.0,0.015384615384615385,99.6,47.6,15.1
2021,James Wiggins,S,Cincinnati,5-11,209.0,4.4,38.0,22.0,127.0,,,True,7.0,243.0,9.7,29.0,0.0,0.0,8.0,2.2,26.3,8.1,186.0,0.0,0.7,15.4,290.0,97.3,1.0,3.0,6.8,0.0034482758620689655,0.010344827586206896,70.7,51.3,9.7
2022,Tycen Anderson,S,Toledo,6-2,209.0,4.36,35.5,,123.0,6.64,4.28,True,5.0,166.0,9.49,33.0,40.0,18.2,11.0,2.9,6.3,6.1,212.0,0.0,0.9,6.5,300.0,96.5,0.0,0.0,8.8,0.0,0.0,114.0,71.0,8.9
2022,Markquese Bell,S,Florida A&M,6-2,212.0,4.41,36.5,,123.0,,4.46,False,,,8.95,32.38,,,,,,,,,,,,,,,,,,,,
2022,Dane Belton,S,Iowa,6-1,205.0,4.43,36.5,,123.0,7.01,4.24,True,4.0,114.0,9.42,31.0,0.0,0.0,35.0,2.9,11.4,4.7,424.0,0.0,0.8,13.8,484.0,93.3,5.0,8.0,7.1,0.010330578512396695,0.01652892561983471,72.8,63.1,9.7
2022,Bubba Bolden,S,Miami,6-2,209.0,4.47,,,116.0,,,False,,,8.1,31.38,0.0,6.3,16.0,4.7,24.0,7.2,152.0,0.0,0.5,7.1,193.0,92.3,0.0,1.0,13.4,0.0,0.0051813471502590676,106.5,64.3,14.2
2022,Jaquan Brisker,S,Penn St.,6-1,199.0,4.49,34.5,22.0,124.0,,,True,2.0,48.0,9.11,31.75,40.0,27.3,14.0,5.0,10.2,7.4,366.0,0.0,0.3,28.6,406.0,96.7,2.0,4.0,18.2,0.0049261083743842365,0.009852216748768473,46.8,57.1,10.9
2022,Percy Butler,S,Louisiana,6-0,194.0,4.36,31.5,,123.0,,,True,4.0,113.0,7.31,31.62,10.0,6.3,16.0,3.8,22.6,5.4,266.0,0.0,0.3,23.8,334.0,95.4,1.0,4.0,15.1,0.0029940119760479044,0.011976047904191617,56.1,47.6,10.3
2022,Lewis Cine,S,Georgia,6-2,199.0,4.37,36.5,,133.0,,,True,1.0,32.0,9.92,32.25,0.0,10.0,11.0,4.0,8.3,8.1,275.0,0.0,0.8,15.3,536.0,98.0,1.0,7.0,8.7,0.0018656716417910447,0.013059701492537313,80.7,62.7,8.4
2022,Qwynnterrio Cole,S,Louisville,6-0,206.0,,,16.0,,,,False,,,4.65,31.88,0.0,0.0,7.0,3.4,13.2,8.2,391.0,1.0,0.9,11.5,514.0,98.7,1.0,4.0,9.4,0.0019455252918287938,0.007782101167315175,95.5,65.4,9.8
2022,Bryan Cook,S,Cincinnati,6-1,206.0,,,,,,,True,2.0,62.0,,31.88,0.0,0.0,5.0,5.8,6.2,5.6,444.0,0.0,0.5,27.0,451.0,98.9,2.0,7.0,11.6,0.004434589800443459,0.015521064301552107,51.9,59.5,8.9
2022,Yusuf Corker,S,Kentucky,6-0,203.0,,,23.0,,,,False,,,6.45,31.0,0.0,0.0,9.0,4.5,14.0,6.7,319.0,0.0,0.5,15.0,465.0,98.1,0.0,6.0,11.1,0.0,0.012903225806451613,72.9,50.0,11.8
2022,Nick Cross,S,Maryland,6-0,212.0,4.34,37.0,,130.0,,,True,3.0,96.0,9.87,31.5,20.0,7.1,17.0,1.9,16.0,9.2,367.0,0.0,0.7,14.3,397.0,95.9,3.0,3.0,13.4,0.007556675062972292,0.007556675062972292,103.0,75.0,8.2
2022,Kyle Hamilton,S,Notre Dame,6-4,220.0,4.59,38.0,,131.0,6.9,4.32,True,1.0,14.0,9.34,33.0,33.3,11.1,10.0,2.4,11.1,6.8,167.0,0.0,0.7,10.7,262.0,96.3,3.0,3.0,8.8,0.011450381679389313,0.011450381679389313,42.3,50.0,10.6
2022,Kolby Harvell-Peel,S,Oklahoma St.,6-0,213.0,,,21.0,,,,False,,,6.55,31.12,0.0,5.3,19.0,5.4,21.8,4.2,320.0,1.0,0.5,6.7,524.0,96.5,3.0,1.0,16.5,0.0057251908396946565,0.0019083969465648854,66.4,66.7,10.2
2022,Daxton Hill,S,Michigan,6-0,191.0,4.38,33.5,,121.0,6.57,4.06,True,1.0,31.0,9.04,32.25,0.0,0.0,33.0,1.4,12.5,6.9,355.0,0.0,1.1,10.1,444.0,93.1,2.0,6.0,6.1,0.0045045045045045045,0.013513513513513514,82.2,71.0,7.0
2022,Verone McKinley III,S,Oregon,5-10,198.0,,35.0,16.0,120.0,,,False,,,2.41,30.62,0.0,0.0,25.0,2.4,16.3,9.3,381.0,0.0,0.4,13.8,533.0,95.5,6.0,4.0,17.4,0.01125703564727955,0.0075046904315197,64.4,58.6,11.4
2022,Kerby Joseph,S,Illinois,6-1,203.0,,38.5,18.0,123.0,,,True,3.0,97.0,,33.0,0.0,0.0,6.0,1.7,6.1,9.8,354.0,0.0,0.4,21.1,357.0,98.3,5.0,4.0,18.0,0.014005602240896359,0.011204481792717087,66.4,47.4,14.0
2022,Quentin Lake,S,UCLA,6-1,201.0,4.59,,,,,,True,6.0,211.0,,31.25,0.0,0.0,12.0,0.8,11.1,10.9,241.0,0.0,0.7,15.4,361.0,96.8,3.0,5.0,8.7,0.008310249307479225,0.013850415512465374,50.4,66.7,9.0
2022,Smoke Monday,S,Auburn,6-2,207.0,4.52,,,124.0,7.0,,False,,,6.48,32.5,0.0,6.7,33.0,4.3,13.6,4.6,331.0,0.0,0.6,12.5,463.0,93.3,1.0,3.0,13.9,0.0021598272138228943,0.0064794816414686825,100.4,68.8,8.3
2022,Leon O'Neal,S,Texas A&M,6-1,204.0,,35.0,15.0,125.0,6.89,,False,,,6.09,,14.3,7.1,14.0,3.7,23.5,8.8,337.0,0.0,0.4,21.7,442.0,96.9,2.0,4.0,18.4,0.004524886877828055,0.00904977375565611,47.9,47.8,10.7
2022,Jalen Pitre,S,Baylor,5-11,198.0,,35.0,16.0,,6.74,4.18,True,2.0,37.0,8.45,30.62,21.1,19.1,97.0,9.2,13.5,0.8,381.0,1.0,0.7,14.8,431.0,81.6,2.0,6.0,7.6,0.004640371229698376,0.013921113689095127,55.2,57.4,8.9
2022,Juanyeh Thomas,S,Georgia Tech,6-1,212.0,4.55,34.0,17.0,122.0,,,False,,,8.47,32.38,,0.0,1.0,4.6,10.0,7.7,369.0,2.0,1.1,20.8,364.0,99.7,1.0,5.0,14.6,0.0027472527472527475,0.013736263736263736,135.4,70.8,15.4
2022,Delarrin Turner-Yell,S,Oklahoma,5-10,197.0,4.47,,,122.0,,,True,5.0,152.0,7.47,31.75,,0.0,1.0,3.0,18.8,6.6,202.0,0.0,0.5,3.8,329.0,99.7,3.0,1.0,12.1,0.00911854103343465,0.00303951367781155,60.4,73.1,6.1
2022,JT Woods,S,Baylor,6-2,195.0,4.36,39.5,,128.0,,,True,3.0,79.0,9.44,32.38,,0.0,6.0,1.9,27.5,6.6,335.0,0.0,0.6,11.4,462.0,98.7,6.0,3.0,12.5,0.012987012987012988,0.006493506493506494,55.7,62.9,11.1
