Year,Player,Pos,School,Height,Weight,40yd,Vertical,Broad Jump,Bench,3Cone,Shuttle,Drafted,Round,Pick,RAS,arm_length_inches,player_game_count,yprr,yards_per_reception,caught_percent,avg_depth_of_target,targeted_qb_rating,contested_catch_rate,drop_rate,yards_after_catch_per_reception,avoided_tackles,slot_rate,wide_rate,inline_rate,route_rate,grades_run_block,routes,targets,receptions,snap_counts_run_block
2015,Rory Anderson,TE,South Carolina,77.0,244.0,4.73,,,,,,True,7.0,254.0,,,,,,,,,,,,,,,,,,,,,
2015,Blake Bell,TE,Oklahoma,78.0,252.0,4.8,33.0,116.0,14.0,6.85,4.32,True,4.0,117.0,,33.12,12.0,0.83,13.4,55.2,11.8,78.8,,11.1,4.8,1.0,44.3,0.0,46.1,79.6,74.9,257.0,29.0,16.0,353.0
2015,E.J. Bibbs,TE,Iowa State,74.0,258.0,4.88,,,20.0,,,False,,,,31.12,10.0,1.04,8.5,62.5,6.4,107.5,,10.0,3.8,8.0,69.9,1.7,26.8,88.3,66.5,369.0,72.0,45.0,198.0
2015,Nick Boyle,TE,Pittsburgh,76.0,268.0,5.04,30.5,112.0,20.0,7.13,4.23,True,5.0,171.0,,33.38,,,,,,,,,,,,,,,,,,,
2015,Gerald Christian,TE,Louisville,75.0,244.0,4.87,,,28.0,7.62,4.7,True,7.0,256.0,,32.5,13.0,1.47,12.1,63.5,7.4,119.0,,2.9,5.6,4.0,3.9,0.9,93.0,82.4,78.7,272.0,52.0,33.0,334.0
2015,AJ Derby,TE,Arkansas,76.0,255.0,4.72,,,15.0,,,False,,,,30.5,11.0,2.71,13.8,68.8,8.7,130.1,,4.3,8.4,3.0,19.2,3.8,69.2,71.8,74.9,112.0,32.0,22.0,221.0
2015,Jeff Heuerman,TE,Ohio State,77.0,254.0,4.81,,,26.0,,,True,3.0,92.0,,33.25,14.0,0.99,12.2,70.8,9.5,124.8,,0.0,4.6,1.0,38.3,3.0,48.5,69.0,83.6,209.0,24.0,17.0,381.0
2015,Jesse James,TE,Penn State,79.0,261.0,4.83,37.5,121.0,26.0,7.53,4.5,True,5.0,160.0,,33.0,13.0,0.99,10.4,63.3,7.5,92.1,,13.6,4.0,4.0,17.8,4.3,72.0,74.8,68.8,400.0,60.0,38.0,345.0
2015,Ben Koyack,TE,Notre Dame,77.0,255.0,4.79,,,,,,True,7.0,229.0,,32.62,13.0,0.73,10.6,66.7,7.8,92.5,,6.3,4.4,1.0,53.3,2.7,42.5,77.6,83.3,437.0,45.0,30.0,395.0
2015,Tyler Kroft,TE,Rutgers,77.0,246.0,4.75,,,17.0,,,True,3.0,85.0,,33.0,13.0,0.97,11.2,60.0,8.8,59.3,,17.2,4.4,2.0,11.3,0.0,88.4,78.0,81.5,276.0,40.0,24.0,368.0
2015,Nick O'Leary,TE,Florida State,75.0,252.0,4.93,30.5,110.0,21.0,7.4,4.5,True,6.0,194.0,,29.75,14.0,1.6,12.8,60.0,9.8,77.8,,2.0,4.8,9.0,12.1,2.0,84.8,84.3,81.6,382.0,80.0,48.0,347.0
2015,MyCole Pruitt,TE,Southern Illinois,74.0,251.0,4.58,38.0,118.0,17.0,7.25,4.37,True,5.0,143.0,,33.5,,,,,,,,,,,,,,,,,,,
2015,Wes Saxton,TE,South Alabama,75.0,248.0,4.65,36.0,119.0,,7.29,4.49,False,,,,32.0,12.0,0.69,7.8,60.6,8.1,72.2,,23.1,3.6,5.0,65.2,0.4,30.4,91.1,75.1,225.0,33.0,20.0,231.0
2015,Jean Sifrin,TE,Massachusetts,77.0,245.0,4.84,33.0,114.0,,7.5,4.6,False,,,,33.38,11.0,2.64,15.3,57.5,12.1,102.7,,8.7,6.0,13.0,37.0,4.7,46.7,76.2,73.1,243.0,73.0,42.0,84.0
2015,Randall Telfer,TE,USC,76.0,250.0,4.83,,,20.0,,,True,6.0,198.0,,33.5,13.0,0.66,9.4,70.0,7.0,96.2,,12.5,5.5,4.0,35.2,1.0,62.5,77.6,84.1,298.0,30.0,21.0,350.0
2015,Eric Tomlinson,TE,Texas-El Paso,78.0,263.0,4.98,30.5,110.0,19.0,7.46,4.54,False,,,,32.88,11.0,0.95,7.2,63.3,5.9,71.0,,5.0,3.1,0.0,32.9,8.1,59.0,82.7,80.3,143.0,30.0,19.0,331.0
2015,Clive Walford,TE,Miami (FL),76.0,251.0,4.79,35.0,120.0,20.0,7.32,4.57,True,3.0,68.0,,34.0,12.0,3.28,15.3,77.2,9.5,133.4,,4.3,6.7,8.0,41.2,4.7,51.4,80.8,75.3,206.0,57.0,44.0,289.0
2015,Maxx Williams,TE,Minnesota,76.0,249.0,4.78,34.5,117.0,17.0,7.3,4.37,True,2.0,55.0,,33.5,12.0,2.78,15.8,56.3,11.8,112.6,,7.7,8.4,4.0,39.9,5.0,50.0,94.0,83.2,205.0,64.0,36.0,366.0
2016,Jerell Adams,TE,South Carolina,77.0,247.0,4.64,32.5,117.0,,7.05,4.31,True,6.0,184.0,,34.38,12.0,1.51,15.0,52.8,9.9,82.4,,15.2,7.5,10.0,51.0,1.7,47.0,79.0,83.3,279.0,53.0,28.0,308.0
2016,Stephen Anderson,TE,California,74.0,230.0,4.59,38.0,119.0,16.0,,,False,,,,32.0,13.0,1.27,11.6,67.2,9.4,94.6,,8.9,3.1,2.0,79.2,0.0,20.3,87.6,82.0,375.0,61.0,41.0,214.0
2016,Ben Braunecker,TE,Harvard,75.0,250.0,4.73,35.5,121.0,20.0,6.9,4.2,False,,,,32.75,,,,,,,,,,,,,,,,,,,
2016,Thomas Duarte,TE,UCLA,74.0,231.0,4.72,33.5,118.0,12.0,6.97,4.24,True,7.0,231.0,,33.0,,,,,,,,,,,,,,,,,,,
2016,David Grinnage,TE,North Carolina State,77.0,248.0,4.9,29.5,106.0,,,,False,,,,34.5,13.0,1.36,12.0,61.9,11.9,98.5,,3.7,2.6,1.0,63.0,6.1,30.5,93.1,63.9,229.0,42.0,26.0,84.0
2016,Temarrick Hemingway,TE,South Carolina State,77.0,244.0,4.71,30.5,115.0,18.0,6.88,4.31,True,6.0,177.0,,34.0,,,,,,,,,,,,,,,,,,,
2016,Hunter Henry,TE,Arkansas,77.0,250.0,4.79,,,13.0,,,True,2.0,35.0,,32.75,13.0,2.36,14.8,69.9,11.4,105.6,,0.0,4.7,4.0,28.6,0.0,69.6,78.8,82.0,319.0,73.0,51.0,458.0
2016,Tyler Higbee,TE,Western Kentucky,78.0,249.0,4.77,,,,,,True,4.0,110.0,,33.25,9.0,2.3,14.8,79.2,9.5,155.0,,5.0,6.6,10.0,36.1,1.3,57.0,80.8,80.4,244.0,48.0,38.0,179.0
2016,Austin Hooper,TE,Stanford,76.0,254.0,4.72,33.0,117.0,19.0,7.0,4.32,True,3.0,81.0,,33.75,14.0,1.59,12.9,63.0,10.7,102.2,,12.8,3.8,1.0,58.2,5.9,35.3,90.2,82.6,276.0,54.0,34.0,274.0
2016,Ryan Malleck,TE,Virginia Tech,76.0,247.0,4.77,34.5,121.0,18.0,7.0,4.33,False,,,,32.5,13.0,0.88,14.5,64.5,9.8,89.3,,4.8,5.9,2.0,57.2,3.5,37.8,71.5,74.0,329.0,31.0,20.0,436.0
2016,Jake McGee,TE,Florida,77.0,250.0,4.83,,,17.0,,,False,,,,32.38,13.0,1.13,9.3,68.3,7.1,93.8,,2.4,4.3,5.0,37.6,5.9,52.6,82.8,64.2,337.0,60.0,41.0,334.0
2016,David Morgan,TE,Texas-San Antonio,76.0,262.0,,,,,,,True,6.0,188.0,,33.62,12.0,1.66,12.6,60.0,9.9,95.7,,4.3,4.3,4.0,39.4,15.0,44.7,78.6,85.0,341.0,75.0,45.0,409.0
2016,Beau Sandland,TE,Montana State,76.0,253.0,4.74,35.0,124.0,23.0,7.1,4.33,True,7.0,252.0,,34.25,,,,,,,,,,,,,,,,,,,
2016,Nick Vannett,TE,Ohio State,78.0,257.0,4.76,30.5,111.0,17.0,7.05,4.2,True,3.0,94.0,,34.25,13.0,0.74,8.5,67.9,7.3,43.2,,5.0,3.1,1.0,36.5,4.3,50.7,71.7,80.0,218.0,28.0,19.0,419.0
2016,Bryce Williams,TE,East Carolina,78.0,257.0,4.94,29.5,111.0,19.0,7.19,4.53,False,,,,33.62,12.0,1.39,10.1,70.7,7.0,86.8,,6.5,4.7,8.0,61.3,17.0,18.0,86.1,87.8,421.0,82.0,58.0,317.0
2017,Billy Brown,TE,Shepherd,75.0,254.0,4.7,29.0,118.0,23.0,,,False,,,3.82,33.0,,,,,,,,,,,,,,,,,,,
2017,Pharaoh Brown,TE,Oregon,78.0,255.0,,34.0,,24.0,,,False,,,5.72,35.62,9.0,1.87,12.9,73.3,7.2,139.7,,10.8,7.3,3.0,37.2,5.0,55.9,87.4,83.8,228.0,45.0,33.0,239.0
2017,Jake Butt,TE,Michigan,77.0,246.0,,,,,,,True,5.0,145.0,,32.0,13.0,1.99,11.9,69.7,7.2,102.2,,9.8,6.4,6.0,16.0,4.4,79.0,86.2,72.7,275.0,66.0,46.0,339.0
2017,Cethan Carter,TE,Nebraska,75.0,241.0,4.68,,,19.0,,,False,,,6.67,32.38,10.0,0.99,10.0,51.4,8.5,64.0,,29.6,2.3,0.0,40.0,2.9,56.3,79.6,76.6,191.0,37.0,19.0,229.0
2017,Darrell Daniels,TE,Washington,75.0,247.0,4.55,32.0,116.0,17.0,7.09,4.47,False,,,6.88,34.5,14.0,1.25,18.1,63.0,13.8,139.0,,5.6,8.9,3.0,49.8,2.7,45.2,95.0,84.6,246.0,27.0,17.0,117.0
2017,Evan Engram,TE,Mississippi,75.0,234.0,4.42,36.0,125.0,19.0,6.92,4.23,True,1.0,23.0,9.11,33.5,11.0,2.59,14.2,70.7,9.0,127.4,,8.5,6.2,7.0,59.7,0.4,30.2,77.4,77.5,357.0,92.0,65.0,204.0
2017,Gerald Everett,TE,South Alabama,75.0,239.0,4.62,37.5,126.0,22.0,6.99,4.33,True,2.0,44.0,8.98,33.0,13.0,2.32,14.7,65.3,8.6,97.8,,9.3,9.1,24.0,56.6,0.0,42.1,83.4,68.0,311.0,75.0,49.0,277.0
2017,Cole Hikutini,TE,Louisville,76.0,247.0,,,,20.0,,,False,,,5.73,32.75,13.0,1.8,13.3,76.9,8.8,141.9,,9.1,6.3,7.0,18.4,0.7,80.0,83.7,65.7,369.0,65.0,50.0,310.0
2017,Bucky Hodges,TE,Virginia Tech,78.0,257.0,4.57,39.0,134.0,18.0,,4.45,True,6.0,201.0,9.76,32.5,,,,,,,,,,,,,,,,,,,
2017,O.J. Howard,TE,Alabama,78.0,251.0,4.51,30.0,121.0,22.0,6.85,4.16,True,1.0,19.0,9.77,33.75,15.0,1.81,13.2,80.4,8.7,113.9,,4.3,7.3,3.0,26.5,8.4,62.9,81.4,82.9,329.0,56.0,45.0,407.0
2017,George Kittle,TE,Iowa,76.0,247.0,4.52,35.0,132.0,18.0,,,True,5.0,146.0,9.52,33.12,11.0,1.42,14.0,61.1,7.8,114.2,0.0,12.0,6.8,4.0,38.5,0.7,60.4,80.4,82.0,217.0,36.0,22.0,304.0
2017,Jordan Leggett,TE,Clemson,77.0,258.0,,33.0,114.0,18.0,7.12,4.33,True,5.0,150.0,7.9,33.5,15.0,1.54,16.0,68.7,10.5,127.5,,6.1,7.4,4.0,61.2,4.9,33.4,83.3,66.0,479.0,67.0,46.0,383.0
2017,David Njoku,TE,Miami (FL),76.0,246.0,4.64,37.5,133.0,21.0,6.97,4.34,True,1.0,29.0,9.32,35.25,13.0,2.34,16.2,62.3,8.1,134.8,,10.4,11.2,15.0,64.7,1.5,33.8,88.4,64.5,298.0,69.0,43.0,277.0
2017,Scott Orndoff,TE,Pittsburgh,77.0,253.0,4.84,27.0,112.0,17.0,7.37,4.45,False,,,2.97,33.25,13.0,2.11,16.5,62.5,8.8,119.6,,12.5,9.2,6.0,31.6,3.1,61.4,71.2,60.5,275.0,56.0,35.0,452.0
2017,Hayden Plinke,TE,Texas-El Paso,76.0,264.0,4.97,28.0,109.0,18.0,7.55,4.59,False,,,1.36,32.5,12.0,2.34,12.0,65.5,6.9,114.7,,7.3,7.4,4.0,46.0,1.9,51.2,91.5,56.4,195.0,58.0,38.0,169.0
2017,Michael Roberts,TE,Toledo,76.0,270.0,4.86,30.0,110.0,,7.05,4.51,True,4.0,127.0,5.23,33.25,13.0,1.47,11.8,70.3,11.3,121.9,,6.3,3.6,4.0,44.1,3.8,40.3,80.6,73.4,362.0,64.0,45.0,422.0
2017,Eric Saubert,TE,Drake,77.0,253.0,,33.0,121.0,22.0,,,True,5.0,174.0,7.7,33.5,,,,,,,,,,,,,,,,,,,
2017,Adam Shaheen,TE,Ashland,78.0,278.0,4.79,32.5,121.0,24.0,7.09,4.38,True,2.0,45.0,8.67,33.5,,,,,,,,,,,,,,,,,,,
2017,Jonnu Smith,TE,Florida International,75.0,248.0,4.62,38.0,127.0,22.0,,4.18,True,3.0,100.0,8.29,32.88,11.0,1.42,12.0,60.0,7.4,71.5,,17.6,7.0,11.0,32.9,0.7,63.8,83.6,60.2,356.0,70.0,42.0,302.0
2017,Jeremy Sprinkle,TE,Arkansas,77.0,252.0,4.69,29.0,116.0,,,,True,5.0,154.0,5.66,34.5,12.0,1.16,11.6,61.1,9.1,99.5,,5.7,5.4,0.0,17.4,2.1,79.7,75.1,69.2,329.0,54.0,33.0,399.0
2018,Jordan Akins,TE,Central Florida,75.0,249.0,,,,,,,True,3.0,98.0,6.91,33.5,12.0,1.93,16.0,65.3,11.9,101.8,30.0,3.0,7.3,4.0,44.2,2.2,52.0,82.9,65.2,266.0,49.0,32.0,254.0
2018,Mark Andrews,TE,Oklahoma,77.0,256.0,4.67,31.0,113.0,17.0,7.34,4.38,True,3.0,86.0,7.28,32.5,14.0,2.63,15.5,70.5,12.9,122.3,59.1,4.6,4.6,8.0,80.7,9.3,9.5,93.8,68.3,365.0,88.0,62.0,325.0
2018,Marcus Baugh,TE,Ohio State,75.0,247.0,4.81,33.0,117.0,,7.28,4.51,False,,,4.53,33.5,14.0,1.15,10.9,63.6,8.6,102.8,42.9,9.7,4.9,4.0,30.1,1.9,66.1,72.1,64.9,264.0,44.0,28.0,337.0
2018,Tyler Conklin,TE,Central Michigan,75.0,254.0,4.8,38.0,120.0,18.0,7.13,4.23,True,5.0,157.0,7.68,33.0,8.0,1.87,14.4,50.7,11.4,68.8,47.4,14.6,4.9,2.0,22.9,49.0,28.1,93.4,61.1,269.0,69.0,35.0,197.0
2018,Will Dissly,TE,Washington,76.0,262.0,4.87,28.0,111.0,15.0,7.07,4.4,True,4.0,120.0,3.78,33.25,13.0,1.4,13.8,75.0,7.3,131.4,25.0,0.0,7.0,5.0,27.6,2.4,63.3,69.7,82.1,207.0,28.0,21.0,318.0
2018,Troy Fumagalli,TE,Wisconsin,77.0,247.0,,,,14.0,,,True,5.0,156.0,,32.0,13.0,1.87,11.9,63.0,9.6,75.5,42.9,6.1,3.5,0.0,36.4,3.0,60.6,88.5,58.6,292.0,73.0,46.0,454.0
2018,Mike Gesicki,TE,Penn State,77.0,247.0,4.54,41.5,129.0,22.0,6.76,4.1,True,2.0,42.0,9.97,34.12,13.0,1.51,9.9,72.2,9.0,108.8,75.0,5.0,4.6,7.0,40.6,0.7,58.5,87.7,59.2,372.0,79.0,57.0,300.0
2018,Dallas Goedert,TE,South Dakota State,77.0,256.0,,,,23.0,,,True,2.0,49.0,9.5,34.0,,,,,,,,,,,,,,,,,,,
2018,Chris Herndon,TE,Miami (FL),76.0,253.0,,,,21.0,,,True,4.0,107.0,4.96,32.88,11.0,1.62,11.9,75.5,3.7,127.6,55.6,7.0,9.3,9.0,49.3,0.5,47.7,79.1,66.0,295.0,53.0,40.0,260.0
2018,Hayden Hurst,TE,South Carolina,76.0,250.0,4.67,31.5,120.0,,7.19,4.37,True,1.0,25.0,7.57,32.75,13.0,1.42,12.7,67.7,8.8,78.9,55.6,0.0,6.5,7.0,53.8,3.4,41.9,83.8,56.7,394.0,65.0,44.0,306.0
2018,Ryan Izzo,TE,Florida State,77.0,256.0,4.94,33.0,110.0,18.0,7.15,4.43,True,7.0,250.0,4.5,32.12,13.0,1.06,15.9,57.1,9.7,92.3,16.7,9.1,6.8,2.0,16.3,3.2,80.5,80.0,69.6,300.0,35.0,20.0,364.0
2018,Jaylen Samuels,TE,North Carolina State,71.0,225.0,4.54,34.5,121.0,18.0,6.93,4.28,True,5.0,165.0,7.91,31.38,13.0,1.47,8.0,77.1,3.4,101.6,30.0,9.8,6.9,11.0,75.3,4.8,11.5,92.9,50.1,403.0,96.0,74.0,222.0
2018,Dalton Schultz,TE,Stanford,77.0,244.0,4.75,32.0,120.0,15.0,7.0,4.4,True,4.0,137.0,7.09,31.25,13.0,0.82,9.3,68.8,7.3,117.2,40.0,0.0,3.2,4.0,31.4,0.6,61.9,73.3,65.5,250.0,32.0,22.0,369.0
2018,Durham Smythe,TE,Notre Dame,77.0,253.0,4.81,31.0,110.0,18.0,7.17,4.23,True,4.0,123.0,6.19,31.75,13.0,1.06,16.3,57.7,13.4,70.0,33.3,11.8,5.1,0.0,21.1,2.8,63.0,79.6,63.7,230.0,26.0,15.0,355.0
2018,Ian Thomas,TE,Indiana,76.0,259.0,4.74,36.0,123.0,,7.15,4.2,True,4.0,101.0,9.31,32.5,10.0,1.67,14.8,73.5,8.0,148.4,0.0,3.8,9.1,0.0,57.2,1.8,37.3,80.4,49.2,222.0,34.0,25.0,156.0
2018,Jordan Thomas,TE,Mississippi State,77.0,265.0,4.74,27.0,111.0,16.0,7.5,4.75,True,6.0,211.0,3.91,34.12,13.0,1.85,12.0,52.4,13.4,75.8,46.2,15.4,4.3,4.0,23.6,62.4,14.0,90.4,58.3,142.0,42.0,22.0,204.0
2018,David Wells,TE,San Diego State,78.0,256.0,4.75,33.0,116.0,20.0,7.5,4.59,False,,,6.63,32.25,12.0,1.07,14.8,81.8,10.1,156.6,100.0,0.0,6.8,0.0,5.7,2.3,92.0,70.5,60.4,124.0,11.0,9.0,398.0
2019,Kendall Blanton,TE,Missouri,78.0,262.0,4.95,31.0,113.0,22.0,7.37,4.42,False,,,5.26,33.75,10.0,1.1,8.0,62.9,5.5,94.6,44.4,12.0,4.0,3.0,38.0,0.5,61.1,72.9,59.4,161.0,35.0,22.0,270.0
2019,Keenen Brown,TE,Texas State,74.0,250.0,4.75,33.0,117.0,17.0,7.27,4.51,False,,,3.9,34.5,12.0,2.15,10.7,76.1,3.7,117.1,66.7,8.5,7.9,24.0,47.0,2.7,47.9,80.8,73.1,270.0,71.0,54.0,284.0
2019,C.J. Conrad,TE,Kentucky,76.0,249.0,,,,,,,False,,,5.97,31.0,13.0,2.19,10.6,83.3,6.9,131.3,60.0,3.2,5.2,0.0,21.1,4.7,58.7,68.1,72.4,145.0,36.0,30.0,354.0
2019,Noah Fant,TE,Iowa,76.0,249.0,4.5,39.5,127.0,20.0,6.81,4.22,True,1.0,20.0,9.89,33.5,12.0,2.15,13.3,65.0,9.8,131.2,33.3,9.3,6.8,2.0,42.0,2.7,52.7,91.3,65.9,241.0,60.0,39.0,226.0
2019,Zach Gentry,TE,Michigan,80.0,265.0,4.9,29.5,110.0,12.0,7.4,4.53,True,5.0,141.0,2.51,34.12,13.0,1.93,16.1,72.7,11.0,107.6,61.5,13.5,5.3,3.0,17.6,2.9,78.5,78.2,65.4,266.0,44.0,32.0,365.0
2019,Daniel Helm,TE,Duke,76.0,249.0,4.89,,,14.0,,,False,,,5.75,33.38,13.0,1.38,10.4,61.9,8.3,86.5,50.0,18.8,3.8,0.0,47.2,2.4,42.7,68.1,66.5,196.0,42.0,26.0,250.0
2019,T.J. Hockenson,TE,Iowa,77.0,251.0,4.7,37.5,123.0,17.0,7.02,4.18,True,1.0,8.0,9.19,32.25,13.0,2.21,15.2,76.6,10.5,139.1,54.5,2.0,7.3,8.0,28.7,3.4,64.5,82.6,74.9,337.0,64.0,49.0,379.0
2019,Dawson Knox,TE,Mississippi,76.0,254.0,,34.5,,16.0,7.12,4.27,True,3.0,96.0,9.25,33.5,12.0,1.16,18.9,53.6,11.5,74.1,50.0,6.3,8.5,1.0,53.4,0.3,45.6,66.0,75.3,245.0,28.0,15.0,223.0
2019,Alize Mack,TE,Notre Dame,76.0,249.0,4.7,36.0,120.0,22.0,7.27,4.34,True,7.0,231.0,8.5,33.75,12.0,1.25,10.0,67.9,8.0,98.0,35.7,5.3,4.5,2.0,34.4,1.4,48.6,80.7,46.1,289.0,53.0,36.0,299.0
2019,Foster Moreau,TE,LSU,76.0,253.0,4.66,36.5,121.0,22.0,7.16,4.11,True,4.0,137.0,9.47,33.5,13.0,1.39,12.4,81.5,6.8,133.3,66.7,4.3,5.9,5.0,10.5,3.1,85.1,51.0,60.3,195.0,27.0,22.0,506.0
2019,Isaac Nauta,TE,Georgia,75.0,244.0,4.91,28.0,,19.0,7.45,4.43,True,7.0,224.0,1.56,31.88,14.0,2.01,14.3,85.7,8.3,146.4,100.0,3.2,6.7,2.0,46.3,4.5,48.1,79.9,76.3,214.0,35.0,30.0,318.0
2019,Josh Oliver,TE,San Jose State,77.0,249.0,4.63,34.0,117.0,22.0,7.21,4.47,True,3.0,69.0,8.16,33.5,12.0,1.62,12.7,56.6,10.3,79.9,61.5,6.7,4.7,8.0,51.3,2.5,45.2,84.1,59.6,439.0,99.0,56.0,285.0
2019,Dax Raymond,TE,Utah State,77.0,255.0,4.73,32.0,109.0,15.0,7.15,4.39,False,,,5.15,32.62,11.0,1.22,12.7,62.8,8.6,93.5,50.0,10.0,6.3,2.0,62.5,1.0,36.6,91.3,66.1,282.0,43.0,27.0,202.0
2019,Drew Sample,TE,Washington,77.0,255.0,4.71,33.5,115.0,,7.15,4.31,True,2.0,52.0,8.99,33.38,14.0,0.82,10.1,71.4,8.1,108.3,66.7,0.0,3.1,1.0,24.5,4.5,68.3,73.6,82.3,309.0,35.0,25.0,479.0
2019,Irv Smith,TE,Alabama,74.0,242.0,4.63,32.5,110.0,19.0,7.32,4.33,True,2.0,50.0,4.78,31.5,15.0,2.56,16.1,77.2,10.3,157.7,75.0,8.3,8.2,9.0,32.1,6.2,60.0,90.5,59.9,276.0,57.0,44.0,261.0
2019,Kaden Smith,TE,Stanford,77.0,255.0,4.92,32.0,108.0,15.0,7.08,4.47,True,6.0,176.0,3.82,32.25,10.0,1.99,13.5,72.3,11.0,87.7,65.0,7.8,3.2,5.0,47.1,7.2,45.4,88.9,61.1,319.0,65.0,47.0,168.0
2019,Jace Sternberger,TE,Texas A&M,76.0,251.0,4.75,31.5,113.0,17.0,7.19,4.31,True,3.0,75.0,5.17,32.12,13.0,2.01,17.1,60.5,11.3,114.5,36.4,5.8,8.3,8.0,24.6,2.9,72.5,86.5,56.8,415.0,81.0,49.0,366.0
2019,Tommy Sweeney,TE,Boston Col.,76.0,251.0,4.83,,,17.0,,,True,7.0,228.0,5.9,32.75,12.0,1.29,10.9,69.6,8.7,95.2,66.7,5.9,4.0,5.0,35.9,1.6,62.5,85.4,60.9,269.0,46.0,32.0,418.0
2019,Kahale Warring,TE,San Diego State,77.0,252.0,4.67,36.5,122.0,19.0,7.21,4.25,True,3.0,86.0,9.4,32.75,12.0,1.51,12.0,58.5,11.4,83.2,20.0,11.4,3.0,2.0,44.1,5.7,50.2,88.2,53.9,246.0,53.0,31.0,318.0
2019,Trevon Wesco,TE,West Virginia,75.0,267.0,4.89,31.0,117.0,24.0,7.18,4.38,True,4.0,121.0,5.88,34.75,12.0,1.91,14.1,86.7,4.5,128.6,75.0,10.3,9.0,12.0,11.8,0.7,70.6,62.7,72.9,192.0,30.0,26.0,270.0
2019,Caleb Wilson,TE,UCLA,76.0,240.0,4.56,29.0,113.0,,7.2,4.4,True,7.0,254.0,5.71,33.0,12.0,2.56,16.1,63.8,10.5,98.9,17.6,10.4,7.8,8.0,29.7,2.6,67.0,89.5,61.8,377.0,94.0,60.0,323.0
2020,Devin Asiasi,TE,UCLA,75.0,257.0,4.73,30.5,115.0,16.0,,,True,3.0,91.0,6.08,33.25,12.0,1.78,14.6,64.7,11.4,102.6,40.9,2.2,5.6,6.0,45.3,2.1,50.1,85.9,68.1,360.0,68.0,44.0,300.0
2020,Jacob Breeland,TE,Oregon,77.0,252.0,,,,,,,False,,,,32.62,6.0,2.81,15.6,81.3,10.0,158.3,33.3,7.1,5.9,7.0,35.5,7.8,56.0,86.7,45.1,144.0,32.0,26.0,121.0
2020,Harrison Bryant,TE,Florida Atlantic,77.0,243.0,4.73,32.5,110.0,13.0,7.41,4.37,True,4.0,115.0,4.63,30.62,13.0,3.04,15.4,69.1,10.1,124.6,54.2,11.0,6.1,12.0,56.2,7.9,32.5,86.6,78.9,330.0,94.0,65.0,303.0
2020,Hunter Bryant,TE,Washington,74.0,248.0,4.74,32.5,115.0,23.0,7.08,4.46,False,,,5.95,32.0,12.0,2.71,15.9,65.0,10.6,96.1,21.4,8.8,7.7,10.0,63.1,6.9,27.5,91.8,50.5,304.0,80.0,52.0,293.0
2020,Josiah Deguara,TE,Cincinnati,74.0,242.0,4.72,35.5,115.0,25.0,7.15,4.35,True,3.0,94.0,8.51,31.62,14.0,1.47,12.9,54.9,11.4,92.7,27.3,7.1,5.9,3.0,58.3,2.8,38.5,86.0,69.7,344.0,71.0,39.0,382.0
2020,Brycen Hopkins,TE,Purdue,76.0,245.0,4.66,33.5,116.0,21.0,7.25,4.28,True,4.0,136.0,8.17,32.12,12.0,1.83,13.6,68.5,8.6,115.0,55.6,11.6,6.3,6.0,61.6,1.9,33.7,86.0,41.7,454.0,89.0,61.0,210.0
2020,Dalton Keene,TE,Virginia Tech,76.0,253.0,4.71,34.0,125.0,21.0,7.07,4.19,True,3.0,101.0,9.33,32.25,13.0,1.3,11.4,80.8,4.2,144.7,40.0,4.5,8.5,3.0,30.5,2.0,46.6,62.1,62.4,185.0,26.0,21.0,387.0
2020,Cole Kmet,TE,Notre Dame,78.0,262.0,4.7,37.0,123.0,,7.44,4.41,True,2.0,43.0,8.92,33.0,11.0,1.55,12.0,70.5,9.2,122.0,30.0,4.4,5.0,4.0,31.8,4.3,52.4,79.4,56.9,332.0,61.0,43.0,289.0
2020,Sean McKeon,TE,Michigan,77.0,242.0,,,,18.0,,,False,,,,33.5,9.0,1.57,18.1,46.4,11.6,99.6,42.9,7.1,6.6,3.0,15.3,1.7,83.1,63.6,69.0,150.0,28.0,13.0,237.0
2020,Thaddeus Moss,TE,LSU,74.0,250.0,,,,,,,False,,,,31.88,14.0,1.21,12.1,82.5,7.7,124.4,45.5,0.0,5.4,4.0,21.8,34.1,44.1,88.7,69.2,471.0,57.0,47.0,300.0
2020,C.J. O'Grady,TE,Arkansas,76.0,253.0,4.81,34.0,119.0,16.0,7.3,4.34,False,,,,33.62,,,,,,,,,,,,,,,,,,,
2020,Albert Okwuegbunam,TE,Missouri,77.0,258.0,4.49,,,,,,True,4.0,118.0,,34.12,11.0,1.32,11.8,59.1,9.4,100.9,31.3,13.3,5.1,4.0,49.3,3.2,46.8,83.1,56.5,231.0,44.0,26.0,221.0
2020,Colby Parkinson,TE,Stanford,79.0,252.0,4.77,32.5,109.0,18.0,7.15,4.46,True,4.0,133.0,6.15,33.25,12.0,1.4,12.3,54.5,12.3,60.3,42.4,0.0,3.6,3.0,60.8,7.4,31.8,94.8,61.1,421.0,88.0,48.0,188.0
2020,Jared Pinkney,TE,Vanderbilt,76.0,257.0,4.96,,,23.0,,,False,,,4.77,32.88,11.0,0.87,11.7,46.5,8.6,78.9,40.0,9.1,6.7,3.0,47.1,3.5,49.0,86.8,55.8,269.0,43.0,20.0,266.0
2020,Stephen Sullivan,TE,LSU,77.0,248.0,4.66,36.5,123.0,,7.51,4.62,True,7.0,251.0,7.45,35.38,,,,,,,,,,,,,,,,,,,
2020,Charlie Taumoepeau,TE,Portland State,74.0,240.0,4.75,36.5,121.0,18.0,7.0,4.27,False,,,8.06,32.25,,,,,,,,,,,,,,,,,,,
2020,Adam Trautman,TE,Dayton,77.0,255.0,4.8,34.5,114.0,18.0,6.78,4.27,True,3.0,105.0,8.74,32.62,,,,,,,,,,,,,,,,,,,
2020,Mitchell Wilcox,TE,South Florida,75.0,247.0,4.88,31.0,112.0,,7.37,4.43,False,,,2.4,32.25,12.0,1.6,12.5,65.1,9.7,119.3,50.0,6.7,4.6,4.0,31.3,1.7,54.8,74.5,49.4,219.0,43.0,28.0,272.0
2020,Charlie Woerner,TE,Georgia,77.0,244.0,4.78,34.5,120.0,21.0,7.18,4.46,True,6.0,190.0,6.92,31.12,14.0,0.35,8.7,45.0,8.9,72.5,0.0,10.0,2.1,0.0,57.1,6.6,36.3,76.5,82.9,221.0,20.0,9.0,373.0
2020,Dom Wood-Anderson,TE,Tennessee,76.0,261.0,4.92,35.0,119.0,,,,False,,,,33.12,,,,,,,,,,,,,,,,,,,
2021,Giles Amos,TE,Arkansas St.,75.0,250.0,5.14,28.5,111.0,,7.65,5.13,False,,,,32.88,11.0,1.09,13.1,93.8,7.9,157.3,50.0,0.0,6.6,2.0,16.0,0.0,60.2,77.5,47.2,179.0,16.0,15.0,170.0
2021,John Bates,TE,Boise St.,77.0,250.0,4.84,31.5,120.0,19.0,6.85,4.35,False,,,6.8,32.5,5.0,1.83,9.8,80.0,8.3,99.2,0.0,0.0,3.4,2.0,33.3,7.4,58.0,79.0,81.8,64.0,15.0,12.0,87.0
2021,Shaun Beyer,TE,Iowa,76.0,250.0,4.78,31.5,119.0,,,4.2,False,,,7.73,33.25,8.0,1.7,14.4,52.4,9.5,73.1,100.0,0.0,5.3,1.0,17.2,1.7,81.0,80.2,81.4,93.0,21.0,11.0,195.0
2021,J.C. Chalk,TE,Clemson,74.0,250.0,5.18,28.5,106.0,15.0,7.83,4.72,False,,,0.09,32.5,9.0,0.77,7.2,60.0,5.9,103.3,,14.3,3.0,0.0,47.7,1.5,47.7,86.2,53.6,56.0,10.0,6.0,61.0
2021,Daniel Crawford,TE,Northern Illinois,73.0,245.0,4.7,32.5,113.0,14.0,7.19,4.45,False,,,4.59,32.62,6.0,0.95,8.8,80.8,6.1,92.9,50.0,0.0,4.3,3.0,29.2,1.2,69.1,79.8,44.0,194.0,26.0,21.0,128.0
2021,Zach Davidson,TE,Central Missouri St.,78.0,245.0,4.58,37.5,117.0,17.0,6.95,4.19,False,,,,32.0,,,,,,,,,,,,,,,,,,,
2021,Luke Farrell,TE,Ohio St.,77.0,251.0,4.79,36.5,118.0,22.0,7.14,4.36,True,5.0,145.0,8.62,33.0,8.0,0.28,7.4,55.6,5.7,102.5,50.0,0.0,3.0,0.0,30.3,2.7,65.4,71.3,80.8,134.0,9.0,5.0,190.0
2021,Miller Forristall,TE,Alabama,,,,,,,,,False,,,5.91,33.0,12.0,0.92,11.0,85.2,6.3,102.6,66.7,0.0,5.8,2.0,17.8,19.2,58.9,79.9,49.1,274.0,27.0,23.0,284.0
2021,Pat Freiermuth,TE,Penn St.,77.0,251.0,,,,26.0,,,True,2.0,55.0,,32.5,4.0,2.33,13.5,62.2,9.4,75.3,66.7,8.0,5.7,3.0,63.4,1.8,34.8,81.1,74.8,133.0,37.0,23.0,96.0
2021,Noah Gray,TE,Duke,75.0,240.0,4.55,35.0,115.0,15.0,6.83,4.37,True,5.0,162.0,6.96,31.62,10.0,1.36,9.8,67.4,9.1,82.0,62.5,6.5,4.4,2.0,66.7,0.4,15.9,76.1,52.7,210.0,43.0,29.0,222.0
2021,Scooter Harrington,TE,Stanford,76.0,250.0,5.19,29.0,105.0,,7.2,4.53,False,,,1.23,34.75,6.0,0.52,7.3,61.5,7.2,111.5,0.0,20.0,1.9,0.0,50.8,0.0,49.2,90.3,65.1,112.0,13.0,8.0,131.0
2021,Jake Hausmann,TE,Ohio St.,76.0,242.0,4.98,29.5,112.0,16.0,7.65,4.44,False,,,1.69,,5.0,1.18,13.0,100.0,0.0,118.8,,0.0,13.0,0.0,21.1,5.3,73.7,57.9,56.8,11.0,1.0,1.0,33.0
2021,Brevin Jordan,TE,Miami (FL),74.0,247.0,4.64,31.0,116.0,17.0,,,True,5.0,147.0,4.51,32.88,,,,,,,,,,,,,,,,,,,
2021,Hunter Kampmoyer,TE,Oregon,76.0,243.0,4.83,31.0,113.0,21.0,7.28,4.54,False,,,3.41,31.38,5.0,2.01,11.5,77.8,5.6,120.4,100.0,6.7,7.0,0.0,10.6,0.0,86.2,85.1,59.1,80.0,18.0,14.0,106.0
2021,Bruno Labelle,TE,Cincinnati,76.0,247.0,4.73,36.0,123.0,19.0,7.36,4.43,False,,,7.98,,7.0,0.98,8.1,71.4,5.5,109.5,,0.0,4.9,1.0,24.6,0.8,72.9,70.3,75.2,83.0,14.0,10.0,166.0
2021,Artayvious Lynn,TE,TCU,76.0,271.0,,,,,,,False,,,,33.62,6.0,2.75,12.6,100.0,5.3,158.3,,0.0,7.3,2.0,28.9,0.0,64.4,71.1,59.3,32.0,7.0,7.0,66.0
2021,Ben Mason,TE,Michigan,74.0,246.0,4.73,37.5,117.0,29.0,6.96,4.42,False,,,8.96,32.62,5.0,1.13,8.5,66.7,0.7,120.8,,0.0,9.0,0.0,0.0,5.6,55.6,83.3,63.6,15.0,3.0,2.0,70.0
2021,Tre' McKitty,TE,Georgia,76.0,247.0,,,,,,,True,3.0,97.0,6.2,32.75,7.0,1.32,18.0,66.7,9.2,144.7,,14.3,9.5,1.0,39.2,2.0,58.8,80.4,75.8,82.0,9.0,6.0,143.0
2021,Briley Moore,TE,Kansas St.,76.0,240.0,4.66,37.5,123.0,26.0,7.24,4.37,False,,,9.02,31.0,9.0,1.86,15.4,64.7,10.3,90.1,57.1,4.3,7.0,2.0,30.6,1.0,67.5,87.1,74.1,182.0,34.0,22.0,178.0
2021,Quintin Morris,TE,Bowling Green,74.0,243.0,4.6,34.0,119.0,22.0,7.12,4.55,False,,,6.91,33.12,5.0,1.81,12.4,51.3,8.5,49.9,0.0,25.9,8.4,3.0,39.7,11.9,47.7,90.7,53.9,137.0,39.0,20.0,144.0
2021,Josh Pederson,TE,La-Monroe,76.0,234.0,4.81,28.5,110.0,19.0,7.31,4.43,False,,,,,10.0,1.32,11.5,52.5,11.9,50.4,37.5,15.8,2.9,1.0,47.2,5.3,47.5,86.0,56.8,277.0,61.0,32.0,132.0
2021,Kyle Pitts,TE,Florida,77.0,245.0,4.44,33.5,129.0,22.0,7.12,4.3,True,1.0,4.0,9.65,33.5,8.0,3.26,17.9,66.2,13.8,146.2,57.9,0.0,6.0,5.0,24.1,21.2,54.7,84.9,63.9,236.0,65.0,43.0,131.0
2021,John Raine,TE,Northwestern,73.0,231.0,5.05,31.0,107.0,15.0,7.32,4.54,False,,,0.65,31.38,8.0,0.95,9.7,72.7,6.2,87.1,50.0,7.7,5.2,3.0,45.7,2.3,50.9,92.5,67.1,245.0,33.0,24.0,249.0
2021,Jack Stoll,TE,Nebraska,75.0,247.0,4.6,31.5,119.0,16.0,6.86,4.32,False,,,7.97,33.12,7.0,2.07,12.7,87.5,6.5,113.0,,12.5,5.3,1.0,51.1,2.2,46.7,95.6,84.2,43.0,8.0,7.0,55.0
2021,Tommy Tremble,TE,Notre Dame,75.0,241.0,4.6,36.5,122.0,20.0,,,True,3.0,83.0,8.9,31.88,12.0,1.25,11.5,67.9,8.8,76.2,80.0,9.5,3.3,2.0,42.0,3.5,53.0,87.0,83.7,174.0,28.0,19.0,271.0
2021,Carl Tucker,TE,Alabama,,,,,,,,,False,,,2.33,33.12,7.0,0.0,,0.0,6.0,39.6,,100.0,,0.0,0.0,3.0,97.0,54.5,79.9,18.0,1.0,0.0,58.0
2021,Pro Wells,TE,TCU,,,,,,,,,False,,,,33.0,10.0,1.55,15.0,65.0,13.2,115.6,66.7,0.0,5.5,5.0,83.3,2.2,10.9,91.3,52.2,126.0,20.0,13.0,132.0
2021,Brock Wright,TE,Notre Dame,76.0,257.0,4.62,31.5,118.0,26.0,7.27,4.25,False,,,9.21,,12.0,0.24,7.0,50.0,3.8,58.3,0.0,25.0,4.3,0.0,13.1,2.8,84.1,81.3,69.6,87.0,6.0,3.0,238.0
2021,Kenny Yeboah,TE,Mississippi,75.0,250.0,,34.0,116.0,,,,False,,,5.9,33.25,8.0,2.09,19.4,81.8,11.3,158.3,75.0,10.0,9.0,3.0,50.0,2.4,42.7,76.1,48.5,251.0,33.0,27.0,299.0
2022,Austin Allen,TE,Nebraska,80.0,253.0,4.83,34.0,121.0,,7.0,4.26,False,,,8.06,30.62,12.0,2.52,15.8,79.2,10.0,115.3,85.7,2.6,7.0,6.0,29.7,3.3,65.6,87.5,72.9,239.0,48.0,38.0,275.0
2022,Chase Allen,TE,Iowa St.,78.0,251.0,,33.5,117.0,,7.03,4.43,False,,,,34.12,13.0,0.88,11.5,80.0,5.6,113.5,80.0,0.0,6.4,2.0,25.8,3.8,65.3,80.0,67.4,316.0,30.0,24.0,311.0
2022,Daniel Bellinger,TE,San Diego St.,77.0,253.0,4.63,34.5,125.0,22.0,7.05,4.47,True,4.0,112.0,9.65,32.5,12.0,1.66,11.4,72.1,3.7,111.9,60.0,0.0,9.1,5.0,35.2,7.0,56.3,75.0,63.6,213.0,43.0,31.0,395.0
2022,Grant Calcaterra,TE,SMU,76.0,241.0,4.62,,,20.0,,,True,6.0,198.0,,33.25,12.0,1.38,12.2,62.3,10.0,87.1,36.4,5.0,3.8,2.0,66.4,5.0,27.5,93.3,46.2,336.0,61.0,38.0,151.0
2022,Greg Dulcich,TE,UCLA,76.0,243.0,4.69,34.0,122.0,16.0,7.05,4.37,True,3.0,80.0,8.23,33.38,12.0,1.93,17.3,64.6,12.0,108.8,40.0,8.7,7.0,7.0,36.4,8.7,52.3,88.3,52.9,376.0,65.0,42.0,353.0
2022,Jake Ferguson,TE,Wisconsin,77.0,250.0,4.81,31.5,118.0,15.0,7.03,4.48,True,4.0,129.0,6.78,32.62,13.0,1.73,9.8,75.4,6.7,98.4,55.6,4.2,5.2,12.0,29.0,3.3,67.4,84.7,77.6,260.0,61.0,46.0,444.0
2022,Jeremiah Hall,TE,Oklahoma,74.0,239.0,4.96,29.0,111.0,19.0,7.43,4.62,False,,,2.55,31.62,13.0,2.4,10.4,86.5,5.8,129.1,50.0,0.0,5.3,2.0,20.0,1.1,56.6,79.4,63.9,139.0,37.0,32.0,195.0
2022,Peyton Hendershot,TE,Indiana,76.0,250.0,4.8,32.5,117.0,,,4.25,False,,,8.38,32.62,12.0,1.85,11.8,74.2,7.4,108.5,44.4,2.1,5.7,10.0,33.0,12.0,55.0,84.0,58.4,293.0,62.0,46.0,253.0
2022,Connor Heyward,TE,Michigan St.,71.0,233.0,4.72,32.5,,,,,True,6.0,208.0,,31.88,13.0,1.26,9.3,83.3,4.0,114.9,75.0,2.8,6.7,9.0,27.1,1.9,58.7,81.4,48.9,258.0,42.0,35.0,305.0
2022,Curtis Hodges,TE,Arizona St.,80.0,257.0,4.85,34.5,117.0,,7.14,4.28,False,,,7.37,34.5,12.0,1.63,18.6,64.5,11.3,113.8,0.0,16.7,8.4,8.0,37.5,2.3,57.9,87.4,70.7,228.0,31.0,20.0,265.0
2022,Charlie Kolar,TE,Iowa St.,79.0,252.0,,,,,,,True,4.0,128.0,,34.5,12.0,2.08,12.1,66.3,10.5,98.8,66.7,3.1,3.7,3.0,57.9,11.4,28.3,88.9,69.3,367.0,95.0,63.0,204.0
2022,Isaiah Likely,TE,Coastal Carolina,77.0,245.0,,36.0,,,,4.57,True,4.0,139.0,4.87,31.88,13.0,2.99,15.5,76.6,9.4,138.6,40.0,1.7,6.9,10.0,40.2,4.3,55.5,88.2,75.0,305.0,77.0,59.0,332.0
2022,Trey McBride,TE,Colorado St.,76.0,246.0,,33.0,117.0,18.0,,,True,2.0,55.0,,32.5,12.0,2.78,12.4,74.6,8.6,95.2,53.1,3.2,5.0,5.0,20.2,10.5,69.3,90.8,69.3,405.0,122.0,91.0,399.0
2022,James Mitchell,TE,Virginia Tech,76.0,249.0,,,,,,,True,5.0,177.0,,32.88,2.0,1.62,8.4,71.4,5.0,86.6,,0.0,7.0,2.0,33.3,6.7,60.0,86.7,50.3,26.0,7.0,5.0,38.0
2022,Chigoziem Okonkwo,TE,Maryland,75.0,238.0,4.52,35.5,,,,,True,4.0,143.0,6.46,32.75,13.0,1.45,8.8,78.5,5.0,121.0,100.0,8.9,5.2,10.0,18.3,1.6,79.4,81.7,49.7,309.0,65.0,51.0,258.0
2022,Cade Otton,TE,Washington,77.0,247.0,,,,,,,True,4.0,106.0,,32.75,8.0,1.06,8.9,65.1,6.4,49.6,37.5,6.7,4.3,5.0,33.6,4.6,61.8,83.4,68.9,236.0,43.0,28.0,216.0
2022,Teagan Quitoriano,TE,Oregon St.,78.0,258.0,,,,22.0,,,True,5.0,170.0,4.74,33.5,13.0,1.3,11.3,79.2,9.6,126.0,66.7,0.0,5.2,2.0,13.5,0.4,86.1,60.2,65.7,165.0,24.0,19.0,414.0
2022,Jeremy Ruckert,TE,Ohio St.,77.0,250.0,,,,19.0,,,True,3.0,101.0,,32.62,13.0,0.79,11.9,66.7,9.4,105.6,50.0,3.7,5.7,5.0,38.7,9.7,51.0,87.6,68.3,390.0,39.0,26.0,269.0
2022,Cole Turner,TE,Nevada,78.0,246.0,4.76,27.0,120.0,17.0,7.06,4.41,True,5.0,149.0,7.4,33.0,11.0,1.49,10.9,66.7,10.2,110.4,58.6,4.6,3.0,5.0,58.0,26.8,15.2,92.8,66.5,453.0,93.0,62.0,207.0
2022,Jelani Woods,TE,Virginia,79.0,259.0,4.61,,,24.0,,,True,3.0,73.0,10.0,34.5,11.0,1.8,13.6,62.0,11.1,114.6,61.1,10.2,5.3,11.0,17.3,7.0,73.9,89.8,51.6,333.0,71.0,44.0,112.0
2022,Jalen Wydermyer,TE,Texas A&M,76.0,255.0,,,,,,,False,,,0.98,33.12,12.0,1.51,12.9,57.1,9.8,93.5,50.0,16.7,4.8,6.0,43.1,7.4,49.5,86.5,50.6,341.0,70.0,40.0,323.0
2023,Davis Allen,TE,Clemson,78.0,245.0,,38.5,125.0,,,,True,5.0,175.0,8.58,32.25,14.0,1.58,11.4,76.5,9.1,126.5,91.7,2.5,5.0,2.0,45.5,12.0,42.3,81.9,69.0,281.0,51.0,39.0,358.0
2023,Payne Durham,TE,Purdue,78.0,253.0,,34.5,117.0,,,,True,5.0,171.0,6.58,33.38,13.0,1.23,10.0,72.7,7.2,116.8,57.1,3.4,4.7,9.0,57.2,2.8,39.4,85.2,56.7,454.0,77.0,56.0,327.0
2023,Noah Gindorff,TE,North Dakota St.,78.0,263.0,,,,16.0,,,False,,,,33.12,,,,,,,,,,,,,,,,,,,
2023,Dalton Kincaid,TE,Utah,76.0,246.0,,,,,,,True,1.0,25.0,,32.62,12.0,2.41,12.7,75.3,8.7,115.4,50.0,2.8,5.7,16.0,55.1,9.5,35.4,92.0,59.5,369.0,93.0,70.0,281.0
2023,Tucker Kraft,TE,South Dakota St.,77.0,254.0,,34.0,122.0,23.0,7.08,4.29,False,,,,32.75,,,,,,,,,,,,,,,,,,,
2023,Zack Kuntz,TE,Old Dominion,79.0,255.0,,40.0,128.0,23.0,6.87,4.12,False,,,10.0,34.0,5.0,1.26,12.0,42.9,11.1,83.0,33.3,7.7,3.8,1.0,44.7,16.7,38.6,86.4,67.5,114.0,28.0,12.0,75.0
2023,Sam LaPorta,TE,Iowa,75.0,245.0,,35.0,123.0,,6.91,4.25,True,2.0,34.0,9.03,32.12,12.0,2.16,11.2,64.4,7.1,75.6,37.5,9.4,6.3,19.0,30.1,20.5,48.4,93.2,53.1,300.0,90.0,58.0,289.0
2023,Cameron Latu,TE,Alabama,76.0,242.0,,,,,,,True,3.0,101.0,6.22,32.38,11.0,1.03,12.5,61.2,9.8,103.8,40.0,9.1,4.2,2.0,39.4,12.7,45.8,85.9,50.0,366.0,49.0,30.0,289.0
2023,Will Mallory,TE,Miami,77.0,239.0,,36.5,121.0,20.0,,,True,5.0,162.0,9.05,32.25,12.0,1.68,12.9,71.2,6.9,109.6,38.5,4.5,7.2,6.0,36.6,3.6,58.0,83.0,36.6,322.0,59.0,42.0,251.0
2023,Michael Mayer,TE,Notre Dame,77.0,249.0,,32.5,118.0,,,,True,2.0,35.0,7.66,31.62,12.0,2.44,12.1,66.3,8.1,103.9,65.4,5.6,4.9,12.0,45.0,14.2,39.9,92.5,82.1,331.0,101.0,67.0,389.0
2023,Luke Musgrave,TE,Oregon St.,78.0,253.0,,36.0,125.0,,,,True,2.0,42.0,9.78,32.62,2.0,3.38,15.4,73.3,12.4,132.4,33.3,8.3,3.5,0.0,38.3,10.0,51.7,83.3,54.3,50.0,15.0,11.0,54.0
2023,Kyle Patterson,TE,Air Force,77.0,260.0,,,,,,,False,,,,32.5,6.0,1.68,10.7,42.9,8.1,56.8,50.0,25.0,0.7,0.0,24.0,36.0,32.0,76.0,84.4,19.0,7.0,3.0,181.0
2023,Luke Schoonmaker,TE,Michigan,77.0,251.0,,33.5,127.0,,,4.27,True,2.0,58.0,9.86,32.88,12.0,2.15,11.9,77.8,7.8,127.6,28.6,5.4,5.5,1.0,25.8,5.5,68.2,89.4,55.7,194.0,45.0,35.0,309.0
2023,Brenton Strange,TE,Penn St.,76.0,253.0,,36.0,124.0,23.0,7.25,4.46,True,2.0,61.0,9.09,31.12,13.0,1.45,11.3,84.2,5.2,135.0,62.5,3.0,7.3,6.0,43.6,9.1,38.9,83.9,60.5,250.0,38.0,32.0,312.0
2023,Leonard Taylor,TE,Cincinnati,77.0,250.0,,,,,,,False,,,,32.75,11.0,0.94,9.4,78.3,7.3,108.3,100.0,5.3,2.9,3.0,25.7,1.8,71.6,81.1,54.1,180.0,23.0,18.0,217.0
2023,Travis Vokolek,TE,Nebraska,78.0,259.0,,,115.0,20.0,,,False,,,7.94,32.88,10.0,1.05,12.0,60.6,7.2,90.5,0.0,13.0,6.9,4.0,34.2,2.7,44.7,88.7,66.0,228.0,33.0,20.0,213.0
2023,Darnell Washington,TE,Georgia,79.0,264.0,,31.0,122.0,21.0,,4.08,True,3.0,93.0,9.88,34.38,15.0,1.77,16.2,65.1,10.8,106.2,40.0,6.7,7.2,5.0,28.9,5.0,66.1,86.2,81.3,257.0,43.0,28.0,373.0
2023,Blake Whiteheart,TE,Wake Forest,76.0,247.0,,35.5,115.0,20.0,,,False,,,8.99,32.12,12.0,0.97,12.3,68.6,13.5,111.0,70.0,0.0,2.5,2.0,19.1,0.2,80.6,73.4,65.8,303.0,35.0,24.0,271.0
2023,Josh Whyle,TE,Cincinnati,79.0,248.0,,33.5,115.0,,,,True,5.0,147.0,8.98,31.5,12.0,1.11,10.2,62.7,8.0,100.6,28.6,3.0,5.2,2.0,39.2,6.9,51.8,88.9,69.5,295.0,51.0,32.0,278.0
2023,Brayden Willis,TE,Oklahoma,76.0,241.0,,32.0,117.0,20.0,7.3,4.36,True,7.0,247.0,4.71,33.25,13.0,1.37,12.9,66.1,6.8,118.1,37.5,7.1,7.2,15.0,48.8,4.3,34.2,87.6,80.3,366.0,59.0,39.0,381.0
