Year,Player,Pos,School,Height,Weight,40yd,Vertical,Broad Jump,Bench,3Cone,Shuttle,Drafted,Round,Pick,RAS,arm_length_inches,player_game_count,yprr,yards_per_reception,caught_percent,avg_depth_of_target,targeted_qb_rating,contested_catch_rate,drop_rate,yards_after_catch_per_reception,avoided_tackles,slot_rate,wide_rate,inline_rate,route_rate,routes,targets,receptions
2015,Nelson Agholor,WR,USC,72.0,198.0,4.42,,,12.0,,,True,1.0,20.0,,32.25,13.0,2.92,12.7,76.3,8.9,129.4,,6.4,5.6,17.0,52.2,41.5,2.4,95.7,447.0,135.0,103.0
2015,Mario Alford,WR,West Virginia,68.0,180.0,4.43,34.0,121.0,13.0,6.64,4.07,True,7.0,238.0,,31.25,13.0,1.73,14.5,58.0,11.2,118.3,,15.6,7.3,6.0,4.3,94.3,0.3,94.6,547.0,112.0,65.0
2015,Dres Anderson,WR,Utah,73.0,187.0,4.54,,,13.0,,,False,,,,31.62,7.0,1.71,16.1,50.0,15.1,88.7,,18.5,3.6,3.0,10.6,89.4,0.0,95.4,208.0,44.0,22.0
2015,Kenny Bell,WR,Nebraska,73.0,197.0,4.42,41.5,129.0,7.0,6.66,4.15,True,5.0,162.0,,31.62,13.0,3.01,16.9,52.2,15.6,81.3,,9.6,6.4,9.0,18.2,81.0,0.4,96.0,263.0,90.0,47.0
2015,Da'Ron Brown,WR,Northern Illinois,72.0,205.0,4.54,37.0,120.0,17.0,7.04,4.11,True,7.0,233.0,,32.0,14.0,2.59,15.7,54.0,14.4,91.5,,10.5,6.5,14.0,20.7,79.3,0.0,95.8,411.0,126.0,68.0
2015,Kaelin Clay,WR,Utah,70.0,195.0,4.51,33.0,113.0,10.0,6.97,4.26,True,6.0,184.0,,30.88,13.0,1.59,12.1,61.4,10.2,91.4,,8.5,5.7,5.0,89.7,10.3,0.0,96.5,327.0,70.0,43.0
2015,Sammie Coates,WR,Auburn,73.0,212.0,4.43,41.0,131.0,23.0,6.98,4.06,True,3.0,87.0,,33.38,12.0,2.82,21.8,45.9,21.5,94.5,,12.8,3.8,10.0,10.1,89.9,0.0,94.9,263.0,74.0,34.0
2015,Chris Conley,WR,Georgia,74.0,213.0,4.35,45.0,139.0,18.0,7.06,4.3,True,3.0,76.0,,33.75,13.0,2.49,18.3,66.7,16.8,140.2,,10.0,4.4,2.0,23.4,75.9,0.4,96.4,264.0,54.0,36.0
2015,Amari Cooper,WR,Alabama,73.0,211.0,4.42,33.0,120.0,,6.71,3.98,True,1.0,4.0,,31.5,14.0,3.99,13.9,71.3,9.9,128.7,,6.1,7.1,26.0,19.5,79.6,0.0,97.1,433.0,174.0,124.0
2015,Jamison Crowder,WR,Duke,68.0,185.0,4.56,37.0,115.0,10.0,7.17,4.32,True,4.0,105.0,,30.38,13.0,2.31,12.7,56.4,11.0,81.1,,10.6,6.5,11.0,17.3,81.9,0.0,97.0,460.0,149.0,84.0
2015,DaVaris Daniels,WR,Notre Dame,73.0,201.0,4.62,37.0,122.0,13.0,,,False,,,,31.25,,,,,,,,,,,,,,,,,
2015,Devante Davis,WR,UNLV,75.0,220.0,4.57,35.5,115.0,16.0,7.25,4.12,False,,,,32.38,8.0,1.76,17.4,42.5,16.1,58.9,,15.0,4.9,4.0,6.9,93.1,0.0,95.7,335.0,80.0,34.0
2015,Geremy Davis,WR,Connecticut,74.0,216.0,4.49,36.5,124.0,23.0,6.86,4.18,True,6.0,186.0,,32.25,10.0,2.11,11.8,60.3,13.2,78.6,,0.0,1.5,1.0,19.8,80.2,0.0,96.1,247.0,73.0,44.0
2015,Titus Davis,WR,Central Michigan,73.0,196.0,4.51,32.5,119.0,,7.14,4.28,False,,,,29.62,10.0,3.53,16.3,60.6,13.6,120.8,,10.4,4.3,9.0,18.2,81.4,0.3,95.5,278.0,99.0,60.0
2015,Stefon Diggs,WR,Maryland,72.0,195.0,4.46,35.0,115.0,,7.03,4.32,True,5.0,146.0,,31.25,10.0,2.24,12.6,64.9,7.3,99.0,,8.7,8.3,13.0,81.6,17.0,0.0,97.3,355.0,97.0,63.0
2015,Phillip Dorsett,WR,Miami (FL),70.0,185.0,4.33,37.0,122.0,13.0,6.7,4.11,True,1.0,29.0,,30.25,13.0,2.33,24.2,53.7,18.9,132.3,,2.7,10.0,3.0,22.8,77.2,0.0,96.9,374.0,67.0,36.0
2015,Devin Funchess,WR,Michigan,76.0,232.0,4.7,38.5,122.0,17.0,,,True,2.0,41.0,,33.5,11.0,2.21,11.8,60.8,9.7,79.4,,8.8,4.3,7.0,39.4,57.7,2.6,96.2,332.0,102.0,62.0
2015,Antwan Goodley,WR,Baylor,70.0,209.0,4.44,,,,,,False,,,,30.75,11.0,2.04,13.8,58.8,12.5,100.5,,13.0,5.7,10.0,11.4,86.7,0.0,95.1,407.0,102.0,60.0
2015,Dorial Green-Beckham,WR,Oklahoma,77.0,237.0,4.49,33.5,119.0,13.0,6.89,4.45,True,2.0,40.0,,,,,,,,,,,,,,,,,,,
2015,Rashad Greene,WR,Florida State,71.0,182.0,4.53,36.5,122.0,,6.88,4.12,True,5.0,139.0,,31.62,14.0,2.6,13.8,69.7,11.0,104.9,,3.9,6.1,17.0,22.3,76.7,0.0,96.2,525.0,142.0,99.0
2015,Rannell Hall,WR,Central Florida,72.0,198.0,4.6,41.0,132.0,16.0,6.86,4.15,False,,,,30.5,10.0,1.59,10.2,60.5,9.5,52.5,,7.5,4.5,10.0,57.4,36.9,0.6,94.3,314.0,81.0,49.0
2015,Justin Hardy,WR,East Carolina,70.0,192.0,4.56,36.5,114.0,11.0,6.63,4.21,True,4.0,107.0,,32.12,13.0,2.39,12.3,72.5,9.5,107.2,,4.0,5.1,20.0,64.2,35.1,0.0,94.8,625.0,167.0,121.0
2015,Josh Harper,WR,Fresno State,73.0,191.0,4.64,32.0,108.0,13.0,7.15,4.36,False,,,,30.88,14.0,1.98,12.3,59.7,13.0,75.8,,8.2,4.4,13.0,12.5,87.5,0.0,95.8,554.0,149.0,89.0
2015,Christion Jones,WR,Alabama,70.0,182.0,4.63,32.5,119.0,8.0,6.91,4.19,False,,,,30.0,13.0,1.08,13.9,61.3,12.3,86.0,,13.6,5.9,3.0,52.0,44.9,1.2,95.7,245.0,31.0,19.0
2015,Dez Lewis,WR,Central Arkansas,76.0,214.0,4.58,33.5,119.0,16.0,7.11,4.28,False,,,,,,,,,,,,,,,,,,,,,
2015,Tony Lippett,WR,Michigan State,74.0,192.0,4.61,36.0,114.0,10.0,6.92,4.13,True,5.0,156.0,,32.75,13.0,3.65,18.4,61.9,13.3,128.2,,3.0,5.9,7.0,14.4,85.6,0.0,96.2,328.0,105.0,65.0
2015,Tyler Lockett,WR,Kansas State,70.0,182.0,4.4,35.5,121.0,,6.89,4.07,True,3.0,69.0,,30.0,13.0,3.65,14.3,72.1,11.9,121.6,,6.2,4.3,9.0,15.3,84.3,0.0,93.3,415.0,147.0,106.0
2015,Deon Long,WR,Maryland,72.0,192.0,4.51,34.0,120.0,12.0,6.98,4.27,False,,,,31.0,13.0,1.39,11.3,55.4,10.7,63.5,,7.3,4.9,6.0,2.6,97.4,0.0,97.0,415.0,92.0,51.0
2015,Donatella Luckett,WR,Harding,72.0,211.0,4.4,34.0,118.0,17.0,7.51,4.5,False,,,,31.0,,,,,,,,,,,,,,,,,
2015,Vince Mayle,WR,Washington State,74.0,224.0,4.67,35.5,117.0,,6.93,4.13,True,4.0,123.0,,31.75,12.0,2.69,14.0,65.0,9.8,104.9,,15.2,7.8,25.0,0.7,99.3,0.0,95.2,551.0,163.0,106.0
2015,Tre McBride,WR,William & Mary,72.0,210.0,4.41,38.0,122.0,16.0,6.96,4.08,True,7.0,245.0,,32.12,,,,,,,,,,,,,,,,,
2015,Ty Montgomery,WR,Stanford,72.0,221.0,4.55,40.5,121.0,,6.97,4.21,True,3.0,94.0,,31.0,11.0,2.16,9.9,62.2,6.5,68.6,,7.6,7.2,16.0,21.6,77.4,0.3,95.9,280.0,98.0,61.0
2015,Keith Mumphery,WR,Michigan State,72.0,215.0,4.54,32.5,121.0,,7.07,4.25,True,5.0,175.0,,31.12,13.0,2.14,19.0,60.5,16.1,114.0,,7.1,5.5,4.0,20.3,78.9,0.0,97.5,231.0,43.0,26.0
2015,J.J. Nelson,WR,Ala-Birmingham,70.0,156.0,4.28,36.0,127.0,,7.02,4.15,True,5.0,159.0,,31.12,12.0,2.42,17.9,56.3,15.6,98.8,,12.2,9.5,5.0,22.9,76.8,0.0,95.4,267.0,64.0,36.0
2015,DeVante Parker,WR,Louisville,75.0,209.0,4.45,36.5,125.0,17.0,,,True,1.0,14.0,,33.25,6.0,4.25,19.9,57.3,14.4,86.3,,4.4,8.1,15.0,10.2,89.8,0.0,97.6,201.0,75.0,43.0
2015,Breshad Perriman,WR,Central Florida,74.0,212.0,,,,,,,True,1.0,26.0,,32.0,13.0,2.52,20.9,51.5,17.7,107.9,,13.8,5.1,7.0,5.9,94.1,0.0,94.1,414.0,97.0,50.0
2015,Ezell Ruffin,WR,San Diego State,72.0,218.0,4.68,27.5,110.0,17.0,7.35,4.58,False,,,,31.12,7.0,2.37,16.2,57.8,14.8,85.6,,7.1,3.7,3.0,42.2,57.2,0.5,95.2,178.0,45.0,26.0
2015,Ross Scheuerman,WR,Lafayette,72.0,204.0,4.62,33.0,121.0,15.0,7.08,4.11,False,,,,30.0,,,,,,,,,,,,,,,,,
2015,DeAndre Smelter,WR,Georgia Tech,74.0,226.0,4.52,,,,,,True,4.0,132.0,,32.62,12.0,4.39,20.4,56.5,17.0,128.1,,5.4,6.8,5.0,5.5,88.5,0.0,89.6,163.0,62.0,35.0
2015,Devin Smith,WR,Ohio State,72.0,196.0,4.42,39.0,122.0,10.0,,4.15,True,2.0,37.0,,31.0,15.0,3.62,28.2,68.8,23.8,133.7,,5.7,7.0,2.0,22.3,76.9,0.4,97.3,257.0,48.0,33.0
2015,Jaelen Strong,WR,Arizona State,74.0,217.0,4.44,42.0,123.0,,,,True,3.0,70.0,,32.5,12.0,2.71,14.4,53.3,13.9,92.2,,8.0,5.2,7.0,25.3,74.7,0.0,94.7,431.0,152.0,81.0
2015,Darren Waller,WR,Georgia Tech,78.0,238.0,4.46,37.0,125.0,12.0,7.07,4.25,True,6.0,204.0,,33.25,12.0,2.65,17.0,57.8,19.6,112.2,,0.0,3.3,2.0,2.2,95.1,0.0,91.3,167.0,45.0,26.0
2015,DeAndrew White,WR,Alabama,71.0,193.0,4.44,34.5,118.0,,6.97,4.18,False,,,,31.0,11.0,1.58,12.6,63.5,10.0,102.9,,9.1,5.4,5.0,39.3,60.7,0.0,97.0,318.0,63.0,40.0
2015,Kevin White,WR,West Virginia,75.0,215.0,4.35,36.5,123.0,23.0,6.92,4.14,True,1.0,7.0,,32.62,13.0,2.59,13.3,68.1,11.1,104.3,,7.6,6.2,24.0,7.6,90.7,0.5,94.6,558.0,160.0,109.0
2015,Cam Worthy,WR,East Carolina,74.0,211.0,4.59,,,12.0,,,False,,,,33.5,11.0,2.07,18.5,59.8,16.9,103.4,,3.5,3.9,2.0,22.9,77.1,0.0,95.1,490.0,92.0,55.0
2016,Bralon Addison,WR,Oregon,69.0,197.0,4.66,34.5,116.0,13.0,6.95,4.14,False,,,,29.5,13.0,2.18,12.8,69.2,10.7,128.6,,6.0,5.4,13.0,67.0,31.2,0.5,95.6,368.0,91.0,63.0
2016,Geronimo Allison,WR,Illinois,75.0,196.0,4.67,33.0,127.0,,7.4,4.28,False,,,,32.88,12.0,1.77,13.5,51.2,11.6,71.6,,15.6,4.9,6.0,12.2,87.8,0.0,95.9,496.0,127.0,65.0
2016,Demarcus Ayers,WR,Houston,69.0,182.0,4.72,33.0,123.0,,,,True,7.0,229.0,,31.25,14.0,2.8,12.5,74.4,7.9,108.6,,2.0,7.5,19.0,96.5,2.2,0.2,96.5,444.0,133.0,99.0
2016,Tyler Boyd,WR,Pittsburgh,73.0,197.0,4.58,34.0,119.0,11.0,6.9,4.35,True,2.0,55.0,,32.0,12.0,2.72,10.0,71.8,9.1,91.1,,5.1,4.4,6.0,45.4,51.2,0.3,95.8,346.0,131.0,94.0
2016,Chris Brown,WR,Notre Dame,74.0,194.0,4.48,,,,,,False,,,,,13.0,2.07,12.4,60.0,11.7,89.4,,7.7,4.8,4.0,18.3,81.7,0.0,96.0,288.0,80.0,48.0
2016,Aaron Burbridge,WR,Michigan State,72.0,206.0,4.56,30.5,115.0,20.0,7.22,4.31,True,6.0,213.0,,31.62,14.0,2.85,14.8,58.2,12.2,96.8,,10.5,3.5,7.0,18.5,81.1,0.2,94.6,441.0,146.0,85.0
2016,Devon Cajuste,WR,Stanford,76.0,234.0,4.62,36.0,123.0,12.0,6.49,4.2,False,,,,33.0,13.0,1.64,14.1,65.9,13.8,120.1,,6.9,3.7,1.0,51.8,48.2,0.0,93.6,233.0,41.0,27.0
2016,Leonte Carroo,WR,Rutgers,72.0,211.0,4.5,35.5,120.0,14.0,,,True,3.0,86.0,,31.38,8.0,4.16,20.7,68.4,14.6,121.5,,4.9,6.8,7.0,7.5,92.5,0.0,96.5,194.0,57.0,39.0
2016,Corey Coleman,WR,Baylor,71.0,194.0,4.42,40.5,129.0,17.0,,,True,1.0,15.0,,30.25,12.0,3.99,18.4,63.8,14.5,133.1,,11.9,7.7,13.0,26.7,71.9,0.0,93.2,342.0,116.0,74.0
2016,Pharoh Cooper,WR,South Carolina,71.0,203.0,4.52,31.0,115.0,15.0,,,True,4.0,117.0,,32.25,12.0,2.6,14.8,59.5,10.5,93.6,,7.0,7.8,14.0,84.8,11.9,0.0,94.9,376.0,111.0,66.0
2016,Cody Core,WR,Mississippi,75.0,205.0,4.47,31.5,119.0,14.0,,,True,6.0,199.0,,32.0,13.0,2.08,17.4,66.1,12.4,121.5,,5.1,7.4,5.0,13.5,86.5,0.0,95.4,310.0,56.0,37.0
2016,Trevor Davis,WR,California,73.0,188.0,4.42,38.5,124.0,11.0,6.6,4.22,True,5.0,163.0,,31.0,13.0,2.49,16.8,75.5,10.5,121.8,,4.8,9.7,6.0,3.5,96.5,0.0,94.1,269.0,53.0,40.0
2016,Josh Doctson,WR,TCU,74.0,202.0,4.5,41.0,131.0,14.0,6.84,4.08,True,1.0,22.0,,31.88,10.0,4.08,17.0,72.2,15.2,149.2,,7.1,4.0,9.0,5.8,93.9,0.0,93.7,325.0,108.0,78.0
2016,D.J. Foster,WR,Arizona State,70.0,193.0,4.57,35.5,117.0,14.0,6.75,4.07,False,,,,30.5,13.0,1.54,9.7,54.7,7.8,75.4,,13.4,5.7,13.0,49.2,40.5,0.5,96.8,366.0,106.0,58.0
2016,Will Fuller,WR,Notre Dame,72.0,186.0,4.32,33.5,126.0,10.0,6.93,4.27,True,1.0,21.0,,30.75,,,,,,,,,,,,,,,,,
2016,Keyarris Garrett,WR,Tulsa,75.0,220.0,4.53,36.5,128.0,14.0,7.3,4.33,False,,,,34.5,13.0,2.87,16.5,59.6,15.5,99.0,,3.0,4.5,21.0,5.3,94.7,0.0,93.5,551.0,161.0,96.0
2016,Rashard Higgins,WR,Colorado State,73.0,196.0,4.64,32.0,116.0,13.0,,,True,5.0,172.0,,32.25,12.0,3.45,14.2,70.1,12.4,122.9,,3.8,4.7,8.0,14.1,85.3,0.3,94.5,308.0,107.0,75.0
2016,Johnny Holton,WR,Cincinnati,73.0,190.0,4.54,31.5,123.0,8.0,,,False,,,,32.88,8.0,2.88,26.6,56.3,18.6,114.6,,5.3,10.7,4.0,7.3,92.7,0.0,93.3,166.0,32.0,18.0
2016,Cayleb Jones,WR,Arizona,75.0,209.0,4.65,33.5,,9.0,6.99,4.14,False,,,,32.75,13.0,2.04,16.7,57.9,14.6,103.7,,11.3,5.9,9.0,9.5,90.5,0.0,95.6,451.0,95.0,55.0
2016,Kenny Lawler,WR,California,74.0,203.0,4.64,31.0,111.0,,7.13,4.2,True,7.0,243.0,,33.38,13.0,1.67,12.7,59.8,12.1,99.0,,10.3,3.4,3.0,1.2,98.8,0.0,94.7,395.0,87.0,52.0
2016,Roger Lewis,WR,Bowling Green,72.0,201.0,4.57,33.5,116.0,8.0,,,False,,,,32.0,14.0,2.67,18.2,66.9,14.7,141.5,,11.5,7.3,8.0,13.7,86.3,0.0,95.2,578.0,127.0,85.0
2016,Kolby Listenbee,WR,TCU,72.0,197.0,4.39,35.5,129.0,15.0,,,True,6.0,192.0,,31.38,11.0,1.94,19.9,53.6,21.1,98.6,,6.3,3.7,2.0,3.1,96.6,0.0,94.5,307.0,56.0,30.0
2016,Ricardo Louis,WR,Auburn,74.0,215.0,4.43,38.0,132.0,18.0,,,True,4.0,114.0,,32.38,13.0,3.51,15.6,56.8,15.8,93.5,,11.5,4.3,8.0,11.3,88.7,0.0,96.2,204.0,81.0,46.0
2016,Byron Marshall,WR,Oregon,69.0,201.0,4.42,,,17.0,,,False,,,,30.25,4.0,1.3,13.4,69.2,16.8,138.1,,10.0,2.2,1.0,8.5,91.5,0.0,98.9,93.0,13.0,9.0
2016,Jalin Marshall,WR,Ohio State,70.0,200.0,4.6,37.5,125.0,16.0,6.8,4.13,False,,,,31.5,12.0,1.64,13.3,62.1,12.2,109.6,,10.0,6.2,7.0,22.9,77.1,0.0,96.3,290.0,58.0,36.0
2016,Mekale McKay,WR,Cincinnati,76.0,207.0,4.55,35.0,123.0,12.0,7.08,4.63,False,,,,30.62,12.0,1.53,18.8,51.0,15.9,89.5,,13.3,6.7,3.0,7.2,92.8,0.0,93.0,321.0,51.0,26.0
2016,Braxton Miller,WR,Ohio State,73.0,201.0,4.5,35.0,123.0,17.0,6.65,4.07,True,3.0,85.0,,31.75,13.0,1.94,13.2,68.4,11.0,101.0,,3.7,6.2,8.0,88.0,4.4,0.5,96.2,176.0,38.0,26.0
2016,Malcolm Mitchell,WR,Georgia,72.0,198.0,4.45,36.0,129.0,15.0,6.94,4.34,True,4.0,112.0,,32.62,13.0,2.67,14.9,61.7,13.4,96.3,,4.9,4.9,13.0,8.2,91.8,0.0,97.9,324.0,94.0,58.0
2016,Chris Moore,WR,Cincinnati,73.0,206.0,4.53,37.0,130.0,10.0,6.76,4.2,True,4.0,107.0,,33.38,12.0,2.39,20.9,54.2,19.0,109.4,,11.4,5.8,8.0,8.8,91.2,0.0,93.9,341.0,72.0,39.0
2016,Marquez North,WR,Tennessee,74.0,223.0,4.48,35.0,123.0,17.0,6.9,4.13,False,,,,33.38,7.0,0.64,9.7,40.0,7.3,23.8,,0.0,7.8,1.0,7.6,92.4,0.0,97.8,90.0,15.0,6.0
2016,Jordan Payton,WR,UCLA,73.0,207.0,4.47,34.5,121.0,,7.08,4.33,True,5.0,154.0,,32.5,13.0,2.33,14.3,63.4,12.8,92.6,,4.9,5.1,16.0,4.2,95.8,0.0,94.7,478.0,123.0,78.0
2016,Charone Peake,WR,Clemson,74.0,209.0,4.45,35.5,122.0,12.0,6.96,4.46,True,7.0,241.0,,34.0,15.0,1.95,14.5,61.7,12.6,95.9,,9.1,5.4,4.0,4.4,95.6,0.0,95.4,370.0,81.0,50.0
2016,Demarcus Robinson,WR,Florida,73.0,203.0,4.59,34.5,123.0,,6.77,4.19,True,4.0,126.0,,33.0,13.0,1.51,10.9,63.2,10.6,70.2,,9.4,5.7,10.0,15.3,84.7,0.0,96.4,347.0,76.0,48.0
2016,Alonzo Russell,WR,Toledo,76.0,206.0,4.54,29.5,112.0,12.0,7.18,4.33,False,,,,33.88,12.0,1.97,17.3,50.0,14.4,97.2,,14.3,4.7,2.0,17.4,82.6,0.0,96.3,316.0,72.0,36.0
2016,Rashawn Scott,WR,Miami (FL),73.0,199.0,4.54,32.5,116.0,17.0,,,False,,,,31.38,13.0,2.01,13.4,62.7,11.5,99.3,,7.1,4.5,5.0,8.8,91.2,0.0,95.3,346.0,83.0,52.0
2016,Hunter Sharp,WR,Utah State,71.0,198.0,4.58,32.5,116.0,12.0,7.12,4.19,False,,,,31.62,11.0,2.59,11.8,64.0,12.0,102.6,,6.6,5.2,11.0,17.4,79.4,1.2,95.6,324.0,111.0,71.0
2016,Tajae Sharpe,WR,Massachusetts,74.0,194.0,4.55,33.5,114.0,11.0,,,True,5.0,140.0,,32.25,12.0,2.47,11.7,63.3,11.4,83.2,,2.6,2.9,9.0,30.9,68.9,0.2,95.2,530.0,177.0,112.0
2016,Sterling Shepard,WR,Oklahoma,70.0,194.0,4.48,41.0,123.0,20.0,7.0,4.35,True,2.0,40.0,,30.38,13.0,2.88,15.0,72.9,10.4,135.9,,4.4,5.8,12.0,71.0,29.0,0.0,95.5,448.0,118.0,86.0
2016,Nelson Spruce,WR,Colorado,73.0,206.0,4.69,35.0,114.0,12.0,7.09,4.2,False,,,,30.0,13.0,2.1,11.9,70.6,9.9,89.9,,4.3,3.5,10.0,6.3,93.2,0.4,95.6,504.0,126.0,89.0
2016,Michael Thomas,WR,Ohio State,75.0,212.0,4.57,35.0,126.0,18.0,6.8,4.13,True,2.0,47.0,,32.12,13.0,2.54,13.9,67.5,11.0,133.7,,6.7,4.8,13.0,6.3,93.8,0.0,96.3,308.0,83.0,56.0
2016,Laquon Treadwell,WR,Mississippi,74.0,221.0,4.52,33.0,117.0,12.0,,,True,1.0,23.0,,33.38,13.0,2.44,14.0,67.2,11.2,106.9,,9.9,5.4,17.0,7.9,91.9,0.2,95.1,470.0,122.0,82.0
2016,Duke Williams,WR,Auburn,74.0,229.0,4.72,30.0,121.0,14.0,7.43,4.47,False,,,,,,,,,,,,,,,,,,,,,
2016,De'Runnya Wilson,WR,Mississippi State,77.0,224.0,4.85,28.0,113.0,,,,False,,,,33.88,13.0,2.3,15.0,61.2,12.2,117.0,,7.7,4.7,2.0,23.8,76.2,0.0,97.3,393.0,98.0,60.0
2017,Rodney Adams,WR,South Florida,73.0,189.0,4.44,29.5,125.0,8.0,6.98,4.28,True,5.0,170.0,6.02,32.0,13.0,2.56,11.9,71.4,7.0,101.2,,4.1,9.8,23.0,81.2,18.8,0.0,96.7,324.0,98.0,70.0
2017,Quincy Adeboyejo,WR,Mississippi,75.0,197.0,4.42,34.5,123.0,8.0,6.73,4.14,False,,,8.91,31.75,12.0,1.14,13.0,49.3,12.9,57.0,,12.5,3.3,2.0,6.7,93.3,0.0,95.7,401.0,71.0,35.0
2017,Kendrick Bourne,WR,East. Washington,73.0,203.0,4.68,34.0,125.0,9.0,6.73,4.21,False,,,,32.5,,,,,,,,,,,,,,,,,
2017,Noah Brown,WR,Ohio State,74.0,222.0,,,,19.0,7.07,4.33,True,7.0,239.0,6.88,31.75,13.0,1.66,12.6,65.3,12.6,130.3,,8.6,3.1,8.0,13.2,86.4,0.4,93.8,242.0,49.0,32.0
2017,K.D. Cannon,WR,Baylor,71.0,182.0,4.41,37.0,119.0,13.0,,,False,,,,30.75,12.0,2.72,14.0,62.6,13.4,103.9,,7.4,5.3,12.0,15.3,84.7,0.0,94.9,448.0,139.0,87.0
2017,Jehu Chesson,WR,Michigan,75.0,204.0,4.47,35.5,132.0,10.0,6.7,4.09,True,4.0,139.0,7.94,33.25,13.0,1.77,14.3,56.5,13.9,73.3,,5.4,3.2,1.0,25.8,72.2,1.4,97.3,283.0,62.0,35.0
2017,Stacy Coley,WR,Miami (FL),73.0,195.0,4.45,34.0,122.0,10.0,,,True,7.0,219.0,4.46,32.25,13.0,1.96,12.0,62.4,12.5,102.5,,7.4,5.2,9.0,44.5,55.5,0.0,96.0,384.0,101.0,63.0
2017,Amara Darboh,WR,Michigan,74.0,214.0,4.45,36.0,124.0,17.0,,,True,3.0,106.0,9.6,32.62,13.0,2.45,15.1,56.4,14.9,103.7,,9.5,5.5,7.0,9.1,90.9,0.0,97.0,352.0,101.0,57.0
2017,Corey Davis,WR,West. Michigan,75.0,209.0,,,,,,,True,1.0,5.0,,33.0,14.0,3.57,15.4,72.1,11.2,141.9,,10.1,7.2,16.0,28.3,71.7,0.0,95.9,424.0,136.0,98.0
2017,Robert Davis,WR,Georgia State,75.0,219.0,4.44,41.0,136.0,19.0,6.82,4.28,True,6.0,209.0,9.79,33.0,12.0,2.39,14.4,54.9,13.0,87.7,,4.3,6.0,10.0,11.5,88.5,0.0,96.7,405.0,122.0,67.0
2017,Malachi Dupre,WR,LSU,74.0,196.0,4.52,39.5,135.0,11.0,7.19,4.26,True,7.0,247.0,7.2,31.5,12.0,2.56,14.5,63.1,14.2,88.8,,6.8,4.0,3.0,67.5,31.3,1.2,95.5,232.0,65.0,41.0
2017,Travin Dural,WR,LSU,73.0,202.0,4.57,30.5,116.0,,7.29,4.55,False,,,1.57,32.12,11.0,1.18,10.0,54.9,14.3,77.2,,0.0,2.7,6.0,12.3,86.9,0.0,97.1,237.0,51.0,28.0
2017,Amba Etta-Tawo,WR,Syracuse,73.0,208.0,4.49,31.0,126.0,14.0,6.95,4.32,False,,,6.77,32.0,12.0,2.49,15.7,65.7,12.6,115.1,,6.0,6.9,12.0,17.1,82.9,0.0,95.2,594.0,143.0,94.0
2017,Isaiah Ford,WR,Virginia Tech,73.0,194.0,4.61,35.5,127.0,14.0,6.94,4.34,True,7.0,237.0,5.05,32.62,14.0,2.25,13.8,57.7,13.7,97.4,,8.1,4.1,6.0,1.8,98.2,0.0,96.0,486.0,137.0,79.0
2017,Shelton Gibson,WR,West Virginia,71.0,191.0,4.5,32.0,118.0,8.0,6.83,4.2,True,5.0,166.0,3.98,32.0,13.0,2.58,22.1,59.7,19.2,135.2,,8.5,4.8,10.0,7.2,92.8,0.0,94.6,369.0,72.0,43.0
2017,Chris Godwin,WR,Penn State,73.0,209.0,4.42,36.0,126.0,19.0,7.01,4.0,True,3.0,84.0,9.66,,14.0,2.31,16.6,64.1,15.5,135.1,,7.8,4.5,9.0,1.6,98.4,0.0,95.5,425.0,92.0,59.0
2017,Kenny Golladay,WR,Northern Illinois,76.0,218.0,4.5,35.5,120.0,18.0,7.0,4.15,True,3.0,96.0,8.94,32.0,12.0,2.93,13.3,61.7,13.3,103.6,,4.4,3.5,8.0,7.1,92.4,0.0,96.3,394.0,141.0,87.0
2017,Chad Hansen,WR,California,74.0,202.0,4.53,35.0,119.0,11.0,6.74,4.13,True,4.0,141.0,7.39,32.12,10.0,3.13,13.6,63.9,11.6,111.1,,4.2,4.8,7.0,2.6,97.0,0.0,93.4,399.0,144.0,92.0
2017,Keon Hatcher,WR,Arkansas,73.0,212.0,4.64,,,16.0,,,False,,,4.54,32.0,12.0,2.56,16.9,65.7,13.4,130.2,,2.2,5.9,7.0,15.5,83.2,0.3,93.5,290.0,67.0,44.0
2017,Carlos Henderson,WR,Louisiana Tech,71.0,199.0,4.46,36.0,131.0,13.0,7.18,4.35,True,3.0,82.0,5.75,31.38,13.0,3.55,18.7,59.9,15.2,116.8,,4.7,9.6,48.0,4.7,95.0,0.0,97.1,431.0,137.0,82.0
2017,Mack Hollins,WR,North Carolina,76.0,221.0,4.53,,,,,,True,4.0,118.0,,33.25,7.0,2.13,19.3,51.6,18.0,112.8,,5.9,3.3,0.0,5.1,91.7,3.2,92.4,145.0,31.0,16.0
2017,Bug Howard,WR,North Carolina,76.0,221.0,4.58,37.5,119.0,,6.95,4.14,False,,,8.33,33.12,13.0,2.02,15.6,65.4,15.1,126.9,,5.4,3.6,2.0,6.3,93.7,0.0,94.9,409.0,81.0,53.0
2017,Zay Jones,WR,East Carolina,74.0,201.0,4.45,36.5,133.0,15.0,6.79,4.01,True,2.0,37.0,9.71,32.5,12.0,2.96,11.0,73.1,8.5,99.4,,3.7,5.0,24.0,30.8,68.7,0.5,95.5,589.0,216.0,158.0
2017,Victor Bolden Jr.,WR,Oregon State,68.0,178.0,4.54,32.0,117.0,9.0,6.83,4.22,False,,,2.69,31.12,12.0,1.48,11.6,52.8,11.3,60.4,,13.0,5.5,9.0,86.4,11.5,0.0,94.4,368.0,89.0,47.0
2017,Greg Ward Jr.,WR,Houston,71.0,186.0,,,,10.0,,,False,,,3.02,31.12,,,,,,,,,,,,,,,,,
2017,Cooper Kupp,WR,East. Washington,74.0,204.0,4.62,31.0,116.0,,6.75,4.08,True,3.0,69.0,,31.5,,,,,,,,,,,,,,,,,
2017,Jerome Lane,WR,Akron,74.0,226.0,4.6,35.0,125.0,16.0,6.87,4.12,False,,,8.34,31.5,12.0,2.47,16.4,60.2,15.2,88.5,,6.1,5.2,7.0,2.0,97.8,0.2,92.2,411.0,103.0,62.0
2017,Keevan Lucas,WR,Tulsa,69.0,192.0,4.55,32.5,119.0,11.0,7.23,4.43,False,,,1.82,31.88,13.0,2.54,14.4,59.9,13.5,106.2,,12.8,4.4,12.0,96.5,3.1,0.2,94.9,466.0,137.0,82.0
2017,Josh Malone,WR,Tennessee,75.0,208.0,4.4,30.5,121.0,10.0,7.05,4.19,True,4.0,128.0,7.03,31.38,13.0,2.44,19.4,67.6,15.9,144.4,,5.7,5.8,7.0,10.7,89.3,0.0,97.1,399.0,74.0,50.0
2017,Gabe Marks,WR,Washington State,71.0,189.0,4.56,29.5,117.0,11.0,7.01,4.2,False,,,2.35,30.38,13.0,1.67,10.0,68.5,10.7,117.9,,4.3,3.6,4.0,12.3,86.9,0.0,94.4,535.0,130.0,89.0
2017,Isaiah McKenzie,WR,Georgia,67.0,173.0,4.42,36.0,123.0,11.0,6.64,4.15,True,5.0,172.0,6.36,28.88,13.0,2.89,14.4,67.7,9.1,128.6,,13.7,9.8,11.0,91.7,7.8,0.0,95.2,219.0,65.0,44.0
2017,Drew Morgan,WR,Arkansas,72.0,190.0,4.74,30.0,112.0,10.0,6.85,4.12,False,,,1.7,30.38,13.0,2.23,11.3,68.0,9.2,88.3,,2.9,5.7,12.0,34.7,64.1,0.3,93.8,335.0,97.0,66.0
2017,Speedy Noil,WR,Texas A&M,71.0,199.0,,43.5,133.0,18.0,,,False,,,,30.0,10.0,1.24,15.5,43.8,13.1,72.0,,12.5,7.2,6.0,9.2,90.8,0.0,96.3,262.0,48.0,21.0
2017,Zach Pascal,WR,Old Dominion,74.0,219.0,4.55,36.0,126.0,14.0,7.11,4.29,False,,,8.16,32.0,13.0,2.7,14.6,64.4,13.8,120.3,,5.8,4.2,6.0,49.5,47.8,0.3,94.1,350.0,101.0,65.0
2017,James Quick,WR,Louisville,72.0,186.0,4.6,31.0,115.0,11.0,7.0,4.39,False,,,1.68,30.75,13.0,2.3,17.1,66.2,16.1,121.5,,15.1,5.0,3.0,43.1,56.4,0.6,96.5,334.0,68.0,45.0
2017,Michael Rector,WR,Stanford,72.0,193.0,4.42,36.5,129.0,,6.77,4.19,False,,,9.28,32.5,13.0,1.29,11.5,54.2,18.3,69.0,,8.6,2.1,0.0,16.6,83.4,0.0,94.7,285.0,59.0,32.0
2017,Josh Reynolds,WR,Texas A&M,75.0,194.0,4.52,37.0,124.0,,6.83,4.13,True,4.0,117.0,9.1,31.5,13.0,2.33,17.0,64.9,14.7,124.1,,9.0,4.9,4.0,3.6,96.4,0.0,95.5,445.0,94.0,61.0
2017,Jalen Robinette,WR,Air Force,75.0,220.0,4.62,31.5,120.0,13.0,6.77,4.46,False,,,4.52,32.38,,,,,,,,,,,,,,,,,
2017,Darreus Rogers,WR,USC,73.0,216.0,,26.5,112.0,8.0,7.22,4.54,False,,,0.35,32.0,13.0,1.54,12.4,71.8,11.2,110.8,,3.4,4.4,11.0,9.1,90.2,0.2,96.2,453.0,78.0,56.0
2017,Fred Ross,WR,Mississippi State,73.0,213.0,4.51,35.0,113.0,10.0,6.99,4.28,False,,,5.95,31.25,13.0,2.33,12.7,61.5,10.7,109.5,,8.9,4.8,4.0,52.5,47.3,0.0,93.6,394.0,117.0,72.0
2017,John Ross,WR,Washington,71.0,188.0,4.22,37.0,133.0,,,,True,1.0,9.0,9.5,31.5,14.0,3.05,14.1,65.9,12.2,131.7,,4.7,4.8,18.0,10.5,89.3,0.3,95.4,374.0,123.0,81.0
2017,Travis Rudolph,WR,Florida State,72.0,189.0,4.65,31.5,114.0,12.0,6.93,4.46,False,,,1.54,31.88,13.0,1.87,15.0,56.0,12.5,98.8,,6.7,4.7,13.0,36.1,63.3,0.4,94.1,449.0,100.0,56.0
2017,Curtis Samuel,WR,Ohio State,71.0,196.0,4.31,37.0,119.0,18.0,7.09,4.33,True,2.0,40.0,7.45,31.25,,,,,,,,,,,,,,,,,
2017,Artavis Scott,WR,Clemson,70.0,193.0,4.61,31.0,116.0,13.0,7.19,4.49,False,,,1.01,31.38,15.0,1.44,8.1,79.2,4.4,106.5,,6.2,7.0,18.0,34.8,65.0,0.0,94.7,430.0,96.0,76.0
2017,Ricky Seals-Jones,WR,Texas A&M,77.0,243.0,4.69,28.0,121.0,17.0,7.46,4.33,False,,,3.34,33.12,11.0,0.98,12.8,49.1,10.0,67.6,,10.3,5.7,6.0,86.9,1.9,10.3,94.7,340.0,53.0,26.0
2017,JuJu Smith-Schuster,WR,USC,73.0,215.0,4.54,32.5,120.0,15.0,,,True,2.0,62.0,7.33,32.88,13.0,2.14,13.1,66.7,11.2,117.7,,5.4,5.5,9.0,14.7,84.0,0.2,96.6,428.0,105.0,70.0
2017,Jamari Staples,WR,Louisville,75.0,195.0,4.51,36.0,130.0,,,,False,,,7.55,33.5,12.0,1.62,17.1,50.0,16.0,82.8,,12.2,5.6,5.0,6.3,93.7,0.0,95.5,380.0,72.0,36.0
2017,ArDarius Stewart,WR,Alabama,71.0,204.0,4.49,34.0,124.0,,,,True,3.0,79.0,5.89,32.5,12.0,2.6,15.6,70.1,9.3,113.8,,6.9,10.5,18.0,21.9,73.7,2.0,95.0,325.0,77.0,54.0
2017,Ryan Switzer,WR,North Carolina,68.0,181.0,4.51,32.0,116.0,11.0,6.77,4.0,True,4.0,133.0,4.83,28.0,13.0,2.76,11.5,77.0,8.1,115.6,,3.0,5.7,9.0,86.9,12.4,0.0,94.6,404.0,126.0,97.0
2017,Taywan Taylor,WR,Western Kentucky,71.0,203.0,4.5,33.5,132.0,13.0,6.57,4.21,True,3.0,72.0,8.7,32.62,14.0,3.91,17.7,67.1,14.4,134.8,,7.5,6.8,12.0,16.6,81.3,0.0,96.3,442.0,146.0,98.0
2017,Trent Taylor,WR,Louisiana Tech,68.0,181.0,4.63,33.0,117.0,13.0,6.74,4.01,True,5.0,177.0,4.0,28.75,14.0,3.27,13.3,80.1,7.1,129.4,,2.8,7.7,17.0,95.1,4.5,0.0,97.0,556.0,171.0,137.0
2017,Noel Thomas,WR,Connecticut,72.0,205.0,4.63,32.5,118.0,9.0,,,False,,,2.53,30.0,12.0,2.54,11.8,61.3,10.7,74.1,,6.5,5.4,16.0,67.7,31.7,0.0,96.1,464.0,163.0,100.0
2017,Dede Westbrook,WR,Oklahoma,72.0,178.0,,,,,,,True,4.0,110.0,4.84,30.62,13.0,4.07,19.0,76.9,11.4,149.8,,4.8,9.7,20.0,13.9,85.6,0.3,94.2,373.0,104.0,80.0
2017,Kermit Whitfield,WR,Florida State,68.0,185.0,4.44,32.5,120.0,8.0,7.17,4.37,False,,,2.91,30.0,13.0,1.48,11.6,68.0,8.9,90.0,,10.5,6.1,4.0,80.2,19.4,0.0,96.0,267.0,50.0,34.0
2017,Mike Williams,WR,Clemson,76.0,218.0,,32.5,121.0,15.0,,,True,1.0,7.0,7.24,,15.0,3.34,13.8,69.5,12.7,111.3,,5.8,4.0,22.0,5.6,94.4,0.0,94.2,406.0,141.0,98.0
2017,Jesus Wilson,WR,Florida State,69.0,189.0,4.57,,119.0,10.0,,4.57,False,,,,,,,,,,,,,,,,,,,,,
2018,Dante Pettis,WR,Washington,72.0,186.0,,,,,,,True,2.0,44.0,,32.25,13.0,2.57,12.2,63.3,11.3,102.3,47.4,4.6,4.5,6.0,15.4,84.0,0.3,94.6,295.0,98.0,62.0
2018,Marcell Ateman,WR,Oklahoma State,76.0,216.0,4.62,34.0,121.0,13.0,7.07,4.25,True,7.0,228.0,5.18,32.88,13.0,3.52,19.3,66.7,15.6,134.7,55.2,4.8,5.6,5.0,2.8,97.2,0.0,92.4,330.0,90.0,60.0
2018,Braxton Berrios,WR,Miami (FL),69.0,184.0,,,,11.0,,,True,6.0,210.0,5.68,28.0,13.0,1.69,12.4,65.5,10.9,121.1,70.0,6.8,4.7,8.0,97.1,2.9,0.0,95.7,403.0,84.0,55.0
2018,Equanimeous St. brown,WR,Notre Dame,77.0,214.0,4.48,,,20.0,,,True,6.0,207.0,9.85,33.0,13.0,1.7,15.6,46.5,15.0,66.3,37.5,8.3,4.6,5.0,21.3,78.4,0.3,95.0,303.0,71.0,33.0
2018,Deontay Burnett,WR,USC,72.0,186.0,,,,,,,False,,,,31.5,14.0,2.38,12.9,66.2,10.5,102.9,50.0,3.4,5.8,14.0,84.1,12.7,1.9,96.9,464.0,130.0,86.0
2018,Deon Cain,WR,Clemson,74.0,202.0,4.43,33.5,115.0,11.0,6.71,4.37,True,6.0,185.0,6.47,33.0,14.0,2.07,12.7,64.4,13.1,102.7,40.0,7.9,3.7,9.0,3.5,96.5,0.0,95.7,354.0,90.0,58.0
2018,Antonio Callaway,WR,Florida,71.0,200.0,4.41,34.0,121.0,,,,True,4.0,105.0,6.2,31.5,,,,,,,,,,,,,,,,,
2018,Dylan Cantrell,WR,Texas Tech,75.0,226.0,4.59,38.5,130.0,18.0,6.56,4.03,True,6.0,191.0,9.86,31.38,13.0,1.49,11.5,63.4,9.8,94.9,44.4,4.1,4.8,12.0,17.0,80.7,1.9,94.8,546.0,112.0,71.0
2018,D.J. Chark,WR,LSU,75.0,199.0,4.34,40.0,129.0,16.0,,,True,2.0,61.0,9.94,32.38,13.0,2.92,21.8,58.0,20.3,104.9,66.7,4.8,4.3,2.0,27.9,70.5,0.0,95.8,299.0,69.0,40.0
2018,Simmie Cobbs,WR,Indiana,75.0,220.0,4.64,30.0,113.0,11.0,6.7,4.32,False,,,4.68,32.0,12.0,1.53,11.6,60.0,11.2,92.9,42.1,11.1,2.7,13.0,9.9,90.1,0.0,93.5,546.0,120.0,72.0
2018,Keke Coutee,WR,Texas Tech,70.0,181.0,4.43,34.5,113.0,14.0,6.93,4.15,True,4.0,103.0,5.64,29.88,13.0,3.09,15.4,76.9,8.3,139.4,20.0,7.9,8.3,19.0,94.0,5.3,0.0,95.1,462.0,121.0,93.0
2018,Robert Foster,WR,Alabama,74.0,196.0,4.41,31.0,116.0,,6.9,4.2,False,,,6.6,32.12,14.0,0.75,12.3,53.8,12.3,87.3,60.0,17.6,10.4,3.0,2.5,97.5,0.0,95.4,229.0,26.0,14.0
2018,Michael Gallup,WR,Colorado State,73.0,205.0,4.51,36.0,122.0,10.0,6.95,4.37,True,3.0,81.0,5.87,31.5,13.0,3.18,14.1,61.3,12.0,101.1,54.3,7.4,6.6,20.0,10.6,89.4,0.0,94.1,444.0,163.0,100.0
2018,Davon Grayson,WR,East Carolina,73.0,199.0,4.51,34.5,124.0,19.0,,,False,,,6.88,31.38,11.0,2.24,15.0,65.6,14.0,106.1,50.0,9.2,5.2,11.0,5.4,94.4,0.0,92.5,396.0,90.0,59.0
2018,Daesean Hamilton,WR,Penn State,73.0,203.0,,34.5,118.0,,6.84,4.15,True,4.0,113.0,8.09,31.0,13.0,2.02,16.3,64.6,10.8,126.3,61.1,7.0,6.3,14.0,98.4,1.6,0.0,97.1,428.0,82.0,53.0
2018,Quadree Henderson,WR,Pittsburgh,68.0,192.0,4.5,32.5,120.0,12.0,6.89,4.28,False,,,5.03,29.5,12.0,1.79,10.9,73.9,4.7,61.1,,5.6,10.2,0.0,72.6,17.9,4.7,98.1,104.0,23.0,17.0
2018,Darren Carrington II,WR,Utah,74.0,199.0,,36.0,120.0,,,,False,,,,32.75,12.0,2.51,14.0,70.7,11.7,109.8,40.0,4.1,5.0,6.0,42.7,57.3,0.0,91.1,391.0,99.0,70.0
2018,Richie James,WR,Middle Tennessee State,70.0,183.0,4.48,35.5,122.0,6.0,6.87,4.16,True,7.0,240.0,5.99,31.25,5.0,1.93,9.4,55.4,8.7,80.2,55.6,13.9,4.5,1.0,88.2,7.5,0.0,93.2,150.0,56.0,31.0
2018,Christian Kirk,WR,Texas A&M,70.0,201.0,4.47,35.5,115.0,20.0,7.09,4.45,True,2.0,47.0,6.23,30.38,13.0,2.3,12.9,63.4,10.2,111.4,42.9,7.8,5.4,8.0,93.8,2.8,0.7,94.8,400.0,112.0,71.0
2018,Chris Lacy,WR,Oklahoma State,75.0,205.0,4.51,33.5,120.0,11.0,,,False,,,5.08,31.25,12.0,1.45,13.2,50.0,14.5,60.8,25.0,13.0,3.2,2.0,3.7,96.3,0.0,96.3,182.0,40.0,20.0
2018,Jordan Lasley,WR,UCLA,73.0,203.0,4.5,34.5,112.0,8.0,,4.19,True,5.0,162.0,4.47,32.75,9.0,3.15,18.3,66.3,12.8,124.8,54.2,15.9,7.3,13.0,10.6,89.2,0.2,96.2,401.0,104.0,69.0
2018,Allen Lazard,WR,Iowa State,77.0,227.0,4.55,38.0,122.0,17.0,,,False,,,8.56,32.25,13.0,1.99,13.3,56.3,12.0,103.3,39.5,9.0,3.7,3.0,14.9,85.1,0.0,95.2,472.0,126.0,71.0
2018,Tavares Martin,WR,Washington State,73.0,177.0,4.8,31.5,,,,,False,,,0.24,32.12,11.0,1.91,11.9,66.7,9.9,99.3,44.4,4.1,6.0,15.0,0.2,99.6,0.0,96.5,436.0,105.0,70.0
2018,Ray-ray McCloud,WR,Clemson,69.0,190.0,4.53,34.5,113.0,13.0,,,True,6.0,187.0,3.71,30.25,14.0,1.44,9.8,75.8,6.1,101.2,41.2,0.0,5.9,8.0,15.1,83.0,0.0,95.3,341.0,66.0,50.0
2018,Anthony Miller,WR,Memphis,71.0,201.0,,,,22.0,,,True,2.0,51.0,9.27,31.62,13.0,3.47,15.2,64.0,11.7,130.0,41.7,11.1,7.4,19.0,37.1,61.2,1.3,94.0,421.0,150.0,96.0
2018,Steven Mitchell,WR,USC,70.0,189.0,4.56,32.5,121.0,13.0,6.75,4.4,False,,,3.93,30.38,12.0,2.16,15.7,60.3,14.6,105.3,6.7,10.9,5.8,7.0,14.5,84.8,0.0,96.1,298.0,68.0,41.0
2018,Jmon Moore,WR,Missouri,75.0,207.0,4.6,38.0,120.0,21.0,6.56,4.04,False,,,8.43,32.88,13.0,2.85,16.6,67.0,12.4,121.6,57.9,11.0,6.5,14.0,1.5,98.5,0.0,94.1,380.0,97.0,65.0
2018,D.J. Moore,WR,Maryland,72.0,210.0,4.42,39.5,132.0,15.0,6.95,4.07,True,1.0,24.0,9.65,,12.0,2.83,12.9,60.6,11.3,95.9,40.7,8.0,5.9,20.0,19.4,78.8,0.5,93.4,365.0,132.0,80.0
2018,Cam Phillips,WR,Virginia Tech,72.0,201.0,,,,,,,False,,,1.68,30.5,12.0,2.98,13.6,65.1,11.6,107.0,34.8,2.7,4.8,10.0,17.9,81.8,0.3,95.3,324.0,109.0,71.0
2018,Byron Pringle,WR,Kansas State,73.0,203.0,4.46,33.5,120.0,15.0,6.87,4.4,False,,,7.28,32.0,12.0,2.76,22.6,50.8,18.1,97.8,42.9,18.4,4.6,2.0,4.7,95.3,0.0,91.0,254.0,61.0,31.0
2018,Trey Quinn,WR,SMU,71.0,203.0,4.55,33.5,116.0,17.0,6.91,4.19,True,7.0,256.0,,30.75,13.0,2.62,10.8,74.0,8.2,114.5,57.1,1.7,4.8,13.0,34.0,65.4,0.0,95.0,472.0,154.0,114.0
2018,Calvin Ridley,WR,Alabama,72.0,189.0,4.43,31.0,110.0,15.0,6.88,4.41,True,1.0,26.0,5.12,31.62,14.0,2.78,15.3,64.9,11.7,106.3,18.8,10.0,6.3,2.0,23.4,74.9,0.0,95.9,348.0,97.0,63.0
2018,Korey Robertson,WR,Southern Miss,73.0,212.0,4.56,34.0,123.0,13.0,,,False,,,,32.88,13.0,2.55,14.4,65.0,11.1,122.3,54.3,9.5,5.1,20.0,2.9,97.1,0.0,95.4,431.0,117.0,76.0
2018,Jaleel Scott,WR,New Mexico State,77.0,218.0,4.56,34.5,124.0,16.0,7.2,4.4,True,4.0,132.0,7.6,33.5,13.0,1.86,14.2,62.3,14.2,105.2,51.4,7.3,2.6,2.0,12.4,87.6,0.0,96.8,579.0,122.0,76.0
2018,Trequan Smith,WR,Central Florida,74.0,203.0,4.49,37.5,130.0,12.0,6.97,4.5,False,,,6.85,33.38,13.0,2.81,19.8,71.1,15.2,142.9,54.5,9.2,5.8,12.0,21.1,78.9,0.0,95.9,417.0,83.0,59.0
2018,Courtland Sutton,WR,SMU,75.0,218.0,4.54,35.5,124.0,18.0,6.57,4.11,True,2.0,40.0,,32.38,13.0,2.21,16.0,53.5,14.6,100.7,46.4,6.8,5.3,13.0,16.6,83.4,0.0,95.5,490.0,127.0,68.0
2018,Auden Tate,WR,Florida State,77.0,228.0,4.68,31.0,112.0,,,,True,7.0,253.0,1.82,33.75,12.0,1.79,13.7,59.7,13.4,94.4,66.7,4.8,3.1,4.0,11.5,88.2,0.3,95.3,306.0,67.0,40.0
2018,Marquez Valdes-Scantling,WR,South Florida,76.0,206.0,4.37,30.5,124.0,15.0,,,True,5.0,174.0,9.26,32.25,12.0,2.31,16.5,57.0,15.8,105.8,45.0,14.5,6.1,7.0,24.8,74.9,0.3,95.9,379.0,93.0,53.0
2018,James Washington,WR,Oklahoma State,71.0,213.0,4.54,34.5,120.0,14.0,7.11,4.32,True,2.0,60.0,5.55,32.38,13.0,3.48,20.9,61.7,18.9,131.3,48.0,6.3,5.5,7.0,8.1,91.7,0.0,94.5,444.0,120.0,74.0
2018,Jester Weah,WR,Pittsburgh,74.0,211.0,4.43,38.0,129.0,15.0,7.24,4.41,False,,,7.76,31.12,12.0,1.91,17.0,51.3,17.5,87.4,28.0,14.6,5.1,6.0,8.5,91.5,0.0,97.3,365.0,80.0,41.0
2018,Karaun White,WR,West Virginia,73.0,206.0,4.52,33.5,118.0,24.0,7.16,4.57,False,,,5.76,32.25,13.0,2.03,16.5,57.5,15.9,107.6,41.0,12.9,4.3,6.0,2.1,97.5,0.4,94.5,495.0,106.0,61.0
2018,Jake Wieneke,WR,South Dakota State,76.0,221.0,4.67,34.0,114.0,9.0,7.24,4.37,False,,,2.51,33.0,,,,,,,,,,,,,,,,,
2018,Cedrick Wilson,WR,Boise State,74.0,197.0,4.55,37.0,121.0,9.0,6.89,4.23,True,6.0,208.0,,,14.0,3.45,18.2,63.8,14.0,118.5,68.4,6.7,7.0,10.0,15.2,84.2,0.4,94.8,438.0,130.0,83.0
2018,Javon Wims,WR,Georgia,75.0,215.0,4.53,33.5,113.0,,7.0,,True,7.0,224.0,5.44,31.5,15.0,2.57,15.7,62.2,13.7,114.9,44.0,13.2,3.5,10.0,17.2,82.8,0.0,94.9,282.0,74.0,46.0
2019,J.J. Arcega-Whiteside,WR,Stanford,74.0,225.0,,,,,,,True,2.0,57.0,6.14,33.25,12.0,3.03,16.8,67.0,14.9,135.6,62.9,6.0,4.0,7.0,12.9,87.1,0.0,92.3,350.0,94.0,63.0
2019,Miles Boykin,WR,Notre Dame,76.0,220.0,4.42,43.5,140.0,12.0,6.77,4.07,True,3.0,93.0,9.94,33.5,13.0,1.99,14.7,60.2,15.1,103.6,41.7,4.8,3.5,1.0,14.8,85.2,0.0,95.8,435.0,98.0,59.0
2019,Tyre Brady,WR,Marshall,75.0,211.0,,32.0,117.0,12.0,,4.25,False,,,2.75,33.62,13.0,2.18,14.0,49.7,13.1,78.8,36.0,11.3,4.4,6.0,12.4,87.6,0.0,95.8,455.0,143.0,71.0
2019,A.J. Brown,WR,Mississippi,72.0,226.0,4.49,36.5,120.0,19.0,,,True,2.0,51.0,8.59,32.88,12.0,3.01,15.6,73.0,11.2,113.2,40.0,5.6,7.1,17.0,58.6,40.4,0.0,95.2,434.0,115.0,84.0
2019,Marquise Brown,WR,Oklahoma,69.0,166.0,,,,,,,True,1.0,25.0,,30.5,14.0,3.56,17.6,72.8,12.7,135.1,33.3,8.5,8.5,18.0,23.0,75.2,0.0,95.6,370.0,103.0,75.0
2019,Emmanuel Butler,WR,Northern Arizona,75.0,217.0,,36.0,115.0,11.0,,4.22,False,,,3.75,33.0,,,,,,,,,,,,,,,,,
2019,Hakeem Butler,WR,Iowa State,77.0,227.0,4.48,36.0,128.0,18.0,,,True,4.0,103.0,9.47,35.25,13.0,3.27,22.0,57.7,16.5,119.1,56.7,15.5,6.9,15.0,27.4,72.6,0.0,93.7,403.0,104.0,60.0
2019,Parris Campbell,WR,Ohio State,72.0,205.0,4.31,40.0,135.0,11.0,,4.03,True,2.0,59.0,9.76,32.25,14.0,3.47,11.8,82.0,4.7,139.2,71.4,5.2,8.9,15.0,87.3,11.5,0.9,93.6,309.0,111.0,91.0
2019,Jamal Custis,WR,Syracuse,76.0,214.0,4.5,34.5,124.0,,,,False,,,6.47,33.88,13.0,1.72,18.1,56.8,15.6,105.5,34.8,3.8,4.3,4.0,17.2,82.8,0.0,92.1,525.0,88.0,50.0
2019,Felton Davis,WR,Michigan State,75.0,211.0,,,,21.0,,,False,,,,32.75,7.0,1.91,15.3,52.5,11.9,94.9,53.8,11.4,3.9,6.0,11.8,88.2,0.0,94.3,248.0,59.0,31.0
2019,Ryan Davis,WR,Auburn,70.0,189.0,,35.0,124.0,12.0,7.09,4.23,False,,,3.17,30.88,13.0,1.71,7.9,82.1,1.7,87.8,16.7,4.2,7.0,13.0,46.2,50.5,0.0,96.1,320.0,84.0,69.0
2019,Johnnie Dixon,WR,Ohio State,70.0,201.0,4.41,37.5,120.0,16.0,,4.43,False,,,6.22,30.25,14.0,2.0,15.9,66.7,13.8,128.2,14.3,6.7,3.7,3.0,10.9,88.8,0.3,93.3,334.0,63.0,42.0
2019,Greg Dortch,WR,Wake Forest,67.0,173.0,,,,,,,False,,,3.07,29.25,12.0,2.67,12.1,70.6,8.2,101.2,36.8,4.3,5.4,12.0,87.2,12.8,0.0,95.5,404.0,126.0,89.0
2019,Keelan Doss,WR,UC Davis,74.0,211.0,,,,8.0,,,False,,,,31.75,,,,,,,,,,,,,,,,,
2019,Ashton Dulin,WR,Malone University (Ohio),73.0,215.0,4.43,38.0,121.0,13.0,7.0,4.22,False,,,,33.38,,,,,,,,,,,,,,,,,
2019,Jovon Durante,WR,Florida Atlantic,71.0,160.0,4.55,31.5,120.0,,7.0,4.31,False,,,2.03,31.12,12.0,2.57,13.3,68.4,11.2,92.8,36.4,8.2,7.6,9.0,12.8,86.1,0.5,95.1,348.0,98.0,67.0
2019,Jazz Ferguson,WR,Northwestern St. (LA),77.0,227.0,4.45,37.0,123.0,8.0,7.25,4.59,False,,,,34.25,,,,,,,,,,,,,,,,,
2019,Travis Fulgham,WR,Old Dominion,74.0,215.0,4.58,36.5,126.0,15.0,,,True,6.0,184.0,8.01,33.75,12.0,2.2,17.2,58.9,15.6,101.9,57.7,7.4,3.3,4.0,11.2,88.8,0.0,94.8,492.0,107.0,63.0
2019,Terry Godwin,WR,Georgia,71.0,184.0,4.55,36.5,117.0,,6.96,,True,7.0,237.0,5.26,30.0,13.0,2.26,17.0,64.7,13.6,118.9,42.9,4.3,6.2,3.0,52.7,46.7,0.6,97.6,165.0,34.0,22.0
2019,Emanuel Hall,WR,Missouri,74.0,201.0,4.39,43.5,141.0,15.0,,,False,,,9.88,33.25,9.0,4.14,22.4,63.8,20.3,141.8,27.3,9.8,6.3,6.0,5.6,94.4,0.0,93.0,200.0,58.0,37.0
2019,Mecole Hardman,WR,Georgia,70.0,187.0,4.33,36.5,119.0,17.0,,,True,2.0,56.0,8.3,30.25,14.0,2.41,15.5,62.5,11.8,126.7,0.0,10.3,8.3,4.0,85.8,13.3,0.4,96.6,225.0,56.0,35.0
2019,Kelvin Harmon,WR,North Carolina State,74.0,221.0,4.6,32.5,117.0,18.0,7.15,4.32,True,6.0,206.0,4.88,32.5,12.0,2.83,14.6,69.2,15.1,118.4,56.7,4.7,3.1,5.0,3.6,96.4,0.0,95.4,419.0,117.0,81.0
2019,N'Keal Harry,WR,Arizona State,74.0,228.0,4.53,38.5,122.0,27.0,,,True,1.0,32.0,8.44,33.0,12.0,2.71,14.9,64.6,10.4,118.9,51.4,6.4,7.1,17.0,32.1,66.5,0.7,94.8,402.0,113.0,73.0
2019,Lil'Jordan Humphrey,WR,Texas,76.0,210.0,4.75,33.5,119.0,13.0,7.09,4.29,False,,,3.43,32.75,14.0,2.51,13.7,71.7,9.2,113.8,66.7,6.5,6.9,28.0,91.1,8.5,0.0,94.7,469.0,120.0,86.0
2019,Jalen Hurd,WR,Baylor,77.0,226.0,,,,23.0,,,True,3.0,67.0,8.21,32.0,12.0,2.1,13.7,65.1,10.6,94.3,22.2,11.5,5.2,12.0,95.6,3.2,0.0,94.9,451.0,106.0,69.0
2019,Andy Isabella,WR,Massachusetts,69.0,188.0,4.31,36.5,121.0,15.0,6.95,4.15,True,2.0,62.0,7.26,29.75,12.0,4.15,16.8,69.2,12.1,129.3,36.0,5.6,7.3,18.0,42.2,55.8,0.9,94.2,409.0,146.0,101.0
2019,Gary Jennings,WR,West Virginia,73.0,214.0,4.42,37.0,127.0,20.0,7.32,4.15,True,4.0,120.0,9.04,32.5,11.0,2.69,17.0,75.0,13.4,144.7,68.8,10.0,6.6,8.0,98.0,2.0,0.0,95.3,341.0,72.0,54.0
2019,Anthony Johnson,WR,Buffalo,74.0,209.0,,32.5,122.0,18.0,7.12,,False,,,7.01,33.0,13.0,3.28,17.7,59.4,17.9,111.9,64.3,5.0,4.9,13.0,19.6,78.3,1.2,91.4,308.0,96.0,57.0
2019,Diontae Johnson,WR,Toledo,70.0,183.0,4.53,33.5,123.0,15.0,7.09,4.45,True,3.0,66.0,4.18,30.75,13.0,2.3,15.5,55.1,12.2,108.9,25.0,12.5,8.4,10.0,30.2,68.6,0.3,93.5,331.0,89.0,49.0
2019,Keesean Johnson,WR,Fresno State,73.0,201.0,4.6,30.0,117.0,14.0,7.28,4.23,True,6.0,174.0,3.18,32.0,14.0,3.06,14.0,74.4,11.1,121.8,47.8,6.8,5.4,16.0,30.4,69.6,0.0,96.7,439.0,129.0,96.0
2019,Bisi Johnson,WR,Colorado State,72.0,204.0,4.51,38.0,124.0,14.0,6.88,4.16,True,7.0,247.0,8.16,30.75,,,,,,,,,,,,,,,,,
2019,Damarkus Lodge,WR,Mississippi,74.0,202.0,4.55,33.5,119.0,11.0,7.06,4.53,False,,,3.58,33.12,11.0,2.24,13.5,61.3,14.5,92.3,53.8,11.0,4.8,11.0,0.0,100.0,0.0,95.4,391.0,106.0,65.0
2019,Terry McLaurin,WR,Ohio State,72.0,208.0,4.35,37.5,125.0,18.0,7.01,4.15,True,3.0,76.0,9.56,31.5,14.0,2.19,20.0,71.4,16.1,153.3,50.0,5.4,5.7,5.0,16.1,83.6,0.3,95.2,320.0,49.0,35.0
2019,D.K. Metcalf,WR,Mississippi,75.0,228.0,4.33,40.5,134.0,27.0,7.38,4.5,True,2.0,64.0,9.66,34.88,7.0,2.83,21.9,61.9,14.0,135.4,45.5,10.3,9.7,3.0,0.0,100.0,0.0,93.9,201.0,42.0,26.0
2019,Jakobi Meyers,WR,North Carolina State,74.0,203.0,4.63,37.0,118.0,13.0,7.07,4.23,False,,,6.34,32.0,12.0,2.65,11.4,76.0,9.0,98.8,77.3,3.2,4.0,12.0,94.9,2.4,1.7,95.4,395.0,121.0,92.0
2019,Dillon Mitchell,WR,Oregon,73.0,197.0,4.46,36.5,122.0,12.0,,4.29,True,7.0,239.0,7.96,31.5,13.0,2.9,15.8,57.7,14.6,110.5,27.8,9.6,5.1,16.0,23.3,76.5,0.0,95.1,408.0,130.0,75.0
2019,Stanley Morgan,WR,Nebraska,72.0,202.0,4.53,38.5,125.0,14.0,6.78,4.13,False,,,8.62,32.38,12.0,2.24,14.3,66.0,12.9,110.7,44.4,4.1,5.5,11.0,21.4,78.6,0.0,96.1,449.0,106.0,70.0
2019,Nyqwan Murray,WR,Florida State,70.0,191.0,4.63,34.0,113.0,8.0,7.2,4.4,False,,,0.95,31.12,12.0,2.3,13.8,65.1,11.0,90.6,38.5,3.6,6.7,10.0,72.7,27.0,0.0,93.9,323.0,83.0,54.0
2019,Hunter Renfrow,WR,Clemson,70.0,184.0,4.59,35.0,116.0,7.0,6.8,4.19,True,5.0,149.0,2.91,29.12,15.0,1.71,11.1,74.2,9.5,103.4,66.7,2.0,3.7,7.0,91.2,8.5,0.0,96.1,318.0,66.0,49.0
2019,Riley Ridley,WR,Georgia,73.0,199.0,4.58,30.5,124.0,13.0,7.22,4.28,True,4.0,126.0,4.53,32.62,14.0,1.81,13.0,71.7,13.2,133.3,75.0,4.4,3.4,8.0,8.7,91.0,0.3,96.0,309.0,60.0,43.0
2019,Deebo Samuel,WR,South Carolina,71.0,214.0,4.48,39.0,122.0,15.0,7.03,4.14,True,2.0,36.0,7.91,31.38,12.0,2.46,14.2,63.3,8.7,117.0,47.6,6.1,9.5,21.0,19.8,79.4,0.0,92.3,358.0,98.0,62.0
2019,David Sills,WR,West Virginia,75.0,211.0,4.57,37.5,117.0,14.0,6.97,4.28,False,,,,32.0,,,,,,,,,,,,,,,,,
2019,Darius Slayton,WR,Auburn,73.0,190.0,4.39,40.5,135.0,11.0,7.0,4.15,True,5.0,171.0,8.91,32.75,12.0,1.82,19.1,48.6,18.1,98.7,35.3,18.6,7.4,6.0,16.1,83.9,0.0,95.6,368.0,72.0,35.0
2019,Jaylen Smith,WR,Louisville,74.0,219.0,4.47,34.5,122.0,14.0,7.55,4.48,False,,,6.39,33.88,12.0,1.57,15.3,52.9,12.7,60.3,38.5,18.2,6.4,7.0,25.8,73.3,0.8,97.2,350.0,68.0,36.0
2019,Cody Thompson,WR,Toledo,73.0,205.0,4.57,38.5,119.0,19.0,6.87,4.03,False,,,8.45,31.0,13.0,1.62,13.5,55.2,15.0,98.2,23.5,5.9,3.3,5.0,28.5,70.6,0.5,93.2,399.0,87.0,48.0
2019,Jamarius Way,WR,South Alabama,75.0,215.0,4.63,32.5,119.0,16.0,,4.66,False,,,2.28,33.0,12.0,2.56,14.0,64.2,12.6,103.7,47.8,6.2,6.3,14.0,3.0,97.0,0.0,92.8,335.0,95.0,61.0
2019,Alex Wesley,WR,Northern Colorado,72.0,190.0,4.45,38.5,125.0,13.0,7.4,4.44,False,,,5.89,31.25,,,,,,,,,,,,,,,,,
2019,Antoine Wesley,WR,Texas Tech,76.0,206.0,,37.0,117.0,6.0,7.07,4.26,False,,,3.22,34.0,12.0,2.59,16.0,69.3,12.1,126.4,53.6,2.2,7.1,12.0,6.3,93.8,0.0,94.4,544.0,127.0,88.0
2020,Brandon Aiyuk,WR,Arizona State,72.0,205.0,4.5,40.0,128.0,11.0,,,True,1.0,25.0,8.47,33.5,12.0,3.04,18.3,65.7,10.1,133.9,25.0,8.5,10.9,14.0,16.8,82.7,0.5,95.4,392.0,99.0,65.0
2020,Omar Bayless,WR,Arkansas State,73.0,212.0,4.62,36.0,123.0,11.0,7.35,4.5,False,,,3.56,31.88,13.0,3.12,17.8,66.0,14.2,130.7,45.2,7.9,6.6,13.0,6.2,93.7,0.2,93.1,530.0,141.0,93.0
2020,Lynn Bowden,WR,Kentucky,71.0,204.0,,,,13.0,,,True,3.0,80.0,,30.88,,,,,,,,,,,,,,,,,
2020,Tony Brown,WR,Colorado,73.0,198.0,4.65,33.5,119.0,14.0,7.21,4.27,False,,,3.08,31.5,12.0,1.89,12.6,75.7,11.3,110.6,57.1,5.1,4.2,6.0,3.0,97.0,0.0,95.2,375.0,74.0,56.0
2020,Lawrence Cager,WR,Georgia,77.0,220.0,,,,,,,False,,,,33.38,9.0,3.33,14.4,82.5,13.7,139.2,85.7,2.9,3.5,2.0,7.3,92.7,0.0,95.3,143.0,40.0,33.0
2020,Marquez Callaway,WR,Tennessee,73.0,205.0,4.55,38.0,126.0,,,,False,,,8.89,32.38,13.0,1.9,21.2,51.7,19.8,118.1,58.8,9.1,4.6,2.0,21.3,77.8,0.8,93.8,334.0,58.0,30.0
2020,Quintez Cephus,WR,Wisconsin,73.0,202.0,4.73,38.5,124.0,23.0,7.2,4.33,True,5.0,166.0,4.5,32.12,14.0,3.1,15.3,64.8,13.2,109.3,66.7,7.8,4.7,9.0,29.4,70.6,0.0,97.3,291.0,91.0,59.0
2020,Chase Claypool,WR,Notre Dame,76.0,238.0,4.42,40.5,126.0,19.0,,,True,2.0,49.0,9.98,32.5,13.0,2.48,15.7,61.1,13.0,124.9,57.7,9.6,5.4,14.0,15.5,84.5,0.0,95.0,418.0,108.0,66.0
2020,Tyrie Cleveland,WR,Florida,74.0,209.0,4.46,39.5,126.0,13.0,,,True,7.0,252.0,9.65,32.88,13.0,1.83,14.0,73.5,11.0,116.2,37.5,7.4,4.9,4.0,26.9,73.1,0.0,95.5,192.0,34.0,25.0
2020,Isaiah Coulter,WR,Rhode Island,74.0,198.0,4.45,36.0,121.0,,7.28,4.62,True,5.0,171.0,6.68,31.75,,,,,,,,,,,,,,,,,
2020,Gabriel Davis,WR,UCF,74.0,216.0,4.54,35.0,124.0,14.0,7.08,4.59,True,4.0,128.0,6.85,32.25,,,,,,,,,,,,,,,,,
2020,Quartney Davis,WR,Texas A&M,73.0,201.0,4.54,35.5,,,,,False,,,7.02,31.38,11.0,1.62,11.4,58.1,10.8,79.0,33.3,10.0,4.9,8.0,78.6,21.4,0.0,93.4,380.0,93.0,54.0
2020,Devin Duvernay,WR,Texas,70.0,200.0,4.39,35.5,123.0,,7.13,4.2,True,3.0,92.0,7.86,30.62,13.0,3.0,13.3,81.4,7.9,125.2,60.0,2.8,6.8,23.0,98.6,1.0,0.0,93.9,464.0,129.0,105.0
2020,Bryan Edwards,WR,South Carolina,75.0,212.0,,,,,,,True,3.0,81.0,,32.25,10.0,2.58,11.5,66.4,8.5,107.8,46.2,4.1,7.6,15.0,32.3,67.4,0.0,94.6,316.0,107.0,71.0
2020,Chris Finke,WR,Notre Dame,69.0,186.0,4.57,40.0,,7.0,,,False,,,4.15,29.0,12.0,1.19,11.1,77.4,7.6,111.8,44.4,2.4,4.6,5.0,62.4,37.6,0.0,95.0,384.0,53.0,41.0
2020,Aaron Fuller,WR,Washington,71.0,188.0,4.59,34.0,118.0,,7.14,,False,,,2.53,29.75,12.0,2.06,11.9,64.8,11.3,96.5,30.8,10.6,4.4,3.0,29.4,70.6,0.0,95.2,340.0,91.0,59.0
2020,Antonio Gandy-Golden,WR,Liberty,76.0,223.0,4.6,36.0,127.0,22.0,7.33,4.55,True,4.0,142.0,6.13,31.75,,,,,,,,,,,,,,,,,
2020,Antonio Gibson,WR,Memphis,72.0,228.0,4.39,35.0,118.0,16.0,,,True,3.0,66.0,9.29,31.12,14.0,2.23,19.3,65.5,10.5,148.3,50.0,5.0,11.7,17.0,87.1,7.3,0.8,92.7,330.0,58.0,38.0
2020,Stephen Guidry,WR,Mississippi State,75.0,201.0,4.47,34.0,125.0,,7.31,4.46,False,,,6.04,32.75,12.0,1.48,12.8,56.6,15.3,95.2,36.4,11.8,4.8,13.0,9.2,90.8,0.0,96.0,261.0,53.0,30.0
2020,KJ Hamler,WR,Penn State,69.0,178.0,,,,15.0,,,True,2.0,46.0,,30.75,13.0,2.48,16.1,60.9,14.4,109.1,40.0,16.4,6.7,4.0,89.3,10.4,0.0,95.0,364.0,92.0,56.0
2020,Tee Higgins,WR,Clemson,76.0,216.0,,,,,,,True,2.0,33.0,4.12,34.12,15.0,3.67,19.8,67.8,15.7,140.7,55.0,9.2,5.8,12.0,14.2,85.8,0.0,93.8,318.0,87.0,59.0
2020,John Hightower,WR,Boise State,73.0,189.0,4.43,38.5,122.0,,7.07,4.21,True,5.0,168.0,8.02,31.5,14.0,2.48,18.5,57.3,17.3,114.6,37.5,7.3,6.7,5.0,9.3,90.5,0.0,95.0,380.0,89.0,51.0
2020,K.J. Hill,WR,Ohio State,72.0,196.0,4.6,32.5,114.0,17.0,,,True,7.0,220.0,3.89,29.12,14.0,1.77,11.2,76.0,9.1,134.8,28.6,3.4,4.3,10.0,96.3,3.4,0.3,94.7,359.0,75.0,57.0
2020,Isaiah Hodgins,WR,Oregon State,76.0,210.0,4.61,36.5,124.0,9.0,7.01,4.12,True,6.0,207.0,7.56,33.12,12.0,2.67,13.5,72.9,12.8,140.4,59.1,1.1,3.4,7.0,4.5,95.5,0.0,96.4,433.0,118.0,86.0
2020,Henry Ruggs III,WR,Alabama,71.0,188.0,4.27,42.0,131.0,,,,True,1.0,12.0,9.54,30.5,12.0,2.45,18.6,72.7,11.7,154.4,40.0,2.4,10.5,4.0,17.9,82.1,0.0,95.6,304.0,55.0,40.0
2020,Trishton Jackson,WR,Syracuse,73.0,197.0,4.5,36.0,117.0,,,,False,,,6.45,32.38,12.0,2.0,15.4,61.3,14.4,123.2,45.0,4.4,5.7,10.0,16.1,83.7,0.2,95.8,501.0,106.0,65.0
2020,Justin Jefferson,WR,LSU,73.0,202.0,4.43,37.5,126.0,,,,True,1.0,22.0,9.69,33.0,15.0,2.64,13.9,82.8,9.4,147.9,92.3,5.9,6.4,25.0,98.3,0.5,0.2,96.2,583.0,134.0,111.0
2020,Van Jefferson,WR,Florida,73.0,200.0,,,,,,,True,2.0,57.0,,32.75,13.0,2.0,13.4,71.0,10.3,117.8,50.0,7.5,5.4,3.0,30.1,69.9,0.0,90.9,329.0,69.0,49.0
2020,Jauan Jennings,WR,Tennessee,75.0,215.0,4.72,29.0,119.0,,,,True,7.0,217.0,2.7,31.62,13.0,3.09,16.4,64.1,11.4,110.3,48.0,6.3,8.0,30.0,86.7,11.4,1.5,94.6,314.0,92.0,59.0
2020,Jerry Jeudy,WR,Alabama,73.0,193.0,4.45,35.0,120.0,,,4.53,True,1.0,15.0,6.76,32.12,13.0,3.3,15.1,71.3,11.1,129.5,50.0,8.3,7.8,15.0,58.1,41.4,0.0,95.1,352.0,108.0,77.0
2020,Collin Johnson,WR,Texas,78.0,222.0,,,,17.0,,,True,5.0,165.0,,31.75,7.0,2.06,14.6,66.7,16.2,108.4,35.7,5.0,2.4,3.0,12.2,87.4,0.3,94.1,269.0,57.0,38.0
2020,Juwan Johnson,WR,Oregon,76.0,230.0,4.58,33.0,124.0,14.0,6.94,4.37,False,,,6.5,34.25,10.0,2.13,15.6,58.8,12.0,107.2,28.6,21.1,5.9,4.0,11.8,87.8,0.4,95.6,219.0,51.0,30.0
2020,Tyler Johnson,WR,Minnesota,73.0,206.0,,,,,,,True,5.0,161.0,,30.88,13.0,3.64,15.1,73.1,11.0,138.5,66.7,6.5,5.3,10.0,86.2,13.8,0.0,94.3,362.0,119.0,87.0
2020,Laviska Shenault Jr.,WR,Colorado,73.0,227.0,4.58,,,17.0,,,True,2.0,42.0,6.97,31.88,11.0,2.98,13.6,70.0,10.1,111.7,46.2,5.1,7.5,15.0,16.2,81.5,0.4,94.5,256.0,80.0,56.0
2020,CeeDee Lamb,WR,Oklahoma,74.0,198.0,4.5,34.5,124.0,11.0,,,True,1.0,17.0,7.44,32.25,13.0,3.99,21.4,70.5,13.2,147.7,38.5,4.6,11.0,26.0,29.8,69.9,0.0,96.0,332.0,88.0,62.0
2020,Kalija Lipscomb,WR,Vanderbilt,72.0,207.0,4.57,32.0,127.0,16.0,,,False,,,5.82,32.88,11.0,1.64,11.0,56.3,10.5,61.1,35.7,4.3,5.4,18.0,16.2,83.8,0.0,95.9,301.0,80.0,45.0
2020,Austin Mack,WR,Ohio State,73.0,208.0,4.59,31.5,117.0,,,4.42,False,,,4.3,33.62,11.0,2.02,13.4,69.2,13.6,124.0,57.1,6.9,2.6,4.0,12.6,86.4,0.5,93.7,179.0,39.0,27.0
2020,Denzel Mims,WR,Baylor,75.0,207.0,4.38,38.5,131.0,16.0,6.66,4.43,True,2.0,59.0,9.77,33.88,14.0,2.36,15.4,58.4,14.9,119.9,48.8,9.6,2.8,7.0,4.6,95.2,0.2,94.1,430.0,113.0,66.0
2020,Darnell Mooney,WR,Tulane,70.0,176.0,4.38,37.0,124.0,9.0,,,True,5.0,173.0,7.04,30.88,13.0,1.98,15.2,53.4,14.6,94.7,57.9,14.5,3.2,9.0,10.4,89.3,0.3,96.8,362.0,88.0,47.0
2020,K.J. Osborn,WR,Miami,71.0,203.0,4.48,37.5,123.0,18.0,7.0,4.35,True,5.0,176.0,8.0,31.25,13.0,1.31,10.9,61.7,11.1,102.2,43.5,7.4,2.9,6.0,8.9,91.1,0.0,95.0,418.0,81.0,50.0
2020,Aaron Parker,WR,Rhode Island,74.0,209.0,4.57,26.5,112.0,12.0,6.94,4.23,False,,,3.62,31.12,,,,,,,,,,,,,,,,,
2020,Dezmon Patmon,WR,Washington State,76.0,225.0,4.48,36.0,132.0,15.0,7.28,4.38,True,6.0,212.0,8.46,32.75,13.0,2.18,12.8,65.6,10.1,98.2,40.0,10.6,5.1,7.0,2.5,97.5,0.0,95.9,347.0,90.0,59.0
2020,Donovan Peoples-Jones,WR,Michigan,74.0,212.0,4.48,44.5,139.0,,,,True,6.0,187.0,9.63,33.5,11.0,1.73,13.4,57.9,11.9,117.8,36.4,10.8,5.3,4.0,48.4,51.3,0.0,93.1,256.0,57.0,33.0
2020,Malcolm Perry,WR,Navy,69.0,186.0,4.63,36.0,122.0,10.0,7.12,4.31,True,7.0,246.0,1.88,29.62,,,,,,,,,,,,,,,,,
2020,Michael Pittman,WR,USC,76.0,223.0,4.52,36.5,121.0,13.0,6.96,4.14,True,2.0,34.0,8.27,32.5,13.0,2.32,12.6,75.9,10.2,117.0,44.4,2.9,4.8,14.0,9.6,90.4,0.0,95.3,546.0,133.0,101.0
2020,James Proche,WR,SMU,71.0,201.0,,34.5,,20.0,7.27,4.4,True,6.0,201.0,,29.75,13.0,2.54,11.1,67.5,10.1,107.4,46.5,2.7,4.3,11.0,50.5,49.5,0.0,93.4,479.0,163.0,110.0
2020,Jalen Reagor,WR,TCU,71.0,206.0,4.47,42.0,138.0,17.0,7.31,4.46,True,1.0,21.0,,31.38,12.0,1.49,14.2,48.9,14.9,71.7,42.1,14.0,3.8,5.0,10.5,88.1,0.0,96.3,411.0,88.0,43.0
2020,Joe Reed,WR,Virginia,72.0,224.0,4.47,38.0,123.0,21.0,,,True,5.0,151.0,9.35,31.12,13.0,1.54,8.8,70.9,8.0,100.7,44.4,2.5,5.7,15.0,69.4,24.8,1.5,94.9,443.0,110.0,78.0
2020,Kendrick Rogers,WR,Texas A&M,76.0,208.0,4.51,35.5,124.0,17.0,7.13,4.48,False,,,7.32,,13.0,0.97,11.7,54.5,12.4,78.7,54.5,9.1,3.6,8.0,16.9,83.1,0.0,94.0,361.0,55.0,30.0
2020,Darrell Stewart,WR,Michigan State,72.0,212.0,,35.0,117.0,15.0,,,False,,,,32.0,9.0,2.63,13.8,57.5,10.3,88.7,33.3,19.4,4.8,9.0,79.3,20.7,0.0,93.6,262.0,87.0,50.0
2020,Freddie Swain,WR,Florida,72.0,197.0,4.46,36.5,124.0,16.0,7.05,4.26,True,6.0,214.0,8.29,30.62,12.0,2.33,13.6,70.4,8.7,109.3,25.0,2.6,7.5,7.0,92.9,6.7,0.4,93.3,222.0,54.0,38.0
2020,Jeff Thomas,WR,Miami,69.0,170.0,4.45,36.5,125.0,,,,False,,,6.68,30.38,10.0,1.62,12.2,70.5,12.0,119.4,28.6,0.0,5.8,5.0,21.1,77.3,1.6,94.7,234.0,44.0,31.0
2020,Ben Victor,WR,Ohio State,76.0,198.0,4.6,35.0,128.0,9.0,7.1,,False,,,,34.12,,,,,,,,,,,,,,,,,
2020,Quez Watkins,WR,Southern Miss,72.0,185.0,4.35,36.5,125.0,,7.28,4.36,True,6.0,200.0,,32.88,11.0,3.03,18.6,61.8,14.3,100.6,50.0,10.0,8.9,9.0,28.7,71.3,0.0,95.8,387.0,102.0,63.0
2020,Cody White,WR,Michigan State,75.0,217.0,4.66,35.5,120.0,,7.19,4.52,False,,,3.95,32.5,13.0,2.01,14.0,63.5,11.4,91.1,56.5,4.3,4.2,11.0,30.5,69.3,0.0,93.9,459.0,104.0,66.0
2021,Jonathan Adams,WR,Arkansas St.,74.0,210.0,4.59,39.0,132.0,,7.04,4.38,False,,,,,10.0,2.7,14.2,64.5,15.3,123.5,62.2,12.4,3.3,7.0,8.5,91.3,0.0,93.8,410.0,121.0,78.0
2021,Tutu Atwell,WR,Louisville,68.0,155.0,4.42,33.0,117.0,,6.89,4.14,True,2.0,57.0,6.25,29.25,9.0,2.44,13.6,64.8,11.6,102.1,45.5,4.2,6.2,4.0,81.7,17.9,0.0,95.5,256.0,71.0,46.0
2021,Kawaan Baker,WR,South Alabama,72.0,210.0,4.44,39.5,129.0,21.0,7.42,4.41,False,,,9.08,32.38,10.0,1.92,12.9,72.9,8.1,134.2,50.0,7.3,7.0,16.0,73.1,26.9,0.0,94.2,343.0,70.0,51.0
2021,Rashod Bateman,WR,Minnesota,72.0,190.0,4.39,36.0,123.0,,,,True,1.0,27.0,8.04,33.0,5.0,3.45,13.1,65.5,10.4,81.8,40.0,14.3,5.3,9.0,67.1,32.9,0.0,95.8,137.0,55.0,36.0
2021,Tarik Black,WR,Texas,74.0,213.0,4.54,40.0,132.0,15.0,6.91,4.26,False,,,9.55,33.75,8.0,2.36,23.4,41.7,17.1,74.0,16.7,16.7,10.3,2.0,15.0,85.0,0.0,92.5,99.0,24.0,10.0
2021,Josh Blancato,WR,Georgia Tech,69.0,182.0,4.55,32.0,124.0,17.0,6.9,4.31,False,,,4.39,,5.0,0.0,,0.0,23.5,39.6,0.0,,,0.0,70.0,20.0,0.0,90.0,9.0,2.0,0.0
2021,Dyami Brown,WR,North Carolina,72.0,189.0,4.46,35.0,128.0,18.0,6.87,4.35,True,3.0,82.0,8.38,32.75,11.0,3.11,20.0,67.1,18.4,127.3,36.4,5.2,4.9,9.0,1.1,98.9,0.0,93.4,353.0,82.0,55.0
2021,Amon-Ra St. Brown,WR,USC,71.0,197.0,4.51,38.5,127.0,20.0,6.88,4.17,True,4.0,112.0,7.13,30.38,6.0,1.85,11.7,71.9,10.9,121.9,57.1,8.9,4.0,3.0,34.8,64.5,0.4,94.5,258.0,57.0,41.0
2021,Jalen Camp,WR,Georgia Tech,73.0,226.0,4.48,39.5,125.0,29.0,7.0,4.14,False,,,9.75,33.75,10.0,1.57,15.1,61.7,13.0,94.2,58.3,9.4,4.2,0.0,25.6,74.1,0.0,92.7,279.0,47.0,29.0
2021,Ja'Marr Chase,WR,LSU,72.0,201.0,4.34,41.0,132.0,,6.96,3.99,True,1.0,5.0,9.82,30.75,,,,,,,,,,,,,,,,,
2021,Ramaud Chiaokhiao-Bowman,WR,Northwestern,73.0,204.0,4.78,34.5,119.0,11.0,6.78,4.2,False,,,4.02,,9.0,1.61,12.4,64.1,12.1,108.1,46.2,6.8,1.4,3.0,9.5,89.9,0.6,96.6,315.0,64.0,41.0
2021,Nico Collins,WR,Michigan,76.0,215.0,4.43,37.5,125.0,14.0,6.78,4.29,True,3.0,89.0,9.57,34.12,,,,,,,,,,,,,,,,,
2021,Damonte Coxie,WR,Memphis,74.0,198.0,4.77,30.5,122.0,4.0,6.92,4.45,False,,,1.71,33.25,2.0,2.2,11.7,64.0,11.9,99.9,25.0,5.9,1.3,3.0,4.5,95.5,0.0,96.6,85.0,25.0,16.0
2021,Frank Darby,WR,Arizona St.,72.0,201.0,4.56,34.5,117.0,19.0,7.05,4.25,True,6.0,187.0,5.89,31.38,3.0,0.84,7.7,50.0,13.3,87.5,100.0,14.3,2.3,3.0,3.3,96.7,0.0,91.7,55.0,12.0,6.0
2021,Jaelon Darden,WR,North Texas,67.0,174.0,4.47,35.5,122.0,,6.66,3.98,True,4.0,129.0,7.14,30.62,9.0,4.31,16.1,66.1,12.9,126.1,0.0,8.6,7.7,23.0,85.9,14.1,0.0,97.5,276.0,112.0,74.0
2021,DeVontres Dukes,WR,South Florida,75.0,216.0,4.81,33.0,122.0,16.0,7.07,4.41,False,,,4.62,,,,,,,,,,,,,,,,,,
2021,Brennan Eagles,WR,Texas,75.0,225.0,4.55,36.5,125.0,,6.93,4.42,False,,,8.96,33.5,9.0,2.0,16.8,58.3,17.5,126.1,50.0,9.7,4.3,3.0,15.3,84.7,0.0,92.2,235.0,48.0,28.0
2021,D'Wayne Eskridge,WR,West. Michigan,68.0,190.0,4.38,35.0,124.0,,6.93,4.22,True,2.0,56.0,6.71,30.12,6.0,4.94,23.1,70.8,12.7,152.8,45.5,8.1,14.4,4.0,16.9,83.1,0.0,92.4,159.0,48.0,34.0
2021,Simi Fehoko,WR,Stanford,75.0,222.0,4.44,34.5,120.0,16.0,6.78,4.26,True,5.0,179.0,9.18,31.62,6.0,2.73,15.5,62.7,12.6,104.8,53.8,14.0,5.4,4.0,30.3,69.7,0.0,95.0,210.0,59.0,37.0
2021,Dez Fitzpatrick,WR,Louisville,73.0,208.0,4.43,35.0,,,7.09,4.26,True,4.0,109.0,,32.75,11.0,2.49,19.3,58.9,14.1,95.2,41.7,10.4,8.8,9.0,5.4,94.6,0.0,95.4,334.0,73.0,43.0
2021,Bailey Gaither,WR,San Jose St.,72.0,188.0,4.45,31.0,121.0,9.0,7.07,4.39,False,,,,,7.0,3.14,17.7,70.7,13.5,128.9,33.3,6.8,6.6,2.0,6.5,93.5,0.0,93.9,231.0,58.0,41.0
2021,Trevon Grimes,WR,Florida,76.0,220.0,4.49,35.0,118.0,15.0,6.98,4.28,False,,,8.44,31.38,11.0,1.88,15.5,64.4,13.5,136.9,33.3,5.0,5.3,5.0,24.6,75.1,0.3,94.0,314.0,59.0,38.0
2021,Adrian Hardy,WR,Louisiana Tech,73.0,205.0,4.61,37.5,124.0,12.0,6.96,4.5,False,,,5.71,32.0,7.0,1.83,13.0,60.7,10.3,101.9,18.2,5.6,6.8,12.0,2.7,97.3,0.0,92.7,241.0,56.0,34.0
2021,Jacob Harris,WR,Central Florida,77.0,219.0,4.39,40.5,133.0,15.0,6.54,4.31,False,,,9.88,33.75,10.0,1.52,18.0,54.5,16.6,112.8,43.8,23.1,4.0,1.0,34.2,65.0,0.8,93.4,355.0,55.0,30.0
2021,Jaylen Harris,WR,Ohio St.,68.0,170.0,4.77,30.5,109.0,8.0,7.37,4.5,False,,,,,,,,,,,,,,,,,,,,,
2021,Damon Hazelton,WR,Missouri,,,4.6,37.5,,,,,False,,,6.36,33.38,9.0,2.45,13.2,65.2,12.6,99.6,57.1,11.8,4.3,9.0,10.0,90.0,0.0,95.3,162.0,46.0,30.0
2021,Josh Imatorbhebhe,WR,Illinois,72.0,218.0,4.53,46.5,134.0,24.0,7.1,4.38,False,,,8.97,32.38,7.0,1.61,13.5,51.2,12.0,96.8,71.4,15.4,5.9,5.0,5.1,94.9,0.0,93.9,185.0,43.0,22.0
2021,Warren Jackson,WR,Colorado St.,78.0,219.0,4.68,33.5,123.0,,7.81,4.53,False,,,,33.5,,,,,,,,,,,,,,,,,
2021,Johnathon Johnson,WR,Missouri,,,,,,,,,False,,,,,,,,,,,,,,,,,,,,,
2021,Terrace Marshall Jr.,WR,LSU,74.0,205.0,4.4,39.0,125.0,19.0,,,False,,,9.76,,7.0,2.91,15.2,71.6,9.5,134.4,81.8,12.7,6.4,7.0,82.2,17.4,0.4,96.9,251.0,67.0,48.0
2021,Adam Krumholz,WR,Wisconsin,72.0,193.0,4.6,35.5,118.0,11.0,7.03,4.28,False,,,5.37,,2.0,1.09,15.7,50.0,11.8,76.4,100.0,25.0,7.0,0.0,4.4,95.6,0.0,95.6,43.0,6.0,3.0
2021,Riley Lees,WR,Northwestern,71.0,192.0,4.47,35.0,119.0,7.0,6.78,4.16,False,,,5.89,,9.0,0.9,10.7,54.1,10.9,66.7,33.3,0.0,3.5,3.0,83.6,16.0,0.0,95.6,239.0,37.0,20.0
2021,Branden Mack,WR,Temple,77.0,217.0,4.66,31.0,115.0,11.0,7.13,4.37,False,,,2.35,,7.0,1.21,11.2,45.6,11.9,39.3,33.3,13.3,4.5,6.0,6.3,92.2,0.8,93.8,240.0,57.0,26.0
2021,Khalil McClain,WR,Troy,74.0,214.0,4.7,32.0,114.0,15.0,7.72,4.5,False,,,2.32,,11.0,1.06,12.0,64.0,12.9,118.6,56.3,11.1,3.5,0.0,4.0,96.0,0.0,95.8,361.0,50.0,32.0
2021,Isaiah McKoy,WR,Kent St.,74.0,200.0,4.68,29.5,114.0,12.0,7.09,4.36,False,,,,31.62,4.0,3.67,18.2,61.0,17.3,128.6,80.0,16.7,5.2,5.0,9.0,91.0,0.0,86.1,124.0,41.0,25.0
2021,Racey McMath,WR,LSU,74.0,217.0,4.36,34.0,124.0,,7.38,4.38,True,6.0,205.0,7.43,32.0,6.0,1.28,13.9,56.0,16.5,55.0,80.0,12.5,3.3,3.0,12.7,87.3,0.0,96.8,152.0,25.0,14.0
2021,Dax Milne,WR,BYU,,,4.54,31.0,114.0,14.0,,4.19,True,7.0,258.0,4.56,29.38,,,,,,,,,,,,,,,,,
2021,Elijah Moore,WR,Mississippi,,,4.35,36.0,121.0,17.0,6.63,4.07,True,2.0,34.0,8.69,30.12,8.0,3.85,13.9,85.1,10.9,125.8,73.3,2.3,5.9,18.0,79.8,15.7,0.3,92.0,310.0,101.0,86.0
2021,Rondale Moore,WR,Purdue,67.0,180.0,4.28,42.5,,,6.65,4.06,True,2.0,49.0,9.33,28.25,3.0,2.25,7.7,79.5,2.6,82.8,25.0,0.0,6.9,3.0,82.8,16.4,0.0,93.8,120.0,44.0,35.0
2021,Jonathan Nance,WR,Missouri,,,,,,,,,False,,,,,,,,,,,,,,,,,,,,,
2021,Dazz Newsome,WR,North Carolina,70.0,190.0,4.59,34.0,121.0,12.0,7.38,4.38,True,6.0,221.0,2.13,29.88,12.0,1.86,12.7,78.3,9.0,137.0,80.0,6.9,6.6,14.0,98.5,0.8,0.3,94.8,368.0,69.0,54.0
2021,Tre Nixon,WR,Central Florida,72.0,187.0,4.44,35.5,125.0,18.0,6.81,4.27,True,7.0,242.0,8.97,31.75,4.0,1.78,13.7,57.6,13.8,103.1,50.0,20.8,2.8,1.0,4.5,95.5,0.0,94.2,146.0,33.0,19.0
2021,Antonio Nunn,WR,Buffalo,71.0,204.0,4.5,33.5,120.0,15.0,7.12,4.32,False,,,6.65,31.0,7.0,4.14,15.8,66.1,13.3,97.6,41.2,5.1,6.1,7.0,13.2,86.8,0.0,93.4,141.0,56.0,37.0
2021,Whop Philyor,WR,Indiana,69.0,184.0,4.57,31.0,120.0,14.0,7.2,4.34,False,,,1.63,30.62,8.0,1.68,9.1,60.7,9.2,82.2,80.0,5.3,4.2,12.0,79.4,19.9,0.0,92.4,292.0,89.0,54.0
2021,Cornell Powell,WR,Clemson,72.0,204.0,4.53,36.5,128.0,16.0,7.03,4.21,True,5.0,181.0,7.57,32.75,12.0,2.22,16.6,67.9,13.2,125.1,41.2,3.6,5.9,8.0,6.8,93.2,0.0,96.4,397.0,78.0,53.0
2021,Blake Proehl,WR,East Carolina,73.0,186.0,4.47,36.0,126.0,12.0,7.0,4.06,False,,,8.57,31.5,9.0,2.21,12.3,72.3,11.2,107.0,52.6,2.1,3.6,2.0,6.8,93.2,0.0,93.2,261.0,65.0,47.0
2021,Amari Rodgers,WR,Clemson,69.0,212.0,4.52,33.0,121.0,19.0,7.07,4.31,True,3.0,85.0,5.35,30.38,12.0,2.61,13.2,77.8,7.6,124.7,14.3,7.2,8.0,17.0,86.3,13.2,0.5,95.6,391.0,99.0,77.0
2021,Anthony Schwartz,WR,Auburn,72.0,186.0,4.27,32.0,123.0,,7.13,4.25,True,3.0,91.0,6.89,31.5,10.0,2.31,11.8,63.5,8.0,83.2,33.3,10.0,9.0,4.0,51.6,47.8,0.0,95.2,275.0,85.0,54.0
2021,Ben Skowronek,WR,Notre Dame,74.0,220.0,,,,13.0,,,False,,,,,10.0,1.46,15.1,65.9,11.9,136.4,66.7,6.5,6.2,5.0,7.9,92.1,0.0,94.3,300.0,44.0,29.0
2021,Brandon Smith,WR,Iowa,73.0,218.0,4.62,39.5,130.0,,,,False,,,9.17,34.25,8.0,1.05,10.0,57.5,11.7,90.7,50.0,14.8,2.0,2.0,5.7,94.3,0.0,95.7,220.0,40.0,23.0
2021,Ihmir Smith-Marsette,WR,Iowa,72.0,181.0,4.43,37.0,124.0,,7.0,4.2,True,5.0,157.0,6.81,30.75,7.0,1.84,13.8,62.5,13.9,113.0,50.0,10.7,5.1,6.0,22.2,77.8,0.0,96.4,187.0,40.0,25.0
2021,Marquez Stevenson,WR,Houston,70.0,180.0,4.48,33.0,122.0,,6.76,4.14,True,6.0,203.0,5.37,31.5,5.0,2.41,15.1,71.4,11.6,146.0,66.7,4.8,6.5,3.0,88.6,11.4,0.0,94.7,125.0,28.0,20.0
2021,Dillon Stoner,WR,Oklahoma St.,72.0,194.0,4.51,37.0,123.0,16.0,6.96,4.13,False,,,,,11.0,2.1,13.6,64.6,10.9,106.8,46.7,2.3,4.9,2.0,48.3,51.7,0.0,95.5,273.0,65.0,42.0
2021,Eli Stove,WR,Auburn,71.0,194.0,4.54,30.5,119.0,14.0,7.34,4.4,False,,,2.22,32.12,,,,,,,,,,,,,,,,,
2021,Sage Surratt,WR,Wake Forest,74.0,209.0,4.66,,,18.0,,4.25,False,,,5.65,32.25,,,,,,,,,,,,,,,,,
2021,Tamorrion Terry,WR,Florida St.,74.0,207.0,4.44,32.5,126.0,15.0,7.0,4.53,False,,,,33.38,5.0,1.78,12.6,60.5,13.3,82.0,62.5,4.2,4.0,2.0,6.5,93.5,0.0,95.3,162.0,38.0,23.0
2021,Kadarius Toney,WR,Florida,71.0,193.0,4.39,39.5,136.0,9.0,6.88,4.25,True,1.0,20.0,8.99,31.25,11.0,2.62,14.0,83.3,7.7,139.8,42.9,2.8,6.8,20.0,86.4,10.3,0.3,94.0,373.0,84.0,70.0
2021,Tyler Vaughns,WR,USC,73.0,190.0,4.62,31.5,120.0,7.0,7.13,4.36,False,,,1.3,32.88,6.0,1.61,12.0,67.3,11.8,86.9,37.5,5.7,4.0,5.0,1.9,98.1,0.0,93.9,247.0,49.0,33.0
2021,Tre Walker,WR,San Jose St.,70.0,178.0,4.58,28.0,113.0,,7.75,4.47,False,,,,,8.0,2.1,13.9,63.4,9.4,110.4,33.3,13.5,6.5,10.0,17.8,82.2,0.0,92.8,297.0,71.0,45.0
2021,Tylan Wallace,WR,Oklahoma St.,71.0,194.0,4.48,33.0,112.0,11.0,6.97,4.25,True,4.0,131.0,,30.38,9.0,3.26,15.6,64.1,14.8,96.4,56.5,6.3,5.0,9.0,12.8,87.2,0.0,95.0,283.0,92.0,59.0
2021,Connor Wedington,WR,Stanford,72.0,196.0,4.47,38.5,117.0,13.0,6.66,4.07,False,,,8.47,31.88,3.0,2.15,10.5,75.0,6.6,97.3,0.0,0.0,4.5,1.0,13.3,85.3,1.3,97.3,73.0,20.0,15.0
2021,Marlon Williams,WR,Central Florida,71.0,209.0,4.63,33.5,119.0,14.0,,4.57,False,,,3.27,31.0,8.0,3.12,14.6,68.3,10.8,124.6,21.4,5.3,6.3,22.0,94.4,5.4,0.0,93.5,332.0,104.0,71.0
2021,Seth Williams,WR,Auburn,75.0,211.0,4.49,37.0,124.0,12.0,7.2,4.43,True,6.0,219.0,6.86,33.5,11.0,2.05,16.1,47.0,13.8,73.7,30.0,14.5,5.5,14.0,26.5,73.5,0.0,95.4,370.0,100.0,47.0
2022,Calvin Austin,WR,Memphis,68.0,170.0,4.32,39.0,135.0,,6.65,4.07,True,4.0,138.0,9.05,,12.0,2.99,15.5,61.2,11.6,111.1,28.0,6.3,7.2,14.0,9.5,90.5,0.0,93.0,383.0,121.0,74.0
2022,David Bell,WR,Purdue,73.0,212.0,4.65,33.0,118.0,,7.14,4.57,True,3.0,99.0,3.98,31.88,11.0,2.7,13.7,69.9,10.7,115.3,42.3,5.1,5.8,25.0,16.3,83.7,0.0,96.3,472.0,133.0,93.0
2022,Slade Bolden,WR,Alabama,71.0,193.0,4.66,32.0,116.0,,,,False,,,4.86,29.38,15.0,1.03,9.7,73.7,7.3,110.9,36.4,4.5,4.4,1.0,86.6,12.7,0.0,96.6,395.0,57.0,42.0
2022,Treylon Burks,WR,Arkansas,74.0,225.0,4.55,33.0,122.0,,7.28,,True,1.0,18.0,5.79,33.5,12.0,3.57,16.9,73.9,9.7,155.3,43.8,4.4,9.3,14.0,67.7,24.1,3.0,93.9,308.0,88.0,65.0
2022,Dai'Jean Dixon,WR,Nicholls St.,75.0,205.0,4.62,34.0,125.0,,7.28,4.42,False,,,,,,,,,,,,,,,,,,,,,
2022,Jahan Dotson,WR,Penn St.,71.0,178.0,4.43,36.0,121.0,,7.28,,True,1.0,16.0,6.33,30.75,12.0,2.56,13.0,66.4,11.3,110.4,41.7,2.2,5.3,9.0,23.7,76.3,0.0,94.9,461.0,137.0,91.0
2022,Romeo Doubs,WR,Nevada,74.0,201.0,,,,,,,True,4.0,132.0,,32.25,11.0,2.3,13.9,72.7,13.8,130.6,60.0,4.8,4.0,10.0,21.4,78.6,0.0,95.1,484.0,110.0,80.0
2022,Dontario Drummond,WR,Mississippi,73.0,215.0,4.65,34.0,122.0,,,,False,,,5.69,31.5,12.0,2.56,13.6,80.9,6.2,136.3,55.6,7.3,9.2,16.0,66.0,28.4,3.3,93.7,402.0,94.0,76.0
2022,Erik Ezukanma,WR,Texas Tech,74.0,209.0,,36.5,126.0,,,4.38,True,4.0,125.0,7.03,33.5,11.0,2.31,14.9,63.5,11.8,95.5,56.3,7.8,7.8,11.0,18.6,80.2,0.3,95.0,302.0,74.0,47.0
2022,Ty Fryfogle,WR,Indiana,73.0,204.0,4.53,39.0,127.0,,,,False,,,7.2,30.75,12.0,1.36,10.8,47.0,13.8,53.3,31.8,14.5,3.4,2.0,45.4,54.4,0.0,93.5,373.0,100.0,47.0
2022,Danny Gray,WR,SMU,72.0,186.0,4.33,34.0,126.0,,,,True,3.0,105.0,,31.88,10.0,2.69,16.4,68.1,10.9,133.3,57.1,12.5,8.6,9.0,10.1,89.9,0.0,97.1,298.0,72.0,49.0
2022,Johnny Johnson III,WR,Oregon,72.0,197.0,4.6,32.0,121.0,,7.21,4.54,False,,,5.4,30.5,10.0,1.85,12.4,73.5,10.8,99.0,44.4,7.4,4.5,7.0,20.3,79.7,0.0,92.3,168.0,34.0,25.0
2022,Josh Johnson,WR,Tulsa,71.0,183.0,,,,14.0,,,False,,,3.67,,13.0,2.53,13.1,63.0,11.7,75.9,50.0,8.6,4.3,7.0,98.5,1.5,0.0,92.4,440.0,135.0,85.0
2022,Velus Jones,WR,Tennessee,72.0,204.0,4.31,33.0,121.0,,,,True,3.0,71.0,7.1,,13.0,2.67,13.0,76.5,7.1,131.0,50.0,4.6,8.3,16.0,82.6,17.0,0.0,95.3,302.0,81.0,62.0
2022,Kevin Austin Jr.,WR,Notre Dame,74.0,200.0,4.43,39.0,132.0,,6.71,4.15,False,,,9.94,32.88,13.0,2.28,18.5,58.5,14.7,104.1,52.2,9.4,6.7,6.0,21.8,78.2,0.0,95.6,390.0,82.0,48.0
2022,Reggie Roberson Jr.,WR,SMU,71.0,192.0,,29.0,114.0,,,,False,,,,32.62,12.0,1.72,12.2,69.4,9.4,111.5,40.0,9.1,5.6,9.0,12.2,87.8,0.0,96.2,356.0,72.0,50.0
2022,Drake London,WR,USC,76.0,219.0,,,,,,,True,1.0,8.0,,33.0,8.0,3.52,12.3,73.9,9.2,114.3,65.4,8.3,5.2,22.0,12.6,86.2,0.9,94.5,308.0,119.0,88.0
2022,Bo Melton,WR,Rutgers,71.0,189.0,4.34,38.0,121.0,,6.98,,True,7.0,229.0,9.23,31.25,11.0,2.28,11.5,61.5,10.8,89.2,25.0,8.2,6.3,12.0,21.8,78.2,0.0,96.2,282.0,91.0,56.0
2022,John Metchie,WR,Alabama,71.0,187.0,,,,,,,True,2.0,44.0,,,13.0,2.41,11.9,75.0,8.8,116.1,61.1,7.7,6.7,20.0,33.4,66.0,0.0,96.3,473.0,128.0,96.0
2022,Skyy Moore,WR,Western Michigan,70.0,195.0,4.41,34.5,125.0,,7.13,4.32,True,2.0,54.0,7.58,31.0,12.0,3.4,13.7,75.2,10.8,124.5,61.5,3.1,5.7,26.0,34.5,65.3,0.2,93.6,380.0,125.0,94.0
2022,Jalen Nailor,WR,Michigan St.,71.0,186.0,4.5,38.0,128.0,,7.03,4.28,True,6.0,191.0,,30.25,9.0,2.7,18.2,50.7,14.2,87.2,0.0,9.5,9.9,7.0,3.4,96.3,0.4,95.5,256.0,75.0,38.0
2022,Chris Olave,WR,Ohio St.,72.0,187.0,4.39,32.0,124.0,,,,True,1.0,11.0,8.64,31.12,12.0,2.29,14.4,64.4,14.7,121.5,62.5,7.1,4.2,1.0,18.5,81.3,0.2,95.6,408.0,101.0,65.0
2022,Kyle Philips,WR,UCLA,71.0,189.0,4.58,33.5,124.0,,,,True,5.0,163.0,8.31,29.62,11.0,2.11,12.5,62.8,9.8,104.9,33.3,9.2,6.0,8.0,92.8,4.6,1.9,93.8,350.0,94.0,59.0
2022,George Pickens,WR,Georgia,75.0,195.0,4.47,33.0,125.0,,,,True,2.0,52.0,9.35,32.38,4.0,3.34,21.4,55.6,15.0,97.9,100.0,0.0,2.8,0.0,2.9,97.1,0.0,91.4,32.0,9.0,5.0
2022,Alec Pierce,WR,Cincinnati,75.0,211.0,4.41,40.5,129.0,,7.13,4.28,True,2.0,53.0,9.83,33.0,14.0,2.38,16.8,63.4,17.1,126.7,46.7,7.1,3.7,4.0,14.0,84.7,1.1,96.8,367.0,82.0,52.0
2022,Makai Polk,WR,Mississippi St.,75.0,195.0,4.59,31.0,119.0,,,4.36,False,,,4.88,32.25,13.0,1.59,9.9,75.5,8.6,111.9,44.4,5.4,3.2,7.0,5.5,94.5,0.0,95.1,655.0,139.0,105.0
2022,Charleston Rambo,WR,Miami,73.0,177.0,4.57,33.5,118.0,,,,False,,,5.82,32.0,12.0,2.54,14.7,66.4,12.7,103.8,52.2,4.8,4.9,8.0,10.6,89.4,0.0,93.9,459.0,119.0,79.0
2022,Wan'Dale Robinson,WR,Kentucky,68.0,178.0,4.44,34.5,118.0,,,,True,2.0,43.0,7.36,27.62,13.0,3.56,12.9,74.3,10.4,105.7,52.9,6.3,5.8,22.0,71.9,27.8,0.0,97.2,377.0,140.0,104.0
2022,Justyn Ross,WR,Clemson,76.0,205.0,,,,11.0,,,False,,,2.59,32.12,10.0,2.06,11.2,63.9,10.9,87.4,46.2,2.1,4.5,9.0,54.2,45.1,0.8,94.3,249.0,72.0,46.0
2022,Braylon Sanders,WR,Mississippi,72.0,194.0,4.48,34.5,121.0,,,,False,,,7.65,31.5,12.0,1.54,23.3,43.4,21.3,97.6,16.7,8.0,6.3,2.0,11.9,87.5,0.0,94.3,348.0,53.0,23.0
2022,Khalil Shakir,WR,Boise St.,72.0,196.0,4.43,34.5,124.0,,7.28,4.21,True,5.0,148.0,8.31,29.0,12.0,2.83,14.5,67.5,9.8,116.0,44.4,11.5,6.1,14.0,76.7,22.3,0.2,94.7,395.0,114.0,77.0
2022,Tyquan Thornton,WR,Baylor,74.0,181.0,4.28,36.5,130.0,,,,True,2.0,50.0,8.54,33.25,14.0,2.5,15.2,63.3,15.4,120.3,55.6,4.6,3.1,5.0,5.1,94.9,0.0,96.2,377.0,98.0,62.0
2022,Jalen Tolbert,WR,South Alabama,73.0,194.0,4.49,36.0,123.0,,7.08,,True,3.0,88.0,8.62,32.25,12.0,3.16,18.0,63.6,14.2,116.9,44.4,8.9,7.1,13.0,33.7,66.3,0.0,95.9,466.0,129.0,82.0
2022,Tré Turner,WR,Virginia Tech,73.0,184.0,4.51,27.0,113.0,,7.45,4.53,False,,,,30.75,,,,,,,,,,,,,,,,,
2022,Christian Watson,WR,North Dakota St.,76.0,208.0,4.36,38.5,136.0,,,,True,2.0,34.0,9.96,32.5,,,,,,,,,,,,,,,,,
2022,Isaiah Weston,WR,Northern Iowa,76.0,214.0,4.42,40.0,135.0,20.0,,,False,,,9.62,32.5,,,,,,,,,,,,,,,,,
2022,Devon Williams,WR,Oregon,77.0,210.0,4.65,33.0,133.0,,,,False,,,5.6,34.12,12.0,2.26,15.9,67.3,15.2,120.4,36.4,5.4,4.0,9.0,5.9,93.8,0.0,96.5,247.0,52.0,35.0
2022,Jameson Williams,WR,Alabama,74.0,179.0,,,,,,,True,1.0,12.0,,32.12,15.0,3.12,20.0,67.8,14.5,143.0,33.3,7.1,9.3,12.0,27.9,71.9,0.0,96.9,500.0,115.0,78.0
2022,Garrett Wilson,WR,Ohio St.,72.0,183.0,4.38,36.0,123.0,,,4.36,True,1.0,10.0,7.77,32.0,11.0,3.0,15.1,68.6,11.6,141.7,61.5,7.9,6.0,19.0,17.1,82.9,0.0,95.7,353.0,102.0,70.0
2022,Mike Woods,WR,Oklahoma,73.0,204.0,4.55,34.5,125.0,,,,True,6.0,202.0,7.62,,,,,,,,,,,,,,,,,,
2023,Jordan Addison,WR,USC,71.0,173.0,4.49,34.0,122.0,,,,True,1.0,23.0,5.94,30.88,11.0,2.78,14.8,74.7,10.7,139.0,22.2,3.3,7.0,6.0,23.0,75.5,0.0,94.0,315.0,79.0,59.0
2023,Ronnie Bell,WR,Michigan,72.0,191.0,4.54,38.5,120.0,14.0,6.98,4.15,True,7.0,253.0,8.2,31.0,14.0,2.56,14.4,63.9,11.5,94.5,16.7,7.5,5.1,10.0,41.0,57.9,0.8,94.6,348.0,97.0,62.0
2023,Jake Bobo,WR,UCLA,76.0,206.0,,,,,,,False,,,2.61,32.25,13.0,2.0,14.3,67.9,12.7,117.0,59.1,6.6,4.7,6.0,40.0,58.1,1.4,96.7,408.0,84.0,57.0
2023,Kayshon Boutte,WR,LSU,71.0,195.0,4.5,29.0,118.0,,,4.25,True,6.0,187.0,4.99,31.38,11.0,1.49,11.2,65.8,9.7,91.0,45.5,12.7,4.8,8.0,71.9,28.1,0.0,92.6,362.0,73.0,48.0
2023,Jalen Brooks,WR,South Carolina,73.0,201.0,4.69,35.0,130.0,,7.15,4.31,True,7.0,244.0,5.6,34.12,12.0,1.76,15.1,71.7,11.4,105.3,57.1,5.7,6.8,6.0,17.3,81.7,0.0,94.7,284.0,46.0,33.0
2023,Jason Brownlee,WR,Southern Mississippi,74.0,198.0,4.59,39.5,131.0,16.0,,,False,,,8.96,,13.0,2.36,16.2,47.8,15.0,68.4,45.5,6.8,4.7,8.0,8.7,91.3,0.0,91.3,378.0,115.0,55.0
2023,Jacob Copeland,WR,Maryland,71.0,201.0,4.42,33.0,127.0,20.0,7.01,4.47,False,,,8.19,31.62,12.0,2.2,14.5,65.0,14.0,91.3,20.0,3.7,2.8,4.0,3.3,96.7,0.0,94.5,171.0,40.0,26.0
2023,Derius Davis,WR,TCU,68.0,165.0,4.36,,,,,4.38,True,4.0,125.0,,29.25,14.0,2.0,12.6,63.6,7.0,101.3,25.0,6.7,9.5,9.0,89.2,9.7,0.0,95.3,266.0,66.0,42.0
2023,Nathaniel Dell,WR,Houston,68.0,165.0,4.49,,121.0,,,,True,3.0,69.0,5.82,30.5,,,,,,,,,,,,,,,,,
2023,Demario Douglas,WR,Liberty,68.0,179.0,4.44,39.5,134.0,,,4.29,False,,,7.34,30.25,,,,,,,,,,,,,,,,,
2023,Josh Downs,WR,North Carolina,69.0,171.0,4.48,38.5,131.0,,,,True,3.0,79.0,8.99,30.38,11.0,2.18,10.9,81.0,8.8,135.2,72.2,3.1,4.0,6.0,82.7,14.3,0.2,96.3,473.0,116.0,94.0
2023,Grant DuBose,WR,Charlotte,74.0,201.0,4.57,35.0,125.0,,6.89,4.32,False,,,8.79,31.88,12.0,1.87,12.6,59.4,11.7,95.4,44.8,8.7,4.8,11.0,13.5,86.1,0.0,91.2,425.0,106.0,63.0
2023,Zay Flowers,WR,Boston Col.,69.0,182.0,4.42,35.5,127.0,,,,True,1.0,22.0,8.29,29.25,12.0,2.22,13.8,62.9,10.4,106.1,58.3,9.3,6.4,14.0,32.8,66.6,0.0,95.8,485.0,124.0,78.0
2023,Bryce Ford-Wheaton,WR,West Virginia,76.0,221.0,4.38,41.0,129.0,,6.97,4.15,False,,,9.97,33.5,12.0,1.73,10.9,59.0,11.5,76.5,52.9,8.8,4.3,5.0,5.8,94.2,0.0,94.2,390.0,105.0,62.0
2023,Antoine Green,WR,North Carolina,74.0,199.0,4.47,33.5,123.0,,6.99,4.27,True,7.0,219.0,8.68,32.12,9.0,2.34,18.6,66.2,18.1,144.3,50.0,6.5,5.1,9.0,2.3,97.7,0.0,96.9,341.0,65.0,43.0
2023,Jadon Haselwood,WR,Arkansas,74.0,215.0,4.66,37.0,123.0,,6.98,4.31,False,,,7.79,31.25,12.0,2.28,11.9,77.6,6.9,118.4,25.0,7.8,6.5,16.0,80.7,14.0,0.9,96.3,309.0,76.0,59.0
2023,Malik Heath,WR,Mississippi,74.0,213.0,4.64,34.0,124.0,,6.96,4.46,False,,,6.58,32.5,13.0,2.56,16.2,69.0,13.0,115.6,42.9,7.7,6.0,7.0,6.3,93.5,0.2,91.6,380.0,87.0,60.0
2023,Elijah Higgins,WR,Stanford,75.0,235.0,4.54,35.0,126.0,,7.01,,True,6.0,197.0,8.94,31.75,12.0,1.83,11.9,72.0,7.1,90.7,30.8,6.3,7.0,15.0,79.0,18.5,2.0,95.1,385.0,82.0,59.0
2023,Xavier Hutchinson,WR,Iowa St.,74.0,203.0,4.53,36.0,116.0,,6.91,4.35,True,6.0,205.0,,31.38,12.0,2.72,10.9,66.5,9.2,92.4,45.2,5.3,4.2,13.0,29.3,70.1,0.4,95.3,430.0,161.0,107.0
2023,Jalin Hyatt,WR,Tennessee,72.0,176.0,4.4,40.0,135.0,,,,True,3.0,73.0,8.76,32.5,12.0,3.27,18.9,75.3,14.1,156.5,60.0,6.9,7.3,8.0,87.3,12.2,0.2,91.1,387.0,89.0,67.0
2023,Andrei Iosivas,WR,Princeton,75.0,205.0,4.43,39.0,128.0,19.0,6.85,4.12,False,,,9.96,32.0,,,,,,,,,,,,,,,,,
2023,Kearis Jackson,WR,Georgia,71.0,196.0,4.55,,126.0,,,,False,,,7.56,31.25,15.0,2.33,15.1,67.7,10.7,101.1,66.7,4.5,5.6,3.0,87.5,11.1,1.4,94.4,136.0,31.0,21.0
2023,Rakim Jarrett,WR,Maryland,72.0,192.0,4.44,35.5,123.0,13.0,,,False,,,8.41,31.38,11.0,1.6,11.8,62.5,8.9,100.5,14.3,16.7,6.8,4.0,94.6,5.1,0.0,93.9,295.0,64.0,40.0
2023,Michael Jefferson,WR,Louisiana,76.0,199.0,4.56,37.0,133.0,16.0,7.03,4.56,False,,,8.67,32.5,12.0,2.75,15.9,61.4,15.4,112.0,42.1,7.3,5.0,8.0,16.2,83.8,0.0,95.8,295.0,83.0,51.0
2023,Jaray Jenkins,WR,LSU,74.0,204.0,4.6,29.5,,20.0,,,False,,,4.09,31.75,13.0,1.39,15.0,67.5,14.8,140.0,58.3,6.9,4.0,4.0,9.2,90.8,0.0,92.4,290.0,40.0,27.0
2023,CJ Johnson,WR,East Carolina,74.0,224.0,,,,,,,False,,,3.81,32.75,13.0,2.38,15.2,72.0,10.0,139.0,50.0,4.3,6.9,15.0,79.2,19.2,0.4,94.2,426.0,93.0,67.0
2023,Quentin Johnston,WR,TCU,75.0,208.0,,40.5,134.0,,,,True,1.0,21.0,,33.62,14.0,3.05,17.8,61.9,12.9,102.9,34.8,11.8,8.9,19.0,15.6,84.4,0.0,95.9,350.0,97.0,60.0
2023,Charlie Jones,WR,Purdue,71.0,175.0,4.43,36.5,124.0,13.0,,,True,4.0,131.0,,31.62,13.0,2.7,12.4,71.4,11.1,119.0,52.4,2.7,3.9,6.0,11.6,88.4,0.0,94.2,505.0,154.0,110.0
2023,Dontay Demus Jr.,WR,Maryland,75.0,212.0,4.57,35.5,123.0,,,4.39,False,,,7.85,34.25,12.0,0.85,10.6,52.4,9.8,66.9,23.1,8.3,5.1,6.0,4.1,95.9,0.0,93.5,274.0,42.0,22.0
2023,Malik Knowles,WR,Kansas St.,74.0,196.0,,,,,,,False,,,,32.25,14.0,2.13,15.0,63.2,10.2,86.6,26.7,4.0,7.0,13.0,6.8,93.2,0.0,95.5,339.0,76.0,48.0
2023,Matt Landers,WR,Arkansas,76.0,200.0,4.37,37.0,130.0,,,,False,,,9.85,32.5,13.0,2.33,19.2,65.3,14.4,145.6,40.9,7.8,6.0,14.0,11.1,88.7,0.2,95.1,387.0,72.0,47.0
2023,Marvin Mims,WR,Oklahoma,71.0,183.0,4.38,39.5,129.0,,6.9,,True,2.0,63.0,9.41,,13.0,2.75,20.0,62.1,17.0,123.8,54.5,6.9,8.1,7.0,30.1,68.7,0.2,94.0,394.0,87.0,54.0
2023,Jonathan Mingo,WR,Mississippi,74.0,220.0,4.46,39.5,129.0,22.0,,,True,2.0,39.0,9.87,32.12,13.0,2.14,16.9,58.6,14.5,87.4,41.2,7.3,7.3,8.0,35.0,55.9,9.1,91.4,402.0,87.0,51.0
2023,Jalen Moreno-Cropper,WR,Fresno St.,71.0,172.0,4.4,,121.0,,,,False,,,,,14.0,2.39,13.1,73.5,10.2,107.1,25.0,6.7,6.4,15.0,17.2,82.6,0.2,95.2,455.0,113.0,83.0
2023,Puka Nacua,WR,BYU,74.0,201.0,,,,,,,True,5.0,177.0,5.18,31.5,,,,,,,,,,,,,,,,,
2023,Joseph Ngata,WR,Clemson,75.0,217.0,4.54,34.5,124.0,,,,False,,,7.3,33.12,14.0,1.57,12.8,61.2,12.5,77.1,42.9,6.8,3.6,5.0,4.0,96.0,0.0,96.0,334.0,67.0,41.0
2023,Trey Palmer,WR,Nebraska,72.0,192.0,4.33,,,,,,True,6.0,191.0,6.18,31.88,12.0,3.26,14.7,64.5,13.5,103.7,30.4,12.3,5.4,13.0,67.3,32.1,0.3,95.2,320.0,110.0,71.0
2023,A.T. Perry,WR,Wake Forest,76.0,198.0,4.47,35.0,133.0,,,,True,6.0,195.0,9.62,33.25,13.0,2.57,13.6,62.8,14.7,102.2,44.0,9.0,2.0,5.0,8.8,91.2,0.0,94.7,428.0,129.0,81.0
2023,Jayden Reed,WR,Michigan St.,71.0,187.0,4.45,33.5,121.0,,,4.29,True,2.0,50.0,,30.5,11.0,1.83,11.6,65.5,11.8,103.1,64.7,8.3,4.0,3.0,22.2,77.0,0.0,91.8,347.0,84.0,55.0
2023,Rashee Rice,WR,SMU,73.0,204.0,4.51,41.0,128.0,,,,True,2.0,55.0,,32.75,12.0,3.05,14.0,61.5,11.2,99.9,48.5,8.6,6.2,19.0,17.3,82.5,0.2,93.8,440.0,156.0,96.0
2023,Tyler Scott,WR,Cincinnati,70.0,177.0,4.44,39.5,133.0,,,,True,4.0,133.0,8.61,30.88,11.0,2.5,16.4,62.5,12.7,116.9,55.0,11.3,6.6,9.0,3.2,96.5,0.3,97.6,362.0,88.0,55.0
2023,Justin Shorter,WR,Florida,76.0,229.0,4.55,35.5,126.0,18.0,,,True,5.0,150.0,7.94,33.75,9.0,2.42,19.9,56.9,17.7,93.3,50.0,0.0,3.0,0.0,16.6,82.6,0.4,96.4,238.0,51.0,29.0
2023,Jaxon Smith-Njigba,WR,Ohio St.,73.0,196.0,,35.0,125.0,,6.57,3.93,True,1.0,20.0,8.34,30.5,3.0,0.98,9.8,50.0,12.1,64.1,0.0,0.0,3.5,0.0,85.0,12.5,0.0,100.0,40.0,8.0,4.0
2023,Cedric Tillman,WR,Tennessee,75.0,213.0,4.54,37.0,128.0,,,,True,3.0,74.0,8.67,32.75,6.0,2.01,11.3,62.7,14.4,93.7,42.9,5.1,2.9,3.0,11.4,88.6,0.0,90.4,207.0,59.0,37.0
2023,Mitchell Tinsley,WR,Penn St.,72.0,199.0,4.6,35.5,120.0,14.0,,4.21,False,,,7.41,32.38,13.0,1.6,11.3,65.4,11.9,103.4,62.5,7.3,4.2,8.0,27.8,71.9,0.3,93.8,361.0,78.0,51.0
2023,Tre Tucker,WR,Cincinnati,69.0,182.0,4.4,37.5,124.0,,,,True,3.0,100.0,7.16,28.88,12.0,2.24,12.8,66.3,8.1,105.2,36.4,10.2,6.3,10.0,96.5,3.2,0.3,96.5,303.0,80.0,53.0
2023,Parker Washington,WR,Penn St.,70.0,204.0,,,,16.0,,,True,6.0,185.0,,29.0,10.0,2.18,13.3,69.7,10.3,89.9,71.4,6.1,6.3,14.0,71.2,28.1,0.3,92.7,280.0,66.0,46.0
2023,Jalen Wayne,WR,South Alabama,74.0,210.0,4.51,34.5,124.0,,,,False,,,6.59,32.12,13.0,1.88,14.2,57.0,14.0,88.4,23.1,10.9,5.0,6.0,18.9,81.1,0.0,96.0,432.0,100.0,57.0
2023,Dontayvion Wicks,WR,Virginia,73.0,206.0,4.62,39.0,130.0,,,,True,5.0,159.0,9.17,32.38,8.0,1.45,14.3,41.7,14.6,59.4,21.4,23.1,4.1,7.0,8.9,91.1,0.0,94.0,296.0,72.0,30.0
2023,Michael Wilson,WR,Stanford,74.0,213.0,4.58,37.5,125.0,23.0,,4.27,True,3.0,94.0,9.55,31.0,6.0,2.3,15.6,67.5,10.4,135.5,50.0,12.9,6.9,2.0,23.7,76.3,0.0,94.3,183.0,40.0,27.0
