Pick Taken,Grade,,IN,Combine,Senior,Shrine,Hula,RP,Name,School,Conference,Pos,Pos Rank,Class,#,HT,WT,Hand,Arm,Wing,10,40,BP,3c,Shuttle,VJ,BJ,DOB,Age,Final Grade,Difference,DB Grade,Cutoff Count,Speed Adjust,Size Adjust,Senior/Shrine Adjust,Combine Adjust,Year Adjust,Raw Grade,Posistional Value ,Man,Zone,RAS,Hands,YAC,Separation,Age,Size,Contested Catch,Press
,,,,,,,,,,,,,,,,,,,,,,,,,,,,,,,,,,,,,,,,1.08,25%,25%,15%,10%,15%,"Check ""Raw Grade"" formula for % if this is filled in",5%,,5%,
4,1,1st,TRUE,TRUE,FALSE,FALSE,FALSE,TRUE,Marvin Harrison Jr.,Ohio State,Big Ten,WR,WR1,3JR,18,6032,209,948,3178,7728,1.55,4.55,DNP,DNP,DNP,DNP,DNP,8-11-02,21.7,9.58,0.13,9.45,0,9.7,9.7,9.4,9.4,9.4,8.9,,8.57,8.7,9.5,3.2,2.9,9.02,7.6,8.5,6.6,9.93
9,1,1st,TRUE,TRUE,TRUE,TRUE,FALSE,TRUE,Rome Odunze,Washington,Pac-12,WR,WR2,4JR,1,6027,212,928,3228,7668,1.54,4.45,DNP,6.88,4.03,39,1004,6-3-02,21.9,9.42,0.32,9.10,0,9.7,9.7,9.4,9.2,9.2,9.2,,8.52,6.9,9.92,8.2,5.7,8.96,7.0,8.6,10.5,10.37
6,1,1st,TRUE,TRUE,FALSE,FALSE,FALSE,TRUE,Malik Nabers,LSU,SEC,WR,WR3,3JR,8,6002,199,978,3138,7618,1.56,4.38,15,DNP,DNP,42,1009,7-28-03,20.8,9.39,-0.01,9.40,0,9.4,9.4,9.3,9.3,9.3,8.8,,8.33,8.4,9.67,7.0,8.2,7.81,10.8,5.5,4.7,6.58
23,1,1st,TRUE,TRUE,FALSE,FALSE,FALSE,TRUE,Brian Thomas Jr.,LSU,SEC,WR,WR4,3JR,11,6027,209,968,3268,7958,1.52,4.33,11,DNP,DNP,38.5,1006,10-8-02,21.6,8.12,-0.08,8.20,0,8.0,7.8,7.6,7.6,7.6,7.1,,4.65,5.9,9.84,6.5,5.0,6.5,8.1,8.3,6.8,7.6
52,1,1st-2nd,TRUE,TRUE,FALSE,FALSE,FALSE,TRUE,Adonai Mitchell,Texas,Big 12,WR,WR5,3JR,5,6022,205,900,3238,7758,1.48,4.34,DNP,DNP,DNP,39.5,1104,10-8-02,21.6,7.59,0.17,7.42,0,7.8,7.5,7.3,7.3,7.3,6.8,,5.13,3.7,9.99,9.7,3.4,7.2,8.1,7.7,5.0,7.7
102,2,1st-2nd,TRUE,TRUE,FALSE,FALSE,FALSE,TRUE,Troy Franklin,Oregon,Pac-12,WR,WR6,3JR,11,6017,176,868,3178,7728,1.54,4.41,DNP,6.9,4.31,39,1004,2-6-03,21.2,7.46,0.47,6.99,1,7.9,7.9,8.0,8.0,8.0,7.5,,7.57,7.6,9.02,3.2,5.6,6.9,9.2,4.4,4.8,3.32
34,2,2nd,TRUE,TRUE,TRUE,FALSE,FALSE,TRUE,Ladd McConkey,Georgia,SEC,WR,WR7,4JR,84,5115,186,858,3028,7200,1.52,4.39,13,6.72,3.97,36,1004,11-11-01,22.5,7.36,-0.09,7.45,2,7.3,7.1,7.2,7.0,7.0,7.0,,5.57,9.2,9.34,5.3,6.9,8.3,5.1,3.6,5.0,-1.1
31,2,2nd,TRUE,TRUE,TRUE,TRUE,FALSE,TRUE,Ricky Pearsall,Florida,SEC,WR,WR8,5SR,1,6010,191,928,3078,7338,1.49,4.41,17,6.64,4.05,42,1009,9-9-00,23.6,7.28,0.19,7.09,0,7.5,7.5,7.5,7.3,7.3,7.5,,7.29,5.7,9.91,8.6,4.5,9.9,1.2,5,4.3,3.84
225,2,2nd-3rd,TRUE,TRUE,TRUE,FALSE,FALSE,FALSE,Brenden Rice,USC,Pac-12,WR,WR9,4SR,2,6023,208,958,3300,7800,1.59,4.5,13,6.95,4.45,36.5,911,3-18-02,22.1,7.01,0.56,6.45,0,7.6,7.6,7.4,7.2,7.2,7.2,,7.71,6.1,7.17,7.3,5.1,,6.3,8.0,6.1,
28,3,2nd-3rd,TRUE,TRUE,FALSE,FALSE,FALSE,TRUE,Xavier Worthy,Texas,Big 12,WR,WR10,3JR,1,5112,165,868,3118,7428,1.44,4.21,DNP,DNP,DNP,41,1011,4-27-03,21.0,6.99,-0.06,7.05,1,6.9,6.4,6.6,6.6,6.6,6.1,,4.21,5.1,9.41,5.8,6.9,6.2,10.0,2.1,1.8,2.78
80,3,2nd-3rd,TRUE,TRUE,TRUE,FALSE,FALSE,TRUE,Jermaine Burton,Alabama,SEC,WR,WR11,4SR,3,6002,196,978,3100,7518,1.59,4.45,DNP,DNP,DNP,38.5,1101,6-28-01,22.8,6.97,0.46,6.51,0,7.4,7.4,7.4,7.2,7.2,7.2,,6.35,6.6,9.09,10.2,0.8,7.7,3.9,5.2,5.5,5.84
37,3,3rd,TRUE,TRUE,TRUE,FALSE,FALSE,TRUE,Ja'Lynn Polk,Washington,Pac-12,WR,WR12,4JR,2,6013,203,968,3168,7448,1.59,4.52,DNP,DNP,DNP,37.5,1009,04-11-02,22.0,6.87,0.09,6.78,0,7.0,7.0,6.8,6.7,6.7,6.7,,6.52,4.3,8.84,6.1,3.9,6.3,6.5,6.8,5.8,5.69
33,3,3rd,TRUE,TRUE,FALSE,FALSE,FALSE,TRUE,Keon Coleman,Florida State,ACC,WR,WR13,3JR,4,6032,213,938,3218,7818,1.62,4.61,DNP,DNP,DNP,38,1007,5-17-03,20.9,6.86,-0.42,7.28,2,6.4,6.6,6.4,6.4,6.4,5.9,,5.31,3.5,8.18,8.0,7.2,4.7,10.2,8.9,6.6,1.39
184,3,3rd,TRUE,TRUE,FALSE,TRUE,FALSE,TRUE,Malik Washington,Virginia,ACC,WR,WR14,5SR,4,5084,191,928,3038,7278,1.57,4.47,19,6.87,4.26,42.5,1006,10-20-00,23.5,6.81,0.13,6.69,2,6.9,6.9,7.1,7.0,7.0,7.2,,8.04,8.2,8.63,8.6,7.5,7.3,1.6,2.6,5.1,-0.83
32,3,3rd,TRUE,TRUE,TRUE,FALSE,FALSE,TRUE,Xavier Legette,South Carolina,SEC,WR,WR15,5SR,17,6010,221,900,3178,7748,1.57,4.39,24,DNP,DNP,40,1006,1-29-01,23.2,6.75,-0.02,6.77,0,6.7,6.7,6.5,6.4,6.4,6.5,,7.02,6.2,9.90,7.6,4.0,4.5,2.5,7.9,4.7,1.89
110,3,3rd,TRUE,TRUE,TRUE,FALSE,FALSE,TRUE,Javon Baker,UCF,AAC,WR,WR16,4SR,1,6012,202,958,3228,7828,1.58,4.54,DNP,DNP,DNP,37,1001,2-18-02,22.2,6.73,0.43,6.30,0,7.2,7.2,7.1,6.9,6.9,6.9,,7.56,5.1,7.83,1.6,6.2,6.6,6.0,6.6,6.9,5.72
65,3,3rd,TRUE,TRUE,TRUE,TRUE,FALSE,FALSE,Malachi Corley,Western Kentucky,C-USA,WR,WR17,4SR,11,5105,207,900,3100,7478,1.59,4.56,DNP,DNP,4.22,DNP,DNP,3-21-02,22.1,6.64,-0.38,7.02,1,6.3,6.3,6.2,6.0,6.0,6.0,,7.78,2.7,6.45,5.4,7.7,,5.3,6.1,1.1,
84,3,3rd,TRUE,TRUE,TRUE,FALSE,FALSE,TRUE,Roman Wilson,Michigan,Big Ten,WR,WR18,4SR,1,5106,185,938,3038,7248,1.51,4.39,12,6.89,4.07,DNP,DNP,06-19-01,22.9,6.61,-0.56,7.18,2,6.1,5.9,6.0,5.9,5.9,5.9,,6.8,6.1,8.6,9.3,2.3,3.4,3.8,2.8,4.9,0.24
185,3,3rd-4th,TRUE,TRUE,TRUE,FALSE,FALSE,TRUE,Johnny Wilson,Florida State,ACC,WR,WR19,4JR,,6063,231,1000,3538,8448,1.59,4.52,DNP,DNP,DNP,37,1008,4-3-01,23.1,6.55,0.55,6.00,0,7.1,7.1,6.8,6.6,6.6,6.6,,5.4,5.4,9.7,0.8,4.8,6.1,3.1,10,6.3,8.41
113,3,3rd-4th,TRUE,TRUE,TRUE,FALSE,FALSE,FALSE,Devontez Walker,North Carolina,ACC,WR,WR20,4JR,9,6014,193,918,3328,7918,1.51,4.36,DNP,DNP,4.30,40.5,1102,06-19-01,22.9,6.53,-0.07,6.60,0,6.5,6.3,6.2,6.1,6.1,6.1,,4.61,7.1,9.76,5.1,1.8,,3.8,5.8,5.2,
241,4,4th,TRUE,TRUE,FALSE,TRUE,TRUE,FALSE,Tahj Washington,USC,Pac-12,WR,WR21,5SR,16,5096,174,838,2918,7000,1.63,4.52,DNP,6.84,4.22,35,1003,5-16-01,23.0,6.25,0.75,5.50,4,7.0,7.1,7.4,7.3,7.3,7.5,,7.72,6.4,5.13,9.7,8.8,,3.5,1.4,3.4,
100,5,4th-5th,TRUE,TRUE,TRUE,FALSE,FALSE,TRUE,Luke McCaffrey,Rice,C-USA,WR,WR22,5SR,,6015,198,958,3018,7448,1.56,4.46,DNP,6.7,4.02,36,1001,04-02-01,23.1,5.96,0.26,5.70,1,6.2,6.2,6.1,6.0,6.0,6.1,,3.86,5.5,9.44,8.1,4.2,,3.1,6.5,6.9,
152,5,5th,TRUE,TRUE,TRUE,FALSE,FALSE,FALSE,Ainias Smith,Texas A&M,SEC,WR,WR23,5SR,0,5093,190,848,2900,7028,1.57,4.55,21,6.84,4.26,DNP,DNP,5-31-01,22.9,5.79,0.54,5.25,2,6.3,6.3,6.5,6.3,6.3,6.5,,4.89,4.7,7.36,9.6,8.3,,3.6,2.7,2.4,
92,5,5th,TRUE,TRUE,TRUE,TRUE,FALSE,TRUE,Jalen McMillan,Washington,Pac-12,WR,WR24,4JR,11,6010,197,1000,3218,7738,1.62,4.47,DNP,6.94,4.18,37,1007,12-7-01,22.4,5.78,-0.62,6.40,1,5.2,5.2,5.2,5.1,5.1,5.1,,5.38,3.6,8.67,3.2,4.6,5.4,5.4,5.8,0.6,0.58
253,6,5th-6,TRUE,TRUE,FALSE,TRUE,FALSE,FALSE,Cornelius Johnson,Michigan,Big Ten,WR,WR25,5SR,6,6026,212,858,3178,7728,1.52,4.44,13,6.93,4.37,37.5,1007,11-29-00,23.4,5.48,0.08,5.40,0,5.6,5.6,5.4,5.3,5.3,5.5,,5.03,5,9.45,5.2,0.4,,2.0,8.5,8.9,
142,6,5th-6,TRUE,TRUE,FALSE,TRUE,FALSE,FALSE,Anthony Gould,Oregon State,Pac-12,WR,WR26,5SR,2,5083,174,878,2958,6978,1.5,4.39,DNP,6.94,4.16,39.5,1009,4-6-01,23.1,5.44,-0.31,5.75,3,5.1,5.0,5.2,5.1,5.1,5.3,,7.86,1,8.87,3.9,4.1,,3.1,0.87,3.4,
UDFA,6,6th,TRUE,TRUE,FALSE,TRUE,FALSE,FALSE,Isaiah Williams,Illinois,Big Ten,WR,WR27,5SR,1,5092,179,918,3018,7268,1.56,4.57,17,6.75,4.11,38,1008,1-29-01,23.2,5.38,0.58,4.80,4,6.0,6.0,6.2,6.1,6.1,6.3,,4.22,6,8.31,6.5,7.6,,2.5,1.8,1.5,
156,6,6th,TRUE,TRUE,TRUE,FALSE,FALSE,FALSE,Jamari Thrash,Louisville,ACC,WR,WR28,5SR,1,5116,188,858,3100,7448,1.52,4.46,DNP,7.16,DNP,34,1000,12-19-00,23.4,5.36,-0.24,5.60,1,5.1,5.1,5.2,5.0,5.0,5.2,,5.49,4.4,6.77,1.3,6.5,,2.1,3.9,1.9,
216,6,6th,TRUE,TRUE,TRUE,FALSE,FALSE,FALSE,Ryan Flournoy,SE Missouri State,,WR,WR29,6SR,,6006,202,1018,3158,7618,1.52,4.44,,,,,,,0.0,5.30,0.00,5.30,0,,0.0,0.0,,,,,,,,,,,,,,
135,6,6th,TRUE,TRUE,TRUE,FALSE,FALSE,FALSE,Jacob Cowing,Arizona,Pac-12,WR,WR30,5SR,2,5083,168,900,2928,6918,1.52,4.38,13,7.02,4.32,36,1001,2-4-01,23.2,5.14,-1.11,6.25,3,4.0,3.9,4.1,4.0,4.0,4.1,,5.85,2.1,6.28,4.2,1.8,,2.6,0.6,1.0,
UDFA,7,6th-7th,TRUE,TRUE,FALSE,TRUE,TRUE,FALSE,Jalen Coker,Holy Cross,,WR,WR31,4JR,,6013,208,978,3278,7668,1.6,4.57,,,,,,,0.0,4.90,0.00,4.90,1,,0.0,0.0,,,,,,,,,,,,,,
UDFA,7,7th,TRUE,TRUE,FALSE,TRUE,FALSE,FALSE,Lideatrick Griffin,Mississippi St.,SEC,WR,WR32,4SR,5,5100,181,918,3058,7268,1.54,4.43,DNP,7,4.35,35.5,1004,1-23-01,23.3,4.90,0.15,4.75,3,5.0,5.0,5.2,5.1,5.1,5.1,,6.18,1.9,6.95,3.1,7.5,,2.5,2.16,2.9,
UDFA,7,7th,TRUE,FALSE,FALSE,TRUE,TRUE,FALSE,Joshua Cephus,UTSA,C-USA,WR,WR33,5SR,2,6021,193,918,3158,7600,1.52,4.58,DNP,7.12,4.37,32.5,1002,3-5-01,23.1,4.81,0.31,4.50,2,5.1,5.1,5.1,5.0,5.9,6.0,,6.58,4.3,5.93,9.3,4.8,,2.8,6.36,3.6,
170,7,7th,TRUE,TRUE,FALSE,TRUE,FALSE,FALSE,Bub Means,Pittsburgh,ACC,WR,WR34,5SR,0,6010,212,1018,3328,7938,1.56,4.43,19,DNP,4.40,39.5,1002,1-10-01,23.3,4.76,-0.24,5.00,0,4.5,4.5,4.4,4.4,4.4,4.5,,1.68,4.5,9.35,5.7,1.6,,2.3,7.47,5.8,
213,7,7th,TRUE,TRUE,TRUE,FALSE,FALSE,FALSE,Jordan Whittington,Texas,Big 12,WR,WR35,5SR,13,6005,205,1000,3038,7358,DNP,DNP,18,DNP,DNP,DNP,DNP,10-1-00,23.6,4.62,0.02,4.60,1,4.6,4.8,4.7,4.6,4.6,4.7,,4.67,2.2,5,5.4,6.3,,1.4,6.5,7.0,
182,7,7th-PFA,TRUE,TRUE,TRUE,TRUE,FALSE,FALSE,Jha'Quan Jackson,Tulane,AAC,WR,WR36,5SR,4,5091,188,878,3078,7478,1.54,4.42,12,DNP,DNP,32,910,5-12-00,24.0,4.57,-1.23,5.80,2,3.3,3.3,3.4,3.4,3.4,3.4,,0.71,5.3,5.34,0.7,4.7,,0.1,2.4,2.0,
UDFA,7,7th-PFA,TRUE,TRUE,TRUE,FALSE,FALSE,FALSE,Marcus Rosemy-Jacksaint,Georgia,SEC,WR,WR37,4SR,1,6011,206,1000,3300,7768,1.66,4.81,11,7.35,4.45,35,911,1-8-02,22.3,4.55,0.24,4.31,3,4.8,4.9,4.9,4.8,4.8,4.8,,3.19,6.7,1.68,9.0,1.5,,5.6,5.78,5.9,
UDFA,7,7th-PFA,TRUE,FALSE,FALSE,FALSE,FALSE,FALSE,Mason Tipton,Yale,,WR,WR38,5SR,,5097,179,918,2948,7100,1.46,4.33,,,,,,,0.0,4.55,0.00,4.55,2,,0.0,0.0,,,,,,,,,,,,,,
UDFA,UDFA,7th-PFA,TRUE,TRUE,FALSE,FALSE,FALSE,FALSE,Xavier Weaver,Colorado,Pac-12,WR,WR39,5SR,10,6002,175,878,3118,7328,1.48,4.47,DNP,7,4.30,37,1007,10-12-00,23.5,4.44,-0.66,5.10,1,3.8,3.8,3.9,4.3,4.3,4.4,,4.26,2,7.9,5.5,3.7,,1.5,2.88,2.9,
UDFA,UDFA,PFA,TRUE,FALSE,FALSE,FALSE,FALSE,FALSE,Jaxon Janke,South Dakota State,,WR,WR40,6SR,,6023,214,878,3048,7578,1.54,4.58,,,,,,,0.0,4.37,0.00,4.37,2,,0.0,0.0,,,,,,,,,,,,,,
UDFA,UDFA,PFA,TRUE,FALSE,FALSE,FALSE,FALSE,FALSE,John Jiles,West Florida,,WR,WR41,6SR,,6026,219,968,3438,8168,1.57,4.56,,,,,,,0.0,4.19,0.00,4.19,1,,0.0,0.0,,,,,,,,,,,,,,
UDFA,UDFA,PFA,TRUE,FALSE,FALSE,FALSE,FALSE,FALSE,Cole Burgess,SUNY Cortland,,WR,WR42,6SR,,6004,192,918,3048,7358,1.43,4.45,,,,,,,0.0,4.16,0.00,4.16,1,,0.0,0.0,,,,,,,,,,,,,,
191,UDFA,PFA,TRUE,FALSE,FALSE,FALSE,FALSE,FALSE,Tejhaun Palmer,UAB,C-USA,WR,WR43,6SR,,6016,210,978,3368,7800,1.54,4.45,,,,,,,0.0,4.13,0.00,4.13,0,,0.0,0.0,,,,,,,,,,,,,,
UDFA,UDFA,PFA,TRUE,FALSE,FALSE,FALSE,FALSE,FALSE,Jadon Janke,South Dakota State,,WR,WR44,6SR,,6021,212,900,3038,7378,1.53,4.53,,,,,,,0.0,4.07,0.00,4.07,1,,0.0,0.0,,,,,,,,,,,,,,
UDFA,UDFA,PFA,TRUE,FALSE,FALSE,FALSE,FALSE,FALSE,Tyler Harrell,Miami,ACC,WR,WR45,6SR,,6003,193,948,3200,7700,1.5,4.25,,,,,,,0.0,4.04,0.00,4.04,0,,0.0,0.0,,,,,,,,,,,,,,
187,UDFA,UDFA,TRUE,FALSE,FALSE,TRUE,TRUE,FALSE,Casey Washington,Illinois,Big Ten,WR,WR46,5SR,14,6007,201,978,3118,7600,1.57,4.46,13,7.39,4.43,39.5,1007,3-6-01,23.1,3.92,-0.58,4.50,1,3.3,3.3,3.3,3.3,3.8,3.9,,2.6,2.3,7.33,7.1,3.1,,2.9,6.29,,
UDFA,UDFA,UDFA,TRUE,FALSE,FALSE,FALSE,FALSE,FALSE,David White,Western Carolina,,WR,WR47,,,6021,201,,,,1.59,4.58,14,7.05,4.07,36,,,0.0,3.74,NA,3.74,,,0.0,0.0,,,,,,,,,,,,,,
UDFA,UDFA,UDFA,TRUE,FALSE,FALSE,FALSE,FALSE,FALSE,Ty James,Mercer,,WR,WR48,,,6002,199,,,,1.71,4.57,DNP,7.28,4.13,33,,,0.0,3.72,NA,3.72,,,0.0,0.0,,,,,,,,,,,,,,
UDFA,UDFA,UDFA,TRUE,FALSE,FALSE,FALSE,FALSE,FALSE,Isaiah Wooden,Southern Utah,,WR,WR49,,,5070,176,,,,1.38,4.35,13,6.9,4.52,44.5,,,0.0,3.69,NA,3.69,,,0.0,0.0,,,,,,,,,,,,,,
UDFA,UDFA,UDFA,TRUE,TRUE,FALSE,TRUE,FALSE,FALSE,Tayvion Robinson,Kentucky,SEC,WR,WR50,5SR,9,5104,191,928,3100,7528,1.62,4.75,13,7.02,4.56,32,909,10-1-00,23.6,3.68,-0.66,4.34,3,3.0,3.1,3.2,3.1,3.1,3.2,,3.4,3.9,1.4,1.5,3.5,,1.4,3.4,3.7,
235,UDFA,UDFA,TRUE,TRUE,FALSE,FALSE,FALSE,FALSE,Devaughn Vele,Utah,Pac-12,WR,WR51,5SR,17,6040,203,968,3348,7918,1.58,4.47,11,7.02,4.33,36,1006,12-12-97,26.4,3.68,-0.72,4.40,0,3.0,3.0,2.9,3.2,3.2,3.3,,2.32,1.3,8.46,7.3,1.7,,-7.9,8.23,5.1,
UDFA,UDFA,UDFA,TRUE,FALSE,FALSE,FALSE,FALSE,FALSE,Sam Schnee,Northern Iowa,,WR,WR52,,,5103,191,,,,1.63,4.6,17,6.85,4.13,36.5,,,0.0,3.66,NA,3.66,,,0.0,0.0,,,,,,,,,,,,,,
UDFA,UDFA,UDFA,TRUE,FALSE,FALSE,FALSE,FALSE,FALSE,Hayden Hatten,Idaho,,WR,WR53,,,6012,207,,,,1.61,4.69,14,7.17,4.22,39,,,0.0,3.64,NA,3.64,,,0.0,0.0,,,,,,,,,,,,,,
UDFA,UDFA,UDFA,TRUE,FALSE,FALSE,FALSE,FALSE,FALSE,Beau Corrales,Texas State,Sun Belt,WR,WR54,,,6027,214,,,,1.6,4.54,21,7.07,4.23,37,,,0.0,3.62,NA,3.62,,,0.0,0.0,,,,,,,,,,,,,,
UDFA,UDFA,UDFA,TRUE,FALSE,FALSE,TRUE,FALSE,FALSE,Drake Stoops,Oklahoma,Big 12,WR,WR55,6SR,12,5095,186,848,2900,6948,1.63,4.71,8,7.04,4.32,30,811,6-16-99,24.9,3.61,-0.61,4.22,7,3.0,3.1,3.2,3.1,3.7,4.1,,4.62,4.1,1.07,5.9,5.4,,-2.9,2.49,4.3,
UDFA,UDFA,UDFA,TRUE,FALSE,FALSE,FALSE,FALSE,FALSE,Kameron Johnson,Barton College,,WR,WR56,,,5085,184,,,,1.54,4.46,21,7.05,4.33,37.5,,,0.0,3.61,NA,3.61,,,0.0,0.0,,,,,,,,,,,,,,
UDFA,UDFA,UDFA,TRUE,FALSE,FALSE,FALSE,FALSE,FALSE,Cole Beck,Virginia Tech,ACC,WR,WR57,,,5117,188,,,,1.55,4.33,DNP,7.08,4.25,37.5,,,0.0,3.59,NA,3.59,,,0.0,0.0,,,,,,,,,,,,,,
UDFA,UDFA,UDFA,TRUE,FALSE,FALSE,FALSE,FALSE,FALSE,Wayne Ruby,Mount Union,,WR,WR58,,,5111,187,,,,1.63,4.64,8,7.06,4.37,30,,,0.0,3.56,NA,3.56,,,0.0,0.0,,,,,,,,,,,,,,
UDFA,UDFA,UDFA,TRUE,FALSE,FALSE,FALSE,FALSE,FALSE,Leon Johnson,Oklahoma State,Big 12,WR,WR59,,,6046,210,,,,1.58,4.54,6,7.16,4.38,35,,,0.0,3.52,NA,3.52,,,0.0,0.0,,,,,,,,,,,,,,
UDFA,UDFA,UDFA,TRUE,FALSE,FALSE,FALSE,FALSE,FALSE,Billy Bowens,Boise State,MWC,WR,WR60,,,6006,202,,,,1.59,4.44,16,6.9,4.31,39.5,,,0.0,3.51,NA,3.51,,,0.0,0.0,,,,,,,,,,,,,,
UDFA,UDFA,UDFA,TRUE,FALSE,FALSE,FALSE,FALSE,FALSE,Bryce Oliver,Youngstown State,,WR,WR61,,,6011,214,,,,1.64,4.55,12,7.15,4.31,32,,,0.0,3.48,NA,3.48,,,0.0,0.0,,,,,,,,,,,,,,
UDFA,UDFA,UDFA,TRUE,FALSE,FALSE,FALSE,FALSE,FALSE,Ajou Ajou,Garden City,,WR,WR62,,,6017,216,,,,DNP,DNP,DNP,DNP,DNP,DNP,,,0.0,3.45,NA,3.45,,,0.0,0.0,,,,,,,,,,,,,,
UDFA,UDFA,UDFA,TRUE,FALSE,FALSE,FALSE,FALSE,FALSE,Caleb Chapman,Incarnate Word,,WR,WR63,,,6043,213,,,,1.62,4.52,7,6.89,4.36,30.5,,,0.0,3.43,NA,3.43,,,0.0,0.0,,,,,,,,,,,,,,
UDFA,UDFA,UDFA,TRUE,FALSE,FALSE,FALSE,FALSE,FALSE,Tanner Knue,Eastern Michigan,MAC,WR,WR64,,,5103,179,,,,1.51,4.58,15,7.02,4.16,40,,,0.0,3.42,NA,3.42,,,0.0,0.0,,,,,,,,,,,,,,
UDFA,UDFA,UDFA,TRUE,FALSE,FALSE,FALSE,FALSE,FALSE,Sam Wiglusz,Ohio,MAC,WR,WR65,,,5105,189,,,,1.63,4.62,11,6.94,4.31,32.5,,,0.0,3.41,NA,3.41,,,0.0,0.0,,,,,,,,,,,,,,
UDFA,UDFA,UDFA,TRUE,FALSE,FALSE,FALSE,FALSE,FALSE,Dakota Caton,Indiana State,,WR,WR66,,,5090,178,,,,1.52,4.45,15,6.85,4.08,37.5,,,0.0,3.38,NA,3.38,,,0.0,0.0,,,,,,,,,,,,,,
UDFA,UDFA,UDFA,TRUE,FALSE,FALSE,FALSE,FALSE,FALSE,Praise Olatoke,Nigeria (Intl.),,WR,WR67,,,6021,197,,,,1.53,4.39,15,7.12,4.9,30,,,0.0,3.36,NA,3.36,,,0.0,0.0,,,,,,,,,,,,,,
UDFA,UDFA,UDFA,TRUE,FALSE,FALSE,FALSE,FALSE,FALSE,Marcus Riley,Florida A&M,,WR,WR68,,,5101,174,,,,1.55,4.44,12,6.95,4.31,34,,,0.0,3.35,NA,3.35,,,0.0,0.0,,,,,,,,,,,,,,
UDFA,UDFA,UDFA,TRUE,FALSE,FALSE,FALSE,FALSE,FALSE,Dre Tucker,Monmouth,,WR,WR69,,,6000,182,,,,1.61,4.63,8,6.83,4.37,34,,,0.0,3.29,NA,3.29,,,0.0,0.0,,,,,,,,,,,,,,
UDFA,UDFA,UDFA,TRUE,FALSE,FALSE,FALSE,FALSE,FALSE,Dev Holmes,New Haven,,WR,WR70,,,5076,176,,,,1.51,4.48,12,7.07,4.1,36.5,,,0.0,3.28,NA,3.28,,,0.0,0.0,,,,,,,,,,,,,,
UDFA,UDFA,UDFA,TRUE,FALSE,FALSE,FALSE,TRUE,FALSE,Ahmarean Brown,South Carolina,SEC,WR,WR71,5SR,10,5080,170,878,2968,7028,1.49,4.37,15,7.13,4.29,35,1000,12-19-00,23.4,3.26,-1.02,4.3,3,2.2,2.2,2.3,2.5,3.0,3.1,,0.01,0.5,6.45,2.7,9.0,,2.1,0.65,,
UDFA,UDFA,UDFA,TRUE,FALSE,FALSE,FALSE,FALSE,FALSE,Red Wilson,North Dakota,,WR,WR72,,,5064,170,,,,1.59,4.47,11,7.19,4.25,30,,,0.0,3.19,NA,3.19,,,0.0,0.0,,,,,,,,,,,,,,
UDFA,UDFA,UDFA,TRUE,FALSE,FALSE,FALSE,FALSE,FALSE,Jordan Kerley,SMU,AAC,WR,WR73,,,6007,185,,,,DNP,DNP,DNP,DNP,DNP,DNP,,,0.0,3.18,NA,3.18,,,0.0,0.0,,,,,,,,,,,,,,
UDFA,UDFA,UDFA,TRUE,FALSE,FALSE,FALSE,FALSE,FALSE,Ramel Keyton,Tennessee,SEC,WR,WR74,5SR,9,6023,191,978,3268,7918,1.57,4.47,DNP,7.07,4.42,33.5,1004,9-14-00,23.6,3.13,-0.97,4.10,0,2.2,2.2,2.1,2.4,2.8,2.9,,1.75,1,7.22,0.9,4.8,,1.3,6.27,,
UDFA,UDFA,UDFA,TRUE,FALSE,FALSE,FALSE,FALSE,FALSE,Smoke Harris,Louisiana Tech,C-USA,WR,WR75,,,5056,178,,,,1.58,4.6,13,7.14,4.45,33,,,0.0,3.12,NA,3.12,,,0.0,0.0,,,,,,,,,,,,,,
UDFA,UDFA,UDFA,TRUE,FALSE,FALSE,FALSE,FALSE,FALSE,Tim Patrick,Southern Utah,,WR,WR76,,,6002,192,,,,1.45,4.57,14,6.93,4.2,35,,,0.0,3.09,NA,3.09,,,0.0,0.0,,,,,,,,,,,,,,
UDFA,UDFA,UDFA,TRUE,FALSE,FALSE,FALSE,FALSE,FALSE,Zach McCarron-Mathis,North Dakota St.,,WR,WR77,,,6065,220,,,,1.63,4.63,DNP,7.14,4.51,36.5,,,0.0,3.07,NA,3.07,,,0.0,0.0,,,,,,,,,,,,,,
UDFA,UDFA,UDFA,TRUE,FALSE,FALSE,FALSE,FALSE,FALSE,Noah Frith,Liberty,Ind.,WR,WR78,,,6040,201,,,,1.59,4.62,DNP,6.84,4.42,36.5,,,0.0,3.05,NA,3.05,,,0.0,0.0,,,,,,,,,,,,,,
UDFA,UDFA,UDFA,TRUE,FALSE,FALSE,FALSE,FALSE,FALSE,CJ Hardy,Incarnate Word,,WR,WR79,,,5095,192,,,,1.61,4.59,15,6.65,4.5,36.5,,,0.0,3.02,NA,3.02,,,0.0,0.0,,,,,,,,,,,,,,
UDFA,UDFA,UDFA,TRUE,FALSE,FALSE,FALSE,FALSE,FALSE,Xavier Wade,Ferris State,,WR,WR80,,,6004,192,,,,1.57,4.55,8,7.07,4.32,38.5,,,0.0,2.99,NA,2.99,,,0.0,0.0,,,,,,,,,,,,,,
UDFA,UDFA,UDFA,TRUE,FALSE,FALSE,FALSE,FALSE,FALSE,Julian Hicks,Albany,,WR,WR81,,,6017,201,,,,1.52,4.53,DNP,6.77,4.4,36.5,,,0.0,2.97,NA,2.97,,,0.0,0.0,,,,,,,,,,,,,,
UDFA,UDFA,UDFA,TRUE,FALSE,FALSE,FALSE,TRUE,FALSE,Jeshaun Jones,Maryland,Big Ten,WR,WR82,6SR,,,,,,,1.55,4.51,DNP,6.95,4.15,33.5,,,0.0,2.97,-0.74,3.71,0,2.2,2.2,2.3,2.6,3.1,3.4,,3.82,2.7,,4.6,7.0,,0.0,,,
UDFA,UDFA,UDFA,TRUE,FALSE,FALSE,FALSE,FALSE,FALSE,DeVonte Tanksley,Tenn.-Martin,,WR,WR83,,,5086,160,,,,1.46,4.4,DNP,6.84,4.28,38,,,0.0,2.93,NA,2.93,,,0.0,0.0,,,,,,,,,,,,,,
UDFA,UDFA,UDFA,TRUE,FALSE,FALSE,FALSE,FALSE,FALSE,D'Ante' Cox,Southern Illinois,,WR,WR84,,,5102,180,,,,1.57,4.6,7,6.75,4.28,37,,,0.0,2.92,NA,2.92,,,0.0,0.0,,,,,,,,,,,,,,
UDFA,UDFA,UDFA,TRUE,FALSE,FALSE,FALSE,FALSE,FALSE,Zach Peterson,Michigan,Big Ten,WR,WR85,,,6003,185,,,,1.6,4.64,15,7.08,4.31,37.5,,,0.0,2.90,NA,2.90,,,0.0,0.0,,,,,,,,,,,,,,
UDFA,UDFA,UDFA,TRUE,FALSE,FALSE,FALSE,FALSE,FALSE,Sam Pinckney,Coastal Carolina,Sun Belt,WR,WR86,6SR,,6027,223,968,3228,7600,1.63,4.75,20,DNP,DNP,32.5,900,,0.0,2.87,-0.28,3.15,4,2.6,2.7,2.8,3.1,3.7,4.1,,5.58,6.8,,5.1,1.2,,0.0,,,
UDFA,UDFA,UDFA,TRUE,FALSE,FALSE,FALSE,FALSE,FALSE,Dee Williams,Tennessee,SEC,WR,WR87,,,5104,190,,,,1.65,4.56,DNP,7.35,4.37,30.5,,,0.0,2.87,NA,2.87,,,0.0,0.0,,,,,,,,,,,,,,
UDFA,UDFA,UDFA,TRUE,FALSE,FALSE,FALSE,FALSE,FALSE,Xavier Johnson,Ohio State,Big Ten,WR,WR88,6SR,0,6006,202,938,3238,7758,1.59,4.63,14,7,4.33,36,DNP,4-11-99,25.0,2.86,-1.39,4.3,1,1.5,1.5,1.5,1.6,1.9,2.1,,0,0.2,5.81,0.1,8.2,,-3.5,6.23,,
UDFA,UDFA,UDFA,TRUE,FALSE,FALSE,FALSE,FALSE,FALSE,Marcus Rogers,Troy,Sun Belt,WR,WR89,,,6034,200,,,,1.47,4.44,11,7.2,4.31,38.5,,,0.0,2.86,NA,2.86,,,0.0,0.0,,,,,,,,,,,,,,
UDFA,UDFA,UDFA,TRUE,FALSE,FALSE,FALSE,FALSE,FALSE,Brevin Easton,Albany,,WR,WR90,,,5104,187,,,,1.59,4.58,14,6.77,4.24,37.5,,,0.0,2.84,NA,2.84,,,0.0,0.0,,,,,,,,,,,,,,
UDFA,UDFA,UDFA,TRUE,FALSE,FALSE,FALSE,FALSE,FALSE,Barry Elliott,Fayetteville State,,WR,WR91,,,5095,166,,,,1.58,4.47,8,7.09,4.52,33,,,0.0,2.83,NA,2.83,,,0.0,0.0,,,,,,,,,,,,,,
UDFA,UDFA,UDFA,TRUE,FALSE,FALSE,FALSE,FALSE,FALSE,R.J. Starkey,Samford,,WR,WR92,,,6000,214,,,,1.5,4.45,11,7.1,4.31,36,,,0.0,2.82,NA,2.82,,,0.0,0.0,,,,,,,,,,,,,,
UDFA,UDFA,UDFA,TRUE,FALSE,FALSE,FALSE,FALSE,FALSE,Re-al Mitchell,San Diego,,WR,WR93,,,5102,206,,,,1.63,4.61,24,7.6,4.43,36.5,,,0.0,2.80,NA,2.80,,,0.0,0.0,,,,,,,,,,,,,,
UDFA,UDFA,UDFA,TRUE,FALSE,FALSE,FALSE,TRUE,FALSE,Dayton Wade,Ole Miss,SEC,WR,WR94,5SR,,5091,174,,,,1.56,4.45,11,7.06,4.21,37.5,,,0.0,2.77,-0.98,3.75,2,1.8,1.8,1.9,2.1,2.5,2.5,,2.62,3,,3.9,3.7,,0.0,,,
UDFA,UDFA,UDFA,TRUE,FALSE,FALSE,FALSE,FALSE,FALSE,Darrell Harding,Buffalo,MAC,WR,WR95,,,6032,207,,,,1.57,4.76,8,7.14,4.29,32.5,,,0.0,2.77,NA,2.77,,,0.0,0.0,,,,,,,,,,,,,,
UDFA,UDFA,UDFA,TRUE,FALSE,FALSE,FALSE,FALSE,FALSE,Carlos Hill,,,WR,WR96,,,5093,176,,,,1.57,4.45,DNP,7.1,4.5,37.5,,,0.0,2.76,NA,2.76,,,0.0,0.0,,,,,,,,,,,,,,
UDFA,UDFA,UDFA,TRUE,FALSE,FALSE,FALSE,FALSE,FALSE,DeAngelo Hardy,North Central (Ill.),,WR,WR97,,,6006,208,,,,1.61,4.59,16,7.12,4.44,30.5,,,0.0,2.74,NA,2.74,,,0.0,0.0,,,,,,,,,,,,,,
UDFA,UDFA,UDFA,TRUE,FALSE,FALSE,FALSE,FALSE,FALSE,Hendrix Johnson,Northern Arizona,,WR,WR98,,,5115,192,,,,1.6,4.44,10,7.36,4.39,37,,,0.0,2.73,NA,2.73,,,0.0,0.0,,,,,,,,,,,,,,
UDFA,UDFA,UDFA,TRUE,FALSE,FALSE,FALSE,TRUE,FALSE,Jalon Calhoun,Duke,,WR,WR99,5SR,,,,,,,1.58,4.64,11,7.44,4.47,34,,,0.0,2.71,-0.94,3.65,2,1.8,1.8,1.9,2.1,2.5,2.5,,4.85,0.9,,-1.7,7.3,,0.0,,,
UDFA,UDFA,UDFA,TRUE,FALSE,FALSE,FALSE,FALSE,FALSE,Devin Maddox,Toledo,MAC,WR,WR100,,,5073,157,,,,1.53,4.49,DNP,6.82,4.15,38.5,,,0.0,2.70,NA,2.70,,,0.0,0.0,,,,,,,,,,,,,,
UDFA,UDFA,UDFA,TRUE,FALSE,FALSE,FALSE,FALSE,FALSE,Terrell Vaughn,Utah State,MWC,WR,WR101,5SR,,5066,170,858,2858,6928,1.57,4.51,12,7.01,4.34,33.5,1001,,0.0,2.69,-0.44,3.13,3,2.2,2.2,2.4,2.6,3.1,3.2,,4.52,1.3,,9.7,3.3,,0.0,,,
UDFA,UDFA,UDFA,TRUE,FALSE,FALSE,FALSE,FALSE,FALSE,Xavier White,Texas Tech,Big 12,WR,WR102,6SR,,,,,,,1.64,4.46,14,7.03,4.2,31.5,,,0.0,2.68,-0.65,3.33,2,2.0,2.1,2.2,2.4,2.8,3.1,,2.49,3.3,,3.4,7.5,,0.0,,,
UDFA,UDFA,UDFA,TRUE,FALSE,FALSE,FALSE,FALSE,FALSE,Arland Bruce IV,Oklahoma State,Big 12,WR,WR103,,,5086,190,,,,1.7,4.77,10,6.98,4.18,28.5,,,0.0,2.67,NA,2.67,,,0.0,0.0,,,,,,,,,,,,,,
UDFA,UDFA,UDFA,TRUE,FALSE,FALSE,FALSE,TRUE,FALSE,Devin Carter,West Virginia,Big 12,WR,WR104,6SR,,,,,,,1.66,4.65,12,7.05,4.33,31.5,,,0.0,2.66,-0.83,3.49,3,1.8,1.9,2.0,2.2,2.6,2.9,,1.1,6.2,,3.0,3.7,,0.0,,,
UDFA,UDFA,UDFA,TRUE,FALSE,FALSE,FALSE,FALSE,FALSE,Bud Tolbert,UL-Monroe,,WR,WR105,,,6013,189,,,,1.72,4.68,12,7.22,4.59,34.5,,,0.0,2.66,NA,2.66,,,0.0,0.0,,,,,,,,,,,,,,
UDFA,UDFA,UDFA,TRUE,FALSE,FALSE,FALSE,FALSE,FALSE,Cam Johnson,Northwestern,Big Ten,WR,WR106,6SR,,,,,,,1.59,4.59,DNP,7,4.22,37,,,0.0,2.65,-0.81,3.46,1,1.8,1.8,1.9,2.2,2.5,2.8,,3.93,2.3,,4.8,3.8,,0.0,,,
UDFA,UDFA,UDFA,TRUE,FALSE,FALSE,FALSE,FALSE,FALSE,Quinton Lane,Jacksonville St.,,WR,WR107,,,6020,199,,,,1.59,4.65,10,7.34,4.66,28.5,,,0.0,2.63,NA,2.63,,,0.0,0.0,,,,,,,,,,,,,,
UDFA,UDFA,UDFA,TRUE,FALSE,FALSE,FALSE,FALSE,FALSE,Yemi Ward,St. Ambrose,,WR,WR108,,,5111,192,,,,1.65,4.58,4,7.66,4.56,37,,,0.0,2.60,NA,2.60,,,0.0,0.0,,,,,,,,,,,,,,
UDFA,UDFA,UDFA,TRUE,FALSE,FALSE,FALSE,FALSE,FALSE,Amad Anderson,Temple,AAC,WR,WR109,,,5100,169,,,,1.55,4.66,DNP,7.08,4.58,28,,,0.0,2.57,NA,2.57,,,0.0,0.0,,,,,,,,,,,,,,
UDFA,UDFA,UDFA,TRUE,FALSE,FALSE,FALSE,FALSE,FALSE,OJ Hiliare,Bowling Green,MAC,WR,WR110,,,5110,182,,,,1.58,4.57,13,7.21,4.38,32.5,,,0.0,2.56,NA,2.56,,,0.0,0.0,,,,,,,,,,,,,,
UDFA,UDFA,UDFA,TRUE,FALSE,FALSE,FALSE,FALSE,FALSE,Phillip Brooks,Kansas State,Big 12,WR,WR111,6SR,8,,,,,,1.53,4.5,DNP,6.75,4.02,37,,,0.0,2.55,-0.67,3.22,0,1.9,1.9,2.0,2.2,2.6,2.9,,1.61,3.7,,9.6,2.4,,0.0,,,
UDFA,UDFA,UDFA,TRUE,FALSE,FALSE,FALSE,FALSE,FALSE,Brian Jenkins,Olivet Nazarene,,WR,WR112,,,6007,202,,,,1.58,4.69,14,7.32,4.44,31,,,0.0,2.53,NA,2.53,,,0.0,0.0,,,,,,,,,,,,,,
UDFA,UDFA,UDFA,TRUE,FALSE,FALSE,FALSE,FALSE,FALSE,Noah Sarria,Colorado Mesa,,WR,WR113,,,5094,200,,,,1.54,4.54,14,7.21,4.28,34.5,,,0.0,2.51,NA,2.51,,,0.0,0.0,,,,,,,,,,,,,,
UDFA,UDFA,UDFA,TRUE,FALSE,FALSE,FALSE,FALSE,FALSE,Jaelen Gill,Fresno State,MWC,WR,WR114,6SR,,5114,189,918,3058,7428,1.6,4.51,15,7.09,4.36,34,911,,0.0,2.50,-0.11,2.61,1,2.4,2.4,2.6,2.8,3.3,3.7,,6.14,1.7,,7.5,4.9,,0.0,,,
UDFA,UDFA,UDFA,TRUE,FALSE,FALSE,FALSE,FALSE,FALSE,Anthony Frederick,Bryant,,WR,WR115,,,5096,182,,,,1.57,4.46,7,7.11,4.25,34.5,,,0.0,2.49,NA,2.49,,,0.0,0.0,,,,,,,,,,,,,,
UDFA,UDFA,UDFA,TRUE,FALSE,FALSE,FALSE,FALSE,FALSE,Ayir Asante,Wyoming,MWC,WR,WR116,5SR,,5096,181,878,3028,7200,1.63,4.51,14,7.01,4.14,36,1003,,0.0,2.47,-0.12,2.6,4,2.4,2.4,2.5,2.8,3.3,3.4,,1.43,1.1,6.63,0.3,9.8,,0.0,,,
UDFA,UDFA,UDFA,TRUE,FALSE,FALSE,FALSE,FALSE,FALSE,Terique Owens,Missouri State,,WR,WR117,,,6014,199,,,,1.57,4.52,14,7.47,4.74,38.5,,,0.0,2.47,NA,2.47,,,0.0,0.0,,,,,,,,,,,,,,
UDFA,UDFA,UDFA,TRUE,FALSE,FALSE,FALSE,FALSE,FALSE,Kaleb Carter,Louisiana,Sun Belt,WR,WR118,,,5113,170,,,,1.54,4.5,DNP,6.87,4.33,31,,,0.0,2.46,NA,2.46,,,0.0,0.0,,,,,,,,,,,,,,
UDFA,UDFA,UDFA,TRUE,FALSE,FALSE,FALSE,FALSE,FALSE,Tykee Ogle-Kellogg,UTSA,C-USA,WR,WR119,6SR,,6042,220,868,3300,7900,1.55,4.52,DNP,7.35,4.64,29.5,910,,0.0,2.44,-1.11,3.6,2,1.3,1.3,1.4,1.5,1.8,2.0,,1.74,1.9,,4.9,3.1,,0.0,,,
UDFA,UDFA,UDFA,TRUE,FALSE,FALSE,FALSE,FALSE,FALSE,Caden Leggett,West Florida,,WR,WR120,,,6015,197,,,,1.59,4.65,10,7.34,4.52,29,,,0.0,2.41,NA,2.41,,,0.0,0.0,,,,,,,,,,,,,,
UDFA,UDFA,UDFA,TRUE,FALSE,FALSE,FALSE,FALSE,FALSE,Peyton Brown,Davenport,,WR,WR121,,,5103,188,,,,1.67,4.69,10,7.41,4.51,34,,,0.0,2.40,NA,2.40,,,0.0,0.0,,,,,,,,,,,,,,
UDFA,UDFA,UDFA,TRUE,FALSE,FALSE,FALSE,FALSE,FALSE,Jon Schofield,College of Idaho,,WR,WR122,,,5097,173,,,,1.6,4.59,17,6.97,4.27,37,,,0.0,2.39,NA,2.39,,,0.0,0.0,,,,,,,,,,,,,,
UDFA,UDFA,UDFA,TRUE,FALSE,FALSE,FALSE,FALSE,FALSE,Lincoln Victor,Washington State,Pac-12,WR,WR123,5SR,,,,,,,1.6,4.54,11,6.82,5.11,36,,,0.0,2.38,-0.68,3.06,0,1.7,1.7,1.8,2.0,2.4,2.4,,4.02,1.5,,4.7,2.7,,0.0,,,
UDFA,UDFA,UDFA,TRUE,FALSE,FALSE,FALSE,FALSE,FALSE,Tyrone Howell,UL Monroe,,WR,WR124,6SR,,,,,,,1.71,4.74,13,7.21,4.55,31,,,0.0,2.38,-0.62,3.00,3,1.8,1.8,1.9,2.1,2.5,2.8,,5.51,0.9,,6.1,2.3,,0.0,,,
UDFA,UDFA,UDFA,TRUE,FALSE,FALSE,FALSE,TRUE,FALSE,Je'Quan Burton,FAU,C-USA,WR,WR125,6SR,,5091,177,900,3028,7518,1.56,4.51,14,6.95,4.1,41.5,1101,,0.0,2.37,-1.16,3.53,3,1.2,1.2,1.3,1.4,1.7,1.9,,2.22,0.2,,2.9,5.5,,0.0,,,
UDFA,UDFA,UDFA,TRUE,FALSE,FALSE,FALSE,FALSE,FALSE,James McNeill,Bowie State,,WR,WR126,,,6017,194,,,,1.65,4.56,15,7.46,4.46,34,,,0.0,2.37,NA,2.37,,,0.0,0.0,,,,,,,,,,,,,,
UDFA,UDFA,UDFA,TRUE,FALSE,FALSE,FALSE,FALSE,FALSE,Brandon Porter,Incarnate Word,,WR,WR127,,,5101,190,,,,1.59,4.63,16,7.59,4.2,33.5,,,0.0,2.36,NA,2.36,,,0.0,0.0,,,,,,,,,,,,,,
UDFA,UDFA,UDFA,TRUE,FALSE,FALSE,FALSE,FALSE,FALSE,Deshon Stoudemire,Troy,Sun Belt,WR,WR128,,,5116,188,,,,1.53,4.59,DNP,7.02,4.3,30,,,0.0,2.34,NA,2.34,,,0.0,0.0,,,,,,,,,,,,,,
UDFA,UDFA,UDFA,TRUE,FALSE,FALSE,FALSE,FALSE,FALSE,Isaah Crocker,Nevada,MWC,WR,WR129,,,6006,179,,,,1.58,4.59,DNP,7.25,4.56,35,,,0.0,2.33,NA,2.33,,,0.0,0.0,,,,,,,,,,,,,,
UDFA,UDFA,UDFA,TRUE,FALSE,FALSE,FALSE,FALSE,FALSE,Lawrence Keys,Tulane,AAC,WR,WR130,6SR,,,,,,,1.54,4.52,10,7.1,4.32,28.5,,,0.0,2.31,0.07,2.24,1,2.4,2.4,2.5,2.8,3.3,3.7,,2.87,6.6,,6.4,2.5,,0.0,,,
UDFA,UDFA,UDFA,TRUE,FALSE,FALSE,FALSE,FALSE,FALSE,JaQuae Jackson,Rutgers,Big Ten,WR,WR131,6SR,,,,,,,1.56,4.51,12,6.85,4.18,36,,,0.0,2.31,-0.85,3.16,0,1.5,1.5,1.5,1.7,2.0,2.2,,2.99,3.2,,5.1,0.1,,0.0,,,
UDFA,UDFA,UDFA,TRUE,FALSE,FALSE,FALSE,FALSE,FALSE,Stefan Cobbs,Boise State,MWC,WR,WR132,,,5116,181,,,,1.64,4.75,11,7.14,4.53,32,,,0.0,2.31,NA,2.31,,,0.0,0.0,,,,,,,,,,,,,,
UDFA,UDFA,UDFA,TRUE,FALSE,FALSE,FALSE,FALSE,FALSE,Tauskie Dove,Memphis,AAC,WR,WR133,6SR,,,,,,,1.62,4.56,7,7.46,4.35,35,,,0.0,2.29,-1.03,3.3,3,1.3,1.3,1.3,1.5,1.8,1.9,,0.69,1.7,,5.0,4.7,,0.0,,,
UDFA,UDFA,UDFA,TRUE,FALSE,FALSE,FALSE,FALSE,FALSE,Perry Carter,Jacksonville State,,WR,WR134,,,5085,165,,,,1.5,4.5,DNP,7.32,4.45,32,,,0.0,2.27,NA,2.27,,,0.0,0.0,,,,,,,,,,,,,,
UDFA,UDFA,UDFA,TRUE,FALSE,FALSE,FALSE,FALSE,FALSE,Warren Thompson,TCU,Big 12,WR,WR135,6SR,,,,,,,1.7,4.57,DNP,7.35,4.45,32,,,0.0,2.26,-0.84,3.1,4,1.4,1.4,1.5,1.7,2.0,2.2,,2.22,2.2,,8.3,0.7,,0.0,,,
UDFA,UDFA,UDFA,TRUE,FALSE,FALSE,FALSE,FALSE,FALSE,Joe Scates,Memphis,AAC,WR,WR136,6SR,,6022,210,,,,1.65,4.53,5,7.07,4.43,31.5,,,0.0,2.25,-1.43,3.7,2,0.8,0.8,0.9,1.0,1.1,1.3,,0.59,2.5,,2.3,1.1,,0.0,,,
UDFA,UDFA,UDFA,TRUE,FALSE,FALSE,FALSE,FALSE,FALSE,Derrick Hinton,Saginaw Valley St.,,WR,WR137,,,5073,168,,,,1.63,4.5,14,6.97,4.21,41,,,0.0,2.23,NA,2.23,,,0.0,0.0,,,,,,,,,,,,,,
UDFA,UDFA,UDFA,TRUE,FALSE,FALSE,FALSE,FALSE,FALSE,Cole Harrity,Buffalo,MAC,WR,WR138,,,5102,196,,,,1.62,4.71,9,6.63,4.13,33.5,,,0.0,2.21,NA,2.21,,,0.0,0.0,,,,,,,,,,,,,,
UDFA,UDFA,UDFA,TRUE,FALSE,FALSE,FALSE,FALSE,FALSE,Kyle Sheets,Slippery Rock,,WR,WR139,,,6027,217,,,,1.53,4.52,16,7.03,4.27,37,,,0.0,2.18,NA,2.18,,,0.0,0.0,,,,,,,,,,,,,,
UDFA,UDFA,UDFA,TRUE,FALSE,FALSE,FALSE,FALSE,FALSE,David Robinson,Nicholls State,,WR,WR140,,,6020,211,,,,1.7,4.56,12,7.53,4.6,33,,,0.0,2.16,NA,2.16,,,0.0,0.0,,,,,,,,,,,,,,
UDFA,UDFA,UDFA,TRUE,FALSE,FALSE,FALSE,FALSE,FALSE,Corey Crooms,Minnesota,Big Ten,WR,WR141,5SR,,5107,187,1048,3238,7648,1.7,4.62,12,7,4.27,34,1000,,0.0,2.14,-1.09,3.23,2,1.1,1.1,1.1,1.3,1.5,1.5,,4.51,0.4,,0.0,1.3,,0.0,,,
UDFA,UDFA,UDFA,TRUE,FALSE,FALSE,FALSE,FALSE,FALSE,Treveyon Pratt,Morgan State,,WR,WR142,,,6012,197,,,,1.64,4.45,14,7.89,4.22,30,,,0.0,2.14,NA,2.14,,,0.0,0.0,,,,,,,,,,,,,,
UDFA,UDFA,UDFA,TRUE,FALSE,FALSE,FALSE,FALSE,FALSE,Qadir Ismail,Samford,,WR,WR143,,,6062,228,,,,1.62,4.66,DNP,7.39,4.53,34,,,0.0,2.13,NA,2.13,,,0.0,0.0,,,,,,,,,,,,,,
UDFA,UDFA,UDFA,TRUE,FALSE,FALSE,FALSE,FALSE,FALSE,Geordon Porter,UConn,Ind.,WR,WR144,6SR,,6003,192,948,3128,7700,1.54,4.4,8,7.27,4.2,36,1006,,0.0,2.12,-1.46,3.58,1,0.7,0.7,0.7,0.8,0.9,1.0,,0.53,0.1,,6.9,0.7,,0.0,,,
UDFA,UDFA,UDFA,TRUE,FALSE,FALSE,FALSE,FALSE,FALSE,Kassidy Woods,Auburn,SEC,WR,WR145,,,6022,211,,,,1.61,4.79,DNP,7.35,4.36,36.5,,,0.0,2.11,NA,2.11,,,0.0,0.0,,,,,,,,,,,,,,
UDFA,UDFA,UDFA,TRUE,FALSE,FALSE,FALSE,FALSE,FALSE,CJ Jefferson,Ferris State,,WR,WR146,,,5112,194,,,,1.7,4.73,13,7.31,4.46,33,,,0.0,2.10,NA,2.10,,,0.0,0.0,,,,,,,,,,,,,,
UDFA,UDFA,UDFA,TRUE,FALSE,FALSE,FALSE,FALSE,FALSE,Isaiah Washington,Rutgers,Big Ten,WR,WR147,5SR,,6021,210,,,,1.59,4.59,DNP,6.98,4.31,38,,,0.0,2.09,-1.16,3.25,1,0.9,0.9,1.0,1.1,1.3,1.3,,0.95,0.5,,7.8,0.5,,0.0,,,
UDFA,UDFA,UDFA,TRUE,FALSE,FALSE,FALSE,FALSE,FALSE,Jermaine Brown,UAB,C-USA,WR,WR148,,,5077,184,,,,1.55,4.5,19,7.26,4.4,32.5,,,0.0,2.08,NA,2.08,,,0.0,0.0,,,,,,,,,,,,,,
UDFA,UDFA,UDFA,TRUE,FALSE,FALSE,FALSE,FALSE,FALSE,Devin Briscoe,La. Christian,,WR,WR149,,,5076,206,,,,1.58,4.6,21,7.45,4.6,30.5,,,0.0,2.07,NA,2.07,,,0.0,0.0,,,,,,,,,,,,,,
UDFA,UDFA,UDFA,TRUE,FALSE,FALSE,FALSE,FALSE,FALSE,Mark Pope,UMass,Ind.,WR,WR150,6SR,,5113,176,848,2968,7248,1.5,4.48,DNP,7.2,4.3,30.5,,,0.0,2.06,-1.14,3.2,3,0.9,0.9,1.0,1.1,1.3,1.4,,0.72,1.1,,6.3,1.5,,0.0,,,
UDFA,UDFA,UDFA,TRUE,FALSE,FALSE,FALSE,FALSE,FALSE,Drew Dixon,Limestone,,WR,WR151,,,6016,202,,,,1.63,4.75,13,7.28,4.32,33.5,,,0.0,2.04,NA,2.04,,,0.0,0.0,,,,,,,,,,,,,,
UDFA,UDFA,UDFA,TRUE,FALSE,FALSE,FALSE,FALSE,FALSE,DeQuece Carter,Indiana,Big Ten,WR,WR152,5SR,,,,,,,1.6,4.65,12,7.12,4.19,34,,,0.0,2.02,-1.37,3.39,1,0.6,0.7,0.7,0.8,0.9,0.9,,2.8,0.2,,-1.5,1.7,,0.0,,,
UDFA,UDFA,UDFA,TRUE,FALSE,FALSE,FALSE,FALSE,FALSE,Brennen McGuire,Gardner-Webb,,WR,WR153,,,5090,162,,,,1.6,4.59,6,7.33,4.41,33,,,0.0,2.01,NA,2.01,,,0.0,0.0,,,,,,,,,,,,,,
UDFA,UDFA,UDFA,TRUE,FALSE,FALSE,FALSE,FALSE,FALSE,Koby Duru,Louisiana Tech,C-USA,WR,WR154,,,6022,202,,,,1.72,4.69,14,7.28,4.38,36,,,0.0,2.00,NA,2.00,,,0.0,0.0,,,,,,,,,,,,,,
UDFA,UDFA,UDFA,TRUE,FALSE,FALSE,FALSE,FALSE,FALSE,Terrill Cole,West Georgia,,WR,WR155,,,5117,181,,,,1.62,4.69,DNP,7.27,4.39,33.5,,,0.0,1.98,NA,1.98,,,0.0,0.0,,,,,,,,,,,,,,
UDFA,UDFA,UDFA,TRUE,FALSE,FALSE,FALSE,FALSE,FALSE,Kashan Griffin,NW Missouri St.,,WR,WR156,,,5103,165,,,,1.62,4.64,DNP,7.4,4.27,27.5,,,0.0,1.97,NA,1.97,,,0.0,0.0,,,,,,,,,,,,,,
UDFA,UDFA,UDFA,TRUE,FALSE,FALSE,FALSE,FALSE,FALSE,Jojo Marinella,Randolph-Macon,,WR,WR157,,,5077,176,,,,1.61,4.75,6,7.26,4.19,30.5,,,0.0,1.95,NA,1.95,,,0.0,0.0,,,,,,,,,,,,,,
UDFA,UDFA,UDFA,TRUE,FALSE,FALSE,FALSE,FALSE,FALSE,Dre Wallace-Davis,Anna Maria,,WR,WR158,,,6033,201,,,,1.64,4.75,DNP,7.3,4.4,32,,,0.0,1.94,NA,1.94,,,0.0,0.0,,,,,,,,,,,,,,
UDFA,UDFA,UDFA,TRUE,FALSE,FALSE,FALSE,FALSE,FALSE,Reggie Brown,James Madison,Sun Belt,WR,WR159,6SR,,6001,189,878,3078,7638,1.62,4.61,DNP,6.97,4.38,30.5,1001,,0.0,1.93,0.41,1.52,3,2.3,2.4,2.5,2.8,3.3,3.7,,7.6,2.6,,0.7,5.3,,0.0,,,
UDFA,UDFA,UDFA,TRUE,FALSE,FALSE,FALSE,FALSE,FALSE,Latreal Jones,Southern Miss,Sun Belt,WR,WR160,5SR,,5115,195,,,,1.66,4.45,15,6.9,4.41,34,,,0.0,1.93,-1.02,3.0,1,0.9,0.9,1.0,1.1,1.3,1.3,,0.18,1.8,,3.1,2.7,,0.0,,,
UDFA,UDFA,UDFA,TRUE,FALSE,FALSE,FALSE,FALSE,FALSE,Jake L'Heureux,Edinboro,,WR,WR161,,,5105,183,,,,1.69,4.74,12,7.51,4.36,33,,,0.0,1.93,NA,1.93,,,0.0,0.0,,,,,,,,,,,,,,
UDFA,UDFA,UDFA,TRUE,FALSE,FALSE,FALSE,FALSE,FALSE,Eddie Lewis,South Carolina,SEC,WR,WR162,6SR,,5113,186,868,3200,7478,1.6,4.54,14,7.44,4.64,35.5,1002,,0.0,1.87,-0.85,2.72,2,1.0,1.0,1.1,1.2,1.4,1.6,,0.01,4.1,,2.1,1.5,,0.0,,,
UDFA,UDFA,UDFA,TRUE,FALSE,FALSE,FALSE,FALSE,FALSE,Jaylon Robinson,TCU,Big 12,WR,WR163,6SR,,,,,,,1.62,4.57,DNP,7.02,4.3,32,,,0.0,1.86,-1.10,2.96,3,0.8,0.8,0.8,0.9,1.1,1.2,,2.13,0.9,,1.1,1.4,,0.0,,,
UDFA,UDFA,UDFA,TRUE,FALSE,FALSE,FALSE,FALSE,FALSE,AP Pitre,Southern,,WR,WR164,,,6010,179,,,,1.58,4.65,12,7.5,4.62,38,,,0.0,1.85,NA,1.85,,,0.0,0.0,,,,,,,,,,,,,,
UDFA,UDFA,UDFA,TRUE,FALSE,FALSE,FALSE,FALSE,FALSE,Peter LeBlanc,Louisiana,Sun Belt,WR,WR165,5SR,,,,,,,1.59,4.57,7,7.06,4.78,28.5,,,0.0,1.84,-0.70,2.5,2,1.1,1.1,1.2,1.3,1.6,1.6,,3.48,1.6,,1.0,0.9,,0.0,,,
UDFA,UDFA,UDFA,TRUE,FALSE,FALSE,FALSE,FALSE,FALSE,Taymon Cooke,N. Carolina A&T,,WR,WR166,,,5110,184,,,,1.58,4.55,20,7.03,4.36,34,,,0.0,1.84,NA,1.84,,,0.0,0.0,,,,,,,,,,,,,,
UDFA,UDFA,UDFA,TRUE,FALSE,FALSE,FALSE,FALSE,FALSE,Demarcus Gregory,C. Missouri St.,,WR,WR167,,,6012,208,,,,1.64,4.66,10,7.33,4.46,34,,,0.0,1.81,NA,1.81,,,0.0,0.0,,,,,,,,,,,,,,
UDFA,UDFA,UDFA,TRUE,FALSE,FALSE,FALSE,FALSE,FALSE,Brian Hightower,California,Pac-12,WR,WR168,6SR,,6023,205,918,3100,7758,1.71,4.66,13,7.4,4.36,34.5,908,,0.0,1.80,-0.99,2.79,4,0.8,0.8,0.9,1.0,1.2,1.3,,0.05,1.4,,5.3,2.0,,0.0,,,
UDFA,UDFA,UDFA,TRUE,FALSE,FALSE,FALSE,FALSE,FALSE,Karl Reynolds,Houston Christian,,WR,WR169,,,5116,171,,,,1.64,4.64,DNP,7.63,4.56,33.5,,,0.0,1.80,NA,1.80,,,0.0,0.0,,,,,,,,,,,,,,
UDFA,UDFA,UDFA,TRUE,FALSE,FALSE,FALSE,FALSE,FALSE,Joe Wilkins Jr.,Miami (Ohio),,WR,WR170,,,6014,194,,,,1.63,4.75,14,6.75,4.32,37.5,,,0.0,1.78,NA,1.78,,,0.0,0.0,,,,,,,,,,,,,,
UDFA,UDFA,UDFA,TRUE,FALSE,FALSE,FALSE,FALSE,FALSE,Jeremiah Hixon,New Mexico,MWC,WR,WR171,6SR,,,,,,,1.52,4.52,DNP,7.18,4.44,35,,,0.0,1.78,-0.12,1.90,0,1.7,1.7,1.7,1.9,2.3,2.5,,4.8,2.2,,5.6,0.2,,0.0,,,
UDFA,UDFA,UDFA,TRUE,FALSE,FALSE,FALSE,FALSE,FALSE,BK Smith,Valdosta State,,WR,WR172,,,5102,184,,,,1.64,4.75,11,7.14,4.37,36.5,,,0.0,1.77,NA,1.77,,,0.0,0.0,,,,,,,,,,,,,,
UDFA,UDFA,UDFA,TRUE,FALSE,FALSE,FALSE,FALSE,FALSE,Dee Wiggins,Cincinnati,AAC,WR,WR173,6SR,,,,,,,1.69,4.6,DNP,7.41,4.69,30,,,0.0,1.76,-1.27,3.03,4,0.5,0.5,0.5,0.6,0.7,0.8,,0.18,0.4,,5.3,0.2,,0.0,,,
UDFA,UDFA,UDFA,TRUE,FALSE,FALSE,FALSE,FALSE,FALSE,Austin Osborne,Bowling Green,MAC,WR,WR174,,,6017,202,,,,1.7,4.67,22,7.1,4.4,31.5,,,0.0,1.75,NA,1.75,,,0.0,0.0,,,,,,,,,,,,,,
UDFA,UDFA,UDFA,TRUE,FALSE,FALSE,FALSE,FALSE,FALSE,John Jackson III,Nevada,MWC,WR,WR175,,,5116,196,,,,1.68,4.71,11,DNP,DNP,33,,,0.0,1.74,NA,1.74,,,0.0,0.0,,,,,,,,,,,,,,
UDFA,UDFA,UDFA,TRUE,FALSE,FALSE,FALSE,FALSE,FALSE,RJ Mobley,Winston Salem,,WR,WR176,,,6014,210,,,,1.57,4.53,12,7.31,4.47,33,,,0.0,1.72,NA,1.72,,,0.0,0.0,,,,,,,,,,,,,,
UDFA,UDFA,UDFA,TRUE,FALSE,FALSE,FALSE,FALSE,FALSE,Dominick Blaylock,Georgia Tech,ACC,WR,WR177,5SR,,6047,203,938,3128,7428,1.6,4.74,11,7.18,4.39,31,909,,0.0,1.72,-0.92,2.64,2,0.8,0.8,0.9,1.0,1.1,1.2,,0.22,1.7,,1.5,3.0,,0.0,,,
UDFA,UDFA,UDFA,TRUE,FALSE,FALSE,FALSE,FALSE,FALSE,Joshua Youngblood,Delaware,,WR,WR178,,,5093,185,,,,1.56,4.51,20,DNP,DNP,DNP,,,0.0,1.71,NA,1.71,,,0.0,0.0,,,,,,,,,,,,,,
UDFA,UDFA,UDFA,TRUE,FALSE,FALSE,FALSE,FALSE,FALSE,Ty King,Samford,,WR,WR179,,,5102,172,,,,1.5,4.4,10,7.45,4.61,31,,,0.0,1.70,NA,1.70,,,0.0,0.0,,,,,,,,,,,,,,
UDFA,UDFA,UDFA,TRUE,FALSE,FALSE,FALSE,FALSE,FALSE,Dimitri Stanley,Iowa State,Big 12,WR,WR180,6SR,,,,,,,1.64,4.52,17,7.03,4.25,34,,,0.0,1.68,-1.01,2.69,1,0.7,0.7,0.7,0.8,0.9,1.0,,0.15,0.1,,7.8,0.8,,0.0,,,
UDFA,UDFA,UDFA,TRUE,FALSE,FALSE,FALSE,FALSE,FALSE,Rashad Jordan,Albany State,,WR,WR181,,,5080,166,,,,1.44,4.39,DNP,DNP,DNP,31.5,,,0.0,1.67,NA,1.67,,,0.0,0.0,,,,,,,,,,,,,,
UDFA,UDFA,UDFA,TRUE,FALSE,FALSE,FALSE,FALSE,FALSE,Monroe Young,California,Pac-12,WR,WR182,6SR,,6002,202,968,3178,7758,1.61,4.52,17,6.95,4.3,40,1003,,0.0,1.67,-1.22,2.9,1,0.4,0.5,0.5,0.5,0.6,0.7,,0.46,0.4,,3.0,0.9,,0.0,,,
UDFA,UDFA,UDFA,TRUE,FALSE,FALSE,FALSE,FALSE,FALSE,Josiah Norwood,UCLA,Pac-12,WR,WR183,6SR,,5085,161,838,2938,7148,1.58,4.52,DNP,7.17,4.34,34.5,907,,0.0,1.65,-0.63,2.3,4,1.0,1.0,1.1,1.2,1.4,1.6,,1.16,4.1,,-2.5,2.6,,0.0,,,
UDFA,UDFA,UDFA,TRUE,FALSE,FALSE,FALSE,FALSE,FALSE,Jesiah Irish,Oregon State,Pac-12,WR,WR184,6SR,,5107,186,878,3038,7428,1.57,4.51,13,6.97,4.36,31.5,1000,,0.0,1.64,0.33,1.31,3,2.0,2.0,2.1,2.3,2.7,3.0,,6.43,0.2,,5.2,4.1,,0.0,,,
UDFA,UDFA,UDFA,TRUE,FALSE,FALSE,FALSE,FALSE,FALSE,Daniel George,Akron,MAC,WR,WR185,6SR,,6017,209,1018,3200,7900,1.69,4.58,17,7.01,4.29,35,1007,,0.0,1.64,-0.79,2.43,2,0.8,0.9,0.9,1.0,1.2,1.3,,0.15,0.30,,6.3,3.1,,0.0,,,
UDFA,UDFA,UDFA,TRUE,FALSE,FALSE,FALSE,FALSE,FALSE,Chris Autman-Bell,Minnesota,Big Ten,WR,WR186,7SR,,5115,203,938,3028,7368,1.65,4.59,18,7.2,4.32,33.5,907,,0.0,1.61,-1.65,3.26,4,0.0,0.0,0.0,0.0,0.0,-0.1,,1.26,0,,-3.7,0.0,,0.0,,,
UDFA,UDFA,UDFA,TRUE,FALSE,FALSE,FALSE,FALSE,FALSE,Harry Van Dyne,Indiana State,,WR,WR187,,,6047,215,,,,1.6,4.65,DNP,6.9,4.12,33.5,,,0.0,1.61,NA,1.61,,,0.0,0.0,,,,,,,,,,,,,,
UDFA,UDFA,UDFA,TRUE,FALSE,FALSE,FALSE,FALSE,FALSE,Tyrese Chambers,Maryland,Big Ten,WR,WR188,6SR,,,,,,,1.6,4.72,11,7.02,4.3,33,,,0.0,1.61,-0.69,2.3,2,0.9,0.9,1.0,1.1,1.3,1.4,,0,0.3,,5.8,4.6,,0.0,,,
UDFA,UDFA,UDFA,TRUE,FALSE,FALSE,FALSE,FALSE,FALSE,Salvatore Lupoli,Bentley,,WR,WR189,,,5093,203,,,,1.63,4.76,DNP,7.31,4.13,37,,,0.0,1.59,NA,1.59,,,0.0,0.0,,,,,,,,,,,,,,
UDFA,UDFA,UDFA,TRUE,FALSE,FALSE,FALSE,FALSE,FALSE,Devon Jones,Augustana (S.D.),,WR,WR190,,,5070,196,,,,1.62,4.6,12,6.97,4.42,32.5,,,0.0,1.58,NA,1.58,,,0.0,0.0,,,,,,,,,,,,,,
UDFA,UDFA,UDFA,TRUE,FALSE,FALSE,FALSE,FALSE,FALSE,Khaleb Hood,Georgia Southern,Sun Belt,WR,WR191,5SR,,6007,200,868,3068,7328,1.64,4.56,14,7.38,4.51,35.5,909,,0.0,1.58,-0.06,1.6,4,1.5,1.5,1.6,1.8,2.1,2.2,,2.7,2.9,,4.8,0.9,,0.0,,,
UDFA,UDFA,UDFA,TRUE,FALSE,FALSE,FALSE,FALSE,FALSE,Jarett Garner,East Carolina,AAC,WR,WR192,,,6024,211,,,,1.57,4.46,16,7.03,4.32,36.5,,,0.0,1.57,NA,1.57,,,0.0,0.0,,,,,,,,,,,,,,
UDFA,UDFA,UDFA,TRUE,FALSE,FALSE,FALSE,FALSE,FALSE,Erik Brooks,Fresno State,MWC,WR,WR193,6SR,3,5064,169,878,2968,7218,1.62,4.5,11,7.21,4.28,36,910,,0.0,1.55,-0.10,1.65,4,1.5,1.5,1.6,1.7,2.0,2.3,,2.77,4,,0.0,2.7,,0.0,,,
UDFA,UDFA,UDFA,TRUE,FALSE,FALSE,FALSE,FALSE,FALSE,Jalen Burbage,Eastern Kentucky,,WR,WR194,,,5106,189,,,,1.7,4.67,12,7.44,4.6,34.5,,,0.0,1.55,NA,1.55,,,0.0,0.0,,,,,,,,,,,,,,
UDFA,UDFA,UDFA,TRUE,FALSE,FALSE,FALSE,FALSE,FALSE,Tre Mosley,Michigan St.,Big Ten,WR,WR195,5SR,,6011,196,900,3238,7818,1.6,4.57,13,7.14,4.56,32,911,,0.0,1.54,-0.96,2.5,2,0.6,0.6,0.6,0.7,0.8,0.8,,0.42,1.7,,0.7,1.1,,0.0,,,
UDFA,UDFA,UDFA,TRUE,FALSE,FALSE,FALSE,FALSE,FALSE,Zack Dobson,M. Tennessee St.,,WR,WR196,,,5075,172,,,,1.65,4.57,7,7.07,4.37,34,,,0.0,1.54,NA,1.54,,,0.0,0.0,,,,,,,,,,,,,,
UDFA,UDFA,UDFA,TRUE,FALSE,FALSE,FALSE,FALSE,FALSE,Nick Mardner,Auburn,SEC,WR,WR197,6SR,,6061,208,938,3248,7938,1.58,4.58,11,7.43,4.62,35,1009,,0.0,1.52,-1.78,3.3,2,-0.3,-0.3,-0.3,-0.3,-0.4,-0.4,,0,0,,-3.8,0.0,,0.0,,,
UDFA,UDFA,UDFA,TRUE,FALSE,FALSE,FALSE,FALSE,FALSE,Eddie Ogle,Liberty,Ind.,WR,WR198,,,5086,171,,,,1.61,4.63,5,6.91,4.46,31.5,,,0.0,1.51,NA,1.51,,,0.0,0.0,,,,,,,,,,,,,,
UDFA,UDFA,UDFA,TRUE,FALSE,FALSE,FALSE,FALSE,FALSE,Jakarius Caston,Southern Miss,Sun Belt,WR,WR199,,,5097,198,,,,1.64,4.64,14,6.96,4.22,30,,,0.0,1.49,NA,1.49,,,0.0,0.0,,,,,,,,,,,,,,
UDFA,UDFA,UDFA,TRUE,FALSE,FALSE,FALSE,FALSE,FALSE,Rayjuon Pringle,Villanova,,WR,WR200,,,5086,182,,,,1.61,4.57,9,7.02,4.2,30.5,,,0.0,1.48,NA,1.48,,,0.0,0.0,,,,,,,,,,,,,,
UDFA,UDFA,UDFA,TRUE,FALSE,FALSE,FALSE,FALSE,FALSE,Trevon Alexander,NW Missouri St.,,WR,WR201,,,6001,195,,,,1.63,4.53,22,6.94,4.22,36.5,,,0.0,1.47,NA,1.47,,,0.0,0.0,,,,,,,,,,,,,,
UDFA,UDFA,UDFA,TRUE,FALSE,FALSE,FALSE,FALSE,FALSE,Shane Hooks,Auburn,SEC,WR,WR202,6SR,,6041,210,1068,3428,8400,1.63,4.77,14,7.2,4.39,36,1010,,0.0,1.44,-0.73,2.2,2,0.7,0.7,0.8,0.9,1.0,1.1,,0.1,0.3,,5.6,2.5,,0.0,,,
UDFA,UDFA,UDFA,TRUE,FALSE,FALSE,FALSE,FALSE,FALSE,Clevan Thomas Jr.,Montana State,,WR,WR203,,,5101,195,,,,1.59,4.48,19,7.23,4.46,33.5,,,0.0,1.44,NA,1.44,,,0.0,0.0,,,,,,,,,,,,,,
UDFA,UDFA,UDFA,TRUE,FALSE,FALSE,FALSE,FALSE,FALSE,Bradley Rozner,NC State,ACC,WR,WR204,7SR,,6041,200,,,,1.56,4.59,7,6.79,4.44,34,,,0.0,1.43,-0.48,1.9,1,1.0,1.0,1.0,1.1,1.3,1.5,,2.69,2.2,,-0.3,1.6,,0.0,,,
UDFA,UDFA,UDFA,TRUE,FALSE,FALSE,FALSE,FALSE,FALSE,Chris Bellamy,New Mexico St.,Ind.,WR,WR205,,,6003,190,,,,1.63,4.78,9,7.25,4.31,32,,,0.0,1.42,NA,1.42,,,0.0,0.0,,,,,,,,,,,,,,
UDFA,UDFA,UDFA,TRUE,FALSE,FALSE,FALSE,FALSE,FALSE,Jermaine Jackson,Idaho,,WR,WR206,,,5064,2,,,,1.66,4.57,17,7.07,4.28,35,,,0.0,1.41,NA,1.41,,,0.0,0.0,,,,,,,,,,,,,,
UDFA,UDFA,UDFA,TRUE,FALSE,FALSE,FALSE,FALSE,FALSE,Marcus Washington,Nebraska,Big Ten,WR,WR207,5SR,,6023,185,918,3248,8000,DNP,DNP,DNP,DNP,DNP,DNP,,,0.0,1.40,-0.47,1.9,1,0.9,1.0,1.0,1.1,1.3,1.4,,0.79,0.8,,-1.5,6.8,,0.0,,,
UDFA,UDFA,UDFA,TRUE,FALSE,FALSE,FALSE,FALSE,FALSE,Jerome Buckner,Illinois State,,WR,WR208,,,5074,171,,,,1.61,4.55,12,6.96,4.03,36,,,0.0,1.39,NA,1.39,,,0.0,0.0,,,,,,,,,,,,,,
UDFA,UDFA,UDFA,TRUE,FALSE,FALSE,FALSE,FALSE,FALSE,Jaivian Lofton,Utah Tech,,WR,WR209,,,6007,212,,,,1.63,4.55,11,7.27,4.55,31.5,,,0.0,1.38,NA,1.38,,,0.0,0.0,,,,,,,,,,,,,,
UDFA,UDFA,UDFA,TRUE,FALSE,FALSE,FALSE,FALSE,FALSE,Freddie Roberson,Mississippi State,,WR,WR210,6SR,,,,,,,1.63,4.71,DNP,7.45,4.65,32,,,0.0,1.36,-0.67,2.03,4,0.7,0.7,0.8,0.8,1.0,1.1,,0,1.9,,0.7,3.2,,0.0,,,
UDFA,UDFA,UDFA,TRUE,FALSE,FALSE,FALSE,FALSE,FALSE,Javon Antonio,Colorado,Pac-12,WR,WR211,6SR,,6027,217,968,3348,8058,1.65,4.65,10,7.6,4.91,29,904,,0.0,1.36,-0.46,1.82,5,0.9,0.9,1.0,1.1,1.3,1.4,,0.13,0.8,,8.2,1.8,,0.0,,,
UDFA,UDFA,UDFA,TRUE,FALSE,FALSE,FALSE,FALSE,FALSE,JaJuan Forte',UCF,AAC,WR,WR212,,,5116,185,,,,1.58,4.63,16,7.7,4.56,36,,,0.0,1.35,NA,1.35,,,0.0,0.0,,,,,,,,,,,,,,
UDFA,UDFA,UDFA,TRUE,FALSE,FALSE,FALSE,FALSE,FALSE,Boobie Curry,Buffalo,MAC,WR,WR213,,,6013,196,,,,1.56,4.64,11,7.21,4.51,35,,,0.0,1.34,NA,1.34,,,0.0,0.0,,,,,,,,,,,,,,
UDFA,UDFA,UDFA,TRUE,FALSE,FALSE,FALSE,FALSE,FALSE,Ahmad Edwards,Ball State,MAC,WR,WR214,,,5113,175,,,,1.57,4.64,DNP,7.38,4.53,35.5,,,0.0,1.29,NA,1.29,,,0.0,0.0,,,,,,,,,,,,,,
UDFA,UDFA,UDFA,TRUE,FALSE,FALSE,FALSE,FALSE,FALSE,Miles Marshall,Miami (Ohio),,WR,WR215,,,6023,205,,,,1.76,4.84,9,7.13,4.43,29.5,,,0.0,1.28,NA,1.28,,,0.0,0.0,,,,,,,,,,,,,,
UDFA,UDFA,UDFA,TRUE,FALSE,FALSE,FALSE,FALSE,FALSE,Phoenix Sproles,James Madison,Sun Belt,WR,WR216,6SR,,,,,,,1.61,4.77,19,7.06,4.22,32,,,0.0,1.27,-0.18,1.5,3,1.1,1.1,1.2,1.3,1.5,1.7,,1.29,0.6,,6.9,2.8,,0.0,,,
UDFA,UDFA,UDFA,TRUE,FALSE,FALSE,FALSE,FALSE,FALSE,Frank Bentley,Florida Memorial,,WR,WR217,,,6015,194,,,,1.69,4.76,DNP,7.39,4.44,26.5,,,0.0,1.26,NA,1.26,,,0.0,0.0,,,,,,,,,,,,,,
UDFA,UDFA,UDFA,TRUE,FALSE,FALSE,FALSE,FALSE,FALSE,Assanti Kearney,Monmouth,,WR,WR218,,,6013,191,,,,1.68,4.84,12,7.1,4.51,29.5,,,0.0,1.25,NA,1.25,,,0.0,0.0,,,,,,,,,,,,,,
UDFA,UDFA,UDFA,TRUE,FALSE,FALSE,FALSE,FALSE,FALSE,Billy Kemp,Nebraska,Big Ten,WR,WR219,6SR,,5086,180,878,2728,6900,1.56,4.78,11,7.11,4.4,31,906,,0.0,1.24,-0.44,1.7,6,0.8,0.8,0.9,1.0,1.1,1.3,,3.03,0.2,,-1.2,3.1,,0.0,,,
UDFA,UDFA,UDFA,TRUE,FALSE,FALSE,FALSE,FALSE,FALSE,Leroy Thomas,Western Michigan,,WR,WR220,,,5100,205,,,,1.67,4.75,22,6.91,4.2,33,,,0.0,1.24,NA,1.24,,,0.0,0.0,,,,,,,,,,,,,,
UDFA,UDFA,UDFA,TRUE,FALSE,FALSE,FALSE,FALSE,FALSE,Dezmin Lyburtus,Ashland,,WR,WR221,,,5112,172,,,,1.56,4.56,8,7.13,4.39,39.5,,,0.0,1.22,NA,1.22,,,0.0,0.0,,,,,,,,,,,,,,
UDFA,UDFA,UDFA,TRUE,FALSE,FALSE,FALSE,FALSE,FALSE,Kenyon'TA Skinner,West Georgia,,WR,WR222,,,5103,179,,,,1.63,4.69,DNP,7.57,4.49,32.5,,,0.0,1.21,NA,1.21,,,0.0,0.0,,,,,,,,,,,,,,
UDFA,UDFA,UDFA,TRUE,FALSE,FALSE,FALSE,FALSE,FALSE,Seth Porter,Kansas State,Big 12,WR,WR223,6SR,,,,,,,1.63,4.53,14,6.97,4.15,35,,,0.0,1.20,-1.24,2.4,1,0.0,0.0,0.0,-0.1,-0.1,-0.1,,0.3,0,,-1.4,0.0,,0.0,,,
UDFA,UDFA,UDFA,TRUE,FALSE,FALSE,FALSE,FALSE,FALSE,Keyon Lesane,North Carolina State,,WR,WR224,5SR,,5112,202,,,,1.59,4.67,16,7.18,4.36,32,,,0.0,1.19,-0.43,1.6,2,0.8,0.8,0.8,0.9,1.1,1.1,,0.22,0.1,,2.6,4.5,,0.0,,,
UDFA,UDFA,UDFA,TRUE,FALSE,FALSE,FALSE,FALSE,FALSE,Zane Lewis,Delaware,,WR,WR225,,,5074,163,,,,1.6,4.51,13,7.01,4.41,33.5,,,0.0,1.19,NA,1.19,,,0.0,0.0,,,,,,,,,,,,,,
UDFA,UDFA,UDFA,TRUE,FALSE,FALSE,FALSE,FALSE,FALSE,Giovanni Sanders,Arizona State,Pac-12,WR,WR226,6SR,,,,,,,1.63,4.62,9,7.12,4.36,34.5,,,0.0,1.18,-0.18,1.36,2,1.0,1.0,1.1,1.2,1.4,1.6,,0,0.40,,6.2,5.0,,0.0,,,
UDFA,UDFA,UDFA,TRUE,FALSE,FALSE,FALSE,FALSE,FALSE,Kyndel Dean,Furman,,WR,WR227,,,6003,179,,,,1.69,4.7,10,7.4,4.66,32.5,,,0.0,1.18,NA,1.18,,,0.0,0.0,,,,,,,,,,,,,,
UDFA,UDFA,UDFA,TRUE,FALSE,FALSE,FALSE,FALSE,FALSE,Nico Ragaini,Iowa,Big Ten,WR,WR228,6SR,,5110,188,848,3048,7138,1.65,4.77,11,6.95,4.3,29.5,901,,0.0,1.18,-1.02,2.2,6,0.2,0.2,0.2,0.2,0.2,0.2,,0.43,0.1,,-2.8,2.5,,0.0,,,
UDFA,UDFA,UDFA,TRUE,FALSE,FALSE,FALSE,FALSE,FALSE,D'Marcus Adams,Syracuse,ACC,WR,WR229,6SR,,,,,,,1.58,4.52,DNP,6.91,4.3,38.5,,,0.0,1.17,-1.09,2.26,0,0.1,0.1,0.1,0.1,0.1,0.1,,0.01,0,,1.0,0.0,,0.0,,,
UDFA,UDFA,UDFA,TRUE,FALSE,FALSE,FALSE,FALSE,FALSE,JJ Laap,SUNY Cortland,,WR,WR230,,,5115,185,,,,1.57,4.57,8,6.83,4.17,37.5,,,0.0,1.16,NA,1.16,,,0.0,0.0,,,,,,,,,,,,,,
UDFA,UDFA,UDFA,TRUE,FALSE,FALSE,FALSE,FALSE,FALSE,Hamze El-Zayat,Eastern Michigan,MAC,WR,WR231,,,5083,179,,,,1.59,4.57,16,6.89,4.28,38,,,0.0,1.15,NA,1.15,,,0.0,0.0,,,,,,,,,,,,,,
UDFA,UDFA,UDFA,TRUE,FALSE,FALSE,FALSE,FALSE,FALSE,Marlon Cook,Tenn.-Martin,,WR,WR232,,,6020,205,,,,1.53,4.72,14,7.15,4.34,37.5,,,0.0,1.14,NA,1.14,,,0.0,0.0,,,,,,,,,,,,,,
UDFA,UDFA,UDFA,TRUE,FALSE,FALSE,FALSE,FALSE,FALSE,Jalen Bracey,FIU,C-USA,WR,WR233,5SR,,5096,192,938,3058,7438,1.52,4.59,14,7.07,4.29,39,1000,,0.0,1.13,-0.19,1.32,3,0.9,0.9,1.0,1.1,1.3,1.3,,0.17,1.5,,-0.7,5.9,,0.0,,,
UDFA,UDFA,UDFA,TRUE,FALSE,FALSE,FALSE,FALSE,FALSE,Kahtero Summers,Rhode Island,,WR,WR234,,,6014,209,,,,1.61,4.68,22,7.09,4.21,34.5,,,0.0,1.12,NA,1.12,,,0.0,0.0,,,,,,,,,,,,,,
UDFA,UDFA,UDFA,TRUE,FALSE,FALSE,FALSE,FALSE,FALSE,DJ England-Chisolm,M. Tennessee St.,,WR,WR235,,,5070,165,,,,1.46,4.48,11,7.12,4.32,38,,,0.0,1.11,NA,1.11,,,0.0,0.0,,,,,,,,,,,,,,
UDFA,UDFA,UDFA,TRUE,FALSE,FALSE,FALSE,FALSE,FALSE,Trey Dixon,UNC Pembroke,,WR,WR236,,,6006,197,,,,1.6,4.67,8,7.45,4.39,33,,,0.0,1.09,NA,1.09,,,0.0,0.0,,,,,,,,,,,,,,
UDFA,UDFA,UDFA,TRUE,FALSE,FALSE,FALSE,FALSE,FALSE,James Mautino,Aurora,,WR,WR237,,,5071,178,,,,1.56,4.53,DNP,DNP,DNP,DNP,,,0.0,1.06,NA,1.06,,,0.0,0.0,,,,,,,,,,,,,,
UDFA,UDFA,UDFA,TRUE,FALSE,FALSE,FALSE,FALSE,FALSE,Al'Vonte Woodard,Sam Houston St.,,WR,WR238,,,6004,194,,,,1.62,4.62,10,7.5,4.7,31,,,0.0,1.05,NA,1.05,,,0.0,0.0,,,,,,,,,,,,,,
UDFA,UDFA,UDFA,TRUE,FALSE,FALSE,FALSE,FALSE,FALSE,Aaron Bedgood,Liberty,Ind.,WR,WR239,,,5064,179,,,,1.62,4.58,20,7.03,4.31,34,,,0.0,1.03,NA,1.03,,,0.0,0.0,,,,,,,,,,,,,,
UDFA,UDFA,UDFA,TRUE,FALSE,FALSE,FALSE,FALSE,FALSE,Jovohn Tucker,Lake Erie,,WR,WR240,,,5084,184,,,,1.69,4.62,11,6.93,4.38,36,,,0.0,1.01,NA,1.01,,,0.0,0.0,,,,,,,,,,,,,,
UDFA,UDFA,UDFA,TRUE,FALSE,FALSE,FALSE,FALSE,FALSE,Thomas Coates,Wis.-Whitewater,,WR,WR241,,,6017,197,,,,1.63,4.56,DNP,DNP,DNP,DNP,,,0.0,0.99,NA,0.99,,,0.0,0.0,,,,,,,,,,,,,,
UDFA,UDFA,UDFA,TRUE,FALSE,FALSE,FALSE,FALSE,FALSE,Jermaine Braddock,Portland State,,WR,WR242,,,5115,191,,,,1.66,4.74,5,7.32,4.57,31.5,,,0.0,0.98,NA,0.98,,,0.0,0.0,,,,,,,,,,,,,,
UDFA,UDFA,UDFA,TRUE,FALSE,FALSE,FALSE,FALSE,FALSE,Malik Rodgers,Alcorn State,,WR,WR243,,,5084,180,,,,1.59,4.65,11,7.27,4.31,37,,,0.0,0.96,NA,0.96,,,0.0,0.0,,,,,,,,,,,,,,
UDFA,UDFA,UDFA,TRUE,FALSE,FALSE,FALSE,FALSE,FALSE,Jaelin Campbell,Incarnate Word,,WR,WR244,,,6006,197,,,,1.65,4.65,14,7.04,4.4,38.5,,,0.0,0.95,NA,0.95,,,0.0,0.0,,,,,,,,,,,,,,
UDFA,UDFA,UDFA,TRUE,FALSE,FALSE,FALSE,FALSE,FALSE,Damoriea Vick,SE Missouri State,,WR,WR245,,,6017,191,,,,DNP,DNP,DNP,DNP,DNP,DNP,,,0.0,0.93,NA,0.93,,,0.0,0.0,,,,,,,,,,,,,,
UDFA,UDFA,UDFA,TRUE,FALSE,FALSE,FALSE,FALSE,FALSE,Christian Da-Silva,Elon,,WR,WR246,,,5084,173,,,,1.64,4.63,13,7.3,4.26,35,,,0.0,0.92,NA,0.92,,,0.0,0.0,,,,,,,,,,,,,,
UDFA,UDFA,UDFA,TRUE,FALSE,FALSE,FALSE,FALSE,FALSE,Fralon Warren,Fort Valley State,,WR,WR247,,,5111,181,,,,1.62,4.75,DNP,7.5,4.59,DNP,,,0.0,0.91,NA,0.91,,,0.0,0.0,,,,,,,,,,,,,,
UDFA,UDFA,UDFA,TRUE,FALSE,FALSE,FALSE,FALSE,FALSE,Dewaylon Ingram,Northern State,,WR,WR248,,,6014,178,,,,1.69,4.8,6,7.65,4.7,27,,,0.0,0.89,NA,0.89,,,0.0,0.0,,,,,,,,,,,,,,
UDFA,UDFA,UDFA,TRUE,FALSE,FALSE,FALSE,FALSE,FALSE,Andre Hunt,Jackson State,,WR,WR249,,,5110,183,,,,1.65,4.51,10,7.38,4.5,27.5,,,0.0,0.88,NA,0.88,,,0.0,0.0,,,,,,,,,,,,,,
UDFA,UDFA,UDFA,TRUE,FALSE,FALSE,FALSE,FALSE,FALSE,Kalen Noseff,Incarnate Word,,WR,WR250,,,6013,196,,,,1.63,4.96,7,7.26,4.5,32.5,,,0.0,0.86,NA,0.86,,,0.0,0.0,,,,,,,,,,,,,,
UDFA,UDFA,UDFA,TRUE,FALSE,FALSE,FALSE,FALSE,FALSE,Jalen Knox,Ole Miss,SEC,WR,WR251,6SR,,5116,205,,,,1.61,4.44,DNP,7.33,4.53,35,,,0.0,0.85,-1.03,1.88,2,-0.2,-0.2,-0.2,-0.2,-0.2,-0.3,,0.02,0,,-2.6,0.0,,0.0,,,
UDFA,UDFA,UDFA,TRUE,FALSE,FALSE,FALSE,FALSE,FALSE,Jaaron Hayek,Villanova,,WR,WR252,,,6005,199,,,,1.52,4.59,20,6.9,4.25,35.5,,,0.0,0.85,NA,0.85,,,0.0,0.0,,,,,,,,,,,,,,
UDFA,UDFA,UDFA,TRUE,FALSE,FALSE,FALSE,FALSE,FALSE,Emery Simmons,Utah,Pac-12,WR,WR253,5SR,,6001,175,928,3058,7500,1.61,4.61,9,6.97,4.32,31.5,911,,0.0,0.84,-1.21,2.05,4,-0.4,-0.4,-0.4,-0.4,-0.5,-0.5,,0,0,,-4.9,0.0,,0.0,,,
UDFA,UDFA,UDFA,TRUE,FALSE,FALSE,FALSE,FALSE,FALSE,Dhel Duncan-Busby,Bemidji State,,WR,WR254,,,6014,208,,,,1.66,4.58,14,7.19,4.33,33.5,,,0.0,0.83,NA,0.83,,,0.0,0.0,,,,,,,,,,,,,,
UDFA,UDFA,UDFA,TRUE,FALSE,FALSE,FALSE,FALSE,FALSE,Cameron Colangelo,Western Colorado,,WR,WR255,,,6002,199,,,,1.65,4.53,16,7.28,4.48,34,,,0.0,0.82,NA,0.82,,,0.0,0.0,,,,,,,,,,,,,,
UDFA,UDFA,UDFA,TRUE,FALSE,FALSE,FALSE,FALSE,FALSE,Justin Brown,Frostburg State,,WR,WR256,,,6020,205,,,,1.55,4.62,11,7.45,4.68,37,,,0.0,0.80,NA,0.80,,,0.0,0.0,,,,,,,,,,,,,,
UDFA,UDFA,UDFA,TRUE,FALSE,FALSE,FALSE,FALSE,FALSE,Dawson Snyder,St. Francis (Pa.),,WR,WR257,,,6017,178,,,,1.64,4.74,DNP,7,4.22,34.5,,,0.0,0.79,NA,0.79,,,0.0,0.0,,,,,,,,,,,,,,
UDFA,UDFA,UDFA,TRUE,FALSE,FALSE,FALSE,FALSE,FALSE,Dior Scott,East Central (Okla.),,WR,WR258,,,5077,182,,,,1.62,4.69,6,7.26,4.45,30,,,0.0,0.78,NA,0.78,,,0.0,0.0,,,,,,,,,,,,,,
UDFA,UDFA,UDFA,TRUE,FALSE,FALSE,FALSE,FALSE,FALSE,Jacob Smith,Miss. College,,WR,WR259,,,5114,169,,,,1.61,4.51,10,7.89,4.58,33.5,,,0.0,0.76,NA,0.76,,,0.0,0.0,,,,,,,,,,,,,,
UDFA,UDFA,UDFA,TRUE,FALSE,FALSE,FALSE,FALSE,FALSE,Anthony Queeley,Georgia Southern,Sun Belt,WR,WR260,,,6021,202,,,,1.65,4.7,19,7.57,4.51,37,,,0.0,0.75,NA,0.75,,,0.0,0.0,,,,,,,,,,,,,,
UDFA,UDFA,UDFA,TRUE,FALSE,FALSE,FALSE,FALSE,FALSE,Caleb McMillan,Marshall,Sun Belt,WR,WR261,6SR,,,,,,,1.65,4.67,14,7.15,4.55,37.5,,,0.0,0.75,0.12,0.63,2,0.9,0.9,0.9,1.0,1.2,1.4,,0.01,1.5,,3.0,3.9,,0.0,,,
UDFA,UDFA,UDFA,TRUE,FALSE,FALSE,FALSE,FALSE,FALSE,Jaylen Johnson,East Carolina,AAC,WR,WR262,6SR,,6007,200,868,3068,7328,1.61,4.53,13,7.5,4.5,33,909,,0.0,0.74,-0.34,1.1,4,0.4,0.4,0.4,0.5,0.6,0.6,,0.6,0.5,,-0.7,2.5,,0.0,,,
UDFA,UDFA,UDFA,TRUE,FALSE,FALSE,FALSE,FALSE,FALSE,DJ Powell,Duquesne,,WR,WR263,,,6025,191,,,,1.64,4.72,DNP,7.25,4.55,29.5,,,0.0,0.73,NA,0.73,,,0.0,0.0,,,,,,,,,,,,,,
UDFA,UDFA,UDFA,TRUE,FALSE,FALSE,FALSE,FALSE,FALSE,Christian Richmond,Central Arkansas,,WR,WR264,,,5080,185,,,,1.63,4.62,DNP,7.28,4.63,30.5,,,0.0,0.72,NA,0.72,,,0.0,0.0,,,,,,,,,,,,,,
UDFA,UDFA,UDFA,TRUE,FALSE,FALSE,FALSE,FALSE,FALSE,Kaylon Horton,North Texas,C-USA,WR,WR265,,,5086,165,,,,1.58,4.46,8,7.03,4.15,31,,,0.0,0.70,NA,0.70,,,0.0,0.0,,,,,,,,,,,,,,
UDFA,UDFA,UDFA,TRUE,FALSE,FALSE,FALSE,FALSE,FALSE,Keyshawn Jones,Southwestern,,WR,WR266,,,5071,164,,,,1.58,4.65,2,6.96,4.38,31,,,0.0,0.69,NA,0.69,,,0.0,0.0,,,,,,,,,,,,,,
UDFA,UDFA,UDFA,TRUE,FALSE,FALSE,FALSE,FALSE,FALSE,Collin Wilson,Washburn,,WR,WR267,,,6014,198,,,,1.59,4.75,9,6.9,4.3,34.5,,,0.0,0.68,NA,0.68,,,0.0,0.0,,,,,,,,,,,,,,
UDFA,UDFA,UDFA,TRUE,FALSE,FALSE,FALSE,FALSE,FALSE,Monterio Hunt,Alcorn State,,WR,WR268,,,6004,187,,,,1.63,4.83,11,7.52,4.67,29.5,,,0.0,0.66,NA,0.66,,,0.0,0.0,,,,,,,,,,,,,,
UDFA,UDFA,UDFA,TRUE,FALSE,FALSE,FALSE,FALSE,FALSE,Corintheus Edmonds,Fort Valley State,,WR,WR269,,,6007,199,,,,1.63,4.82,DNP,7.66,4.57,27.5,,,0.0,0.65,NA,0.65,,,0.0,0.0,,,,,,,,,,,,,,
UDFA,UDFA,UDFA,TRUE,FALSE,FALSE,FALSE,FALSE,FALSE,Dominic Gicinto,UNLV,MWC,WR,WR270,,,5085,183,,,,1.57,4.51,8,7.34,4.34,39.5,,,0.0,0.62,NA,0.62,,,0.0,0.0,,,,,,,,,,,,,,
UDFA,UDFA,UDFA,TRUE,FALSE,FALSE,FALSE,FALSE,FALSE,Edwin Reed,Mount Union,,WR,WR271,,,5113,203,,,,1.71,4.72,6,7.44,4.44,35,,,0.0,0.60,NA,0.60,,,0.0,0.0,,,,,,,,,,,,,,
UDFA,UDFA,UDFA,TRUE,FALSE,FALSE,FALSE,FALSE,FALSE,Isaac Foster,Kennesaw State,,WR,WR272,,,5076,175,,,,1.6,4.52,11,6.95,4.03,35,,,0.0,0.59,NA,0.59,,,0.0,0.0,,,,,,,,,,,,,,
UDFA,UDFA,UDFA,TRUE,FALSE,FALSE,FALSE,FALSE,FALSE,Tajon Vassar,Bentley,,WR,WR273,,,5076,172,,,,1.54,4.68,18,7.04,4.19,33,,,0.0,0.57,NA,0.57,,,0.0,0.0,,,,,,,,,,,,,,
UDFA,UDFA,UDFA,TRUE,FALSE,FALSE,FALSE,FALSE,FALSE,Deondre Lester,Lenoir-Rhyne,,WR,WR274,,,5117,173,,,,1.53,4.64,DNP,7.28,4.51,29.5,,,0.0,0.56,NA,0.56,,,0.0,0.0,,,,,,,,,,,,,,
UDFA,UDFA,UDFA,TRUE,FALSE,FALSE,FALSE,FALSE,FALSE,Jordan Bonner,Elon,,WR,WR275,,,6000,199,,,,1.63,4.65,19,6.89,4.41,32,,,0.0,0.55,NA,0.55,,,0.0,0.0,,,,,,,,,,,,,,
UDFA,UDFA,UDFA,TRUE,FALSE,FALSE,FALSE,FALSE,FALSE,Talik Keaton,Marshall,Sun Belt,WR,WR276,,,5107,182,,,,1.77,4.81,DNP,7.2,4.4,34,,,0.0,0.53,NA,0.53,,,0.0,0.0,,,,,,,,,,,,,,
UDFA,UDFA,UDFA,TRUE,FALSE,FALSE,FALSE,FALSE,FALSE,Isaac Ross,UMass,Ind.,WR,WR277,,,5082,173,,,,1.53,4.61,9,7.4,4.43,36,,,0.0,0.52,NA,0.52,,,0.0,0.0,,,,,,,,,,,,,,
UDFA,UDFA,UDFA,TRUE,FALSE,FALSE,FALSE,FALSE,FALSE,Erik Pizarro,Kansas State,Big 12,WR,WR278,6SR,,,,,,,1.7,4.85,19,7.45,4.5,31.5,,,0.0,0.50,0.14,0.36,4,0.6,0.7,0.7,0.8,0.9,1.0,,0.00,3.4,,0.9,0.0,,0.0,,,
UDFA,UDFA,UDFA,TRUE,FALSE,FALSE,FALSE,FALSE,FALSE,Chandler Smith,Samford,,WR,WR279,,,5094,177,,,,1.57,4.57,DNP,7.28,4.5,32.5,,,0.0,0.50,NA,0.50,,,0.0,0.0,,,,,,,,,,,,,,
UDFA,UDFA,UDFA,TRUE,FALSE,FALSE,FALSE,FALSE,FALSE,Quentin Sanders,North Greenville,,WR,WR280,,,5102,179,,,,1.77,4.89,DNP,7.78,4.87,31,,,0.0,0.49,NA,0.49,,,0.0,0.0,,,,,,,,,,,,,,
UDFA,UDFA,UDFA,TRUE,FALSE,FALSE,FALSE,FALSE,FALSE,Jalen Preston,Texas A&M,SEC,WR,WR281,,,6013,220,,,,1.71,4.71,DNP,7.5,4.53,31,,,0.0,0.47,NA,0.47,,,0.0,0.0,,,,,,,,,,,,,,
UDFA,UDFA,UDFA,TRUE,FALSE,FALSE,FALSE,FALSE,FALSE,Jsi Hatfield,East Carolina,AAC,WR,WR282,5SR,,,,,,,1.56,4.56,7,7.22,4.38,33.5,,,0.0,0.47,-0.55,1.0,1,-0.1,-0.1,-0.1,-0.1,-0.1,-0.1,,0,0.1,,-1.5,0.0,,0.0,,,
UDFA,UDFA,UDFA,TRUE,FALSE,FALSE,FALSE,FALSE,FALSE,Jasiah Provillon,Campbell,,WR,WR283,,,6013,203,,,,1.62,4.83,13,7.21,4.39,34.5,,,0.0,0.46,NA,0.46,,,0.0,0.0,,,,,,,,,,,,,,
UDFA,UDFA,UDFA,TRUE,FALSE,FALSE,FALSE,FALSE,FALSE,Jourdan Townsend,Delaware,,WR,WR284,,,5106,178,,,,1.58,4.66,DNP,7.2,4.45,32.5,,,0.0,0.45,NA,0.45,,,0.0,0.0,,,,,,,,,,,,,,
UDFA,UDFA,UDFA,TRUE,FALSE,FALSE,FALSE,FALSE,FALSE,David Florence,North Alabama,,WR,WR285,,,5071,174,,,,1.6,4.63,2,7.46,4.46,26.5,,,0.0,0.43,NA,0.43,,,0.0,0.0,,,,,,,,,,,,,,
UDFA,UDFA,UDFA,TRUE,FALSE,FALSE,FALSE,FALSE,FALSE,AJ Harris,North Park (Ill.),,WR,WR286,,,5091,196,,,,1.64,4.85,DNP,DNP,DNP,DNP,,,0.0,0.42,NA,0.42,,,0.0,0.0,,,,,,,,,,,,,,
UDFA,UDFA,UDFA,TRUE,FALSE,FALSE,FALSE,FALSE,FALSE,Darfnell Gouin,Sioux Falls,,WR,WR287,,,6011,217,,,,1.75,4.99,17,7.59,4.63,28.5,,,0.0,0.40,NA,0.40,,,0.0,0.0,,,,,,,,,,,,,,
UDFA,UDFA,UDFA,TRUE,FALSE,FALSE,FALSE,FALSE,FALSE,Kenny Brewer,Central Michigan,MAC,WR,WR288,,,6006,193,,,,1.7,4.9,16,7.14,4.52,36,,,0.0,0.39,NA,0.39,,,0.0,0.0,,,,,,,,,,,,,,
UDFA,UDFA,UDFA,TRUE,FALSE,FALSE,FALSE,FALSE,FALSE,Said Sidibe,Virginia Union,,WR,WR289,,,5105,170,,,,1.59,4.76,DNP,7.26,4.32,23.5,,,0.0,0.37,NA,0.37,,,0.0,0.0,,,,,,,,,,,,,,
UDFA,UDFA,UDFA,TRUE,FALSE,FALSE,FALSE,FALSE,FALSE,Craig Burt,Western Kentucky,C-USA,WR,WR290,,,6026,202,,,,1.7,4.81,DNP,7.01,4.59,34.5,,,0.0,0.34,NA,0.34,,,0.0,0.0,,,,,,,,,,,,,,
UDFA,UDFA,UDFA,TRUE,FALSE,FALSE,FALSE,FALSE,FALSE,Emery Bryant,Point,,WR,WR291,,,5084,163,,,,1.66,4.78,DNP,7.31,4.7,34,,,0.0,0.33,NA,0.33,,,0.0,0.0,,,,,,,,,,,,,,
UDFA,UDFA,UDFA,TRUE,FALSE,FALSE,FALSE,FALSE,FALSE,Geordon Pollard,Miles,,WR,WR292,,,6012,179,,,,1.58,4.51,DNP,7.59,4.53,30.5,,,0.0,0.32,NA,0.32,,,0.0,0.0,,,,,,,,,,,,,,
UDFA,UDFA,UDFA,TRUE,FALSE,FALSE,FALSE,FALSE,FALSE,Trey Madsen,Aurora,,WR,WR293,,,5087,188,,,,1.6,4.75,DNP,DNP,DNP,DNP,,,0.0,0.30,NA,0.30,,,0.0,0.0,,,,,,,,,,,,,,
UDFA,UDFA,UDFA,TRUE,FALSE,FALSE,FALSE,FALSE,FALSE,Justin Pringle,St. Xavier,,WR,WR294,,,5105,188,,,,1.57,4.6,DNP,DNP,DNP,DNP,,,0.0,0.29,NA,0.29,,,0.0,0.0,,,,,,,,,,,,,,
UDFA,UDFA,UDFA,TRUE,FALSE,FALSE,FALSE,FALSE,FALSE,Jarrod Barnes,Central Arkansas,,WR,WR295,,,5112,198,,,,DNP,DNP,DNP,DNP,DNP,31.5,,,0.0,0.27,NA,0.27,,,0.0,0.0,,,,,,,,,,,,,,
UDFA,UDFA,UDFA,TRUE,FALSE,FALSE,FALSE,FALSE,FALSE,Heron Maurisseau,New Hampshire,,WR,WR296,,,5102,188,,,,1.58,4.46,DNP,7.3,4.26,37,,,0.0,0.26,NA,0.26,,,0.0,0.0,,,,,,,,,,,,,,
UDFA,UDFA,UDFA,TRUE,FALSE,FALSE,FALSE,FALSE,FALSE,Doug Washington,Limestone,,WR,WR297,,,5064,167,,,,1.65,4.66,8,7.46,4.58,32.5,,,0.0,0.24,NA,0.24,,,0.0,0.0,,,,,,,,,,,,,,
UDFA,UDFA,UDFA,TRUE,FALSE,FALSE,FALSE,FALSE,FALSE,Peter Osman,SW Minnesota St.,,WR,WR298,,,5111,191,,,,1.72,4.85,7,6.85,4.15,28,,,0.0,0.23,NA,0.23,,,0.0,0.0,,,,,,,,,,,,,,
UDFA,UDFA,UDFA,TRUE,FALSE,FALSE,FALSE,FALSE,FALSE,George McCorley,Jackson State,,WR,WR299,,,6011,213,,,,1.69,4.88,7,7.75,4.65,29,,,0.0,0.22,NA,0.22,,,0.0,0.0,,,,,,,,,,,,,,
UDFA,UDFA,UDFA,TRUE,FALSE,FALSE,FALSE,FALSE,FALSE,Lance Babb,UC Davis,,WR,WR300,,,5112,208,,,,1.65,4.87,11,7.26,4.43,33,,,0.0,0.20,NA,0.20,,,0.0,0.0,,,,,,,,,,,,,,
UDFA,UDFA,UDFA,TRUE,FALSE,FALSE,FALSE,FALSE,FALSE,Darian Oxendine,Florida A&M,,WR,WR301,,,5094,159,,,,1.53,4.57,DNP,7.34,4.64,31,,,0.0,0.19,NA,0.19,,,0.0,0.0,,,,,,,,,,,,,,
UDFA,UDFA,UDFA,TRUE,FALSE,FALSE,FALSE,FALSE,FALSE,Christopher Brown,Miles,,WR,WR302,,,5094,180,,,,1.63,4.77,DNP,7.87,4.75,33.5,,,0.0,0.17,NA,0.17,,,0.0,0.0,,,,,,,,,,,,,,
UDFA,UDFA,UDFA,TRUE,FALSE,FALSE,FALSE,FALSE,FALSE,Davion Johnson,C. Connecticut St.,,WR,WR303,,,5056,166,,,,1.55,4.54,12,DNP,4.43,31.5,,,0.0,0.16,NA,0.16,,,0.0,0.0,,,,,,,,,,,,,,
UDFA,UDFA,UDFA,TRUE,FALSE,FALSE,FALSE,FALSE,FALSE,Corey Gammage,UCF,AAC,WR,WR304,,,6016,212,,,,1.71,5.01,DNP,7.52,4.76,27.5,,,0.0,0.14,NA,0.14,,,0.0,0.0,,,,,,,,,,,,,,
UDFA,UDFA,UDFA,TRUE,FALSE,FALSE,FALSE,FALSE,FALSE,Rickie Johnson,Utah Tech,,WR,WR305,,,DNP,DNP,,,,DNP,DNP,DNP,DNP,DNP,DNP,,,0.0,0.13,NA,0.13,,,0.0,0.0,,,,,,,,,,,,,,
UDFA,UDFA,UDFA,TRUE,FALSE,FALSE,FALSE,FALSE,FALSE,Cooper Sullivan,Wabash (Ind.),,WR,WR306,,,5096,186,,,,1.68,4.97,8,7.12,4.46,32.5,,,0.0,0.11,NA,0.11,,,0.0,0.0,,,,,,,,,,,,,,
UDFA,UDFA,UDFA,TRUE,FALSE,FALSE,FALSE,FALSE,FALSE,Derek Lockhart,Indiana (Pa.),,WR,WR307,,,6012,202,,,,DNP,DNP,DNP,DNP,DNP,DNP,,,0.0,0.10,NA,0.10,,,0.0,0.0,,,,,,,,,,,,,,
UDFA,UDFA,UDFA,TRUE,FALSE,FALSE,FALSE,FALSE,FALSE,Gregory Clayton,LSU,SEC,WR,WR308,,,5100,191,,,,1.94,4.94,14,7.37,4.77,29.5,,,0.0,0.09,NA,0.09,,,0.0,0.0,,,,,,,,,,,,,,
UDFA,UDFA,UDFA,TRUE,FALSE,FALSE,FALSE,FALSE,FALSE,Darius Stokes,Baldwin Wallace,,WR,WR309,,,5101,177,,,,1.63,4.74,9,7.12,4.65,33,,,0.0,0.07,NA,0.07,,,0.0,0.0,,,,,,,,,,,,,,
UDFA,UDFA,UDFA,TRUE,FALSE,FALSE,FALSE,FALSE,FALSE,KJ Franklin,West Florida,,WR,WR310,,,5070,158,,,,1.6,4.98,3,7.65,4.55,25,,,0.0,0.06,NA,0.06,,,0.0,0.0,,,,,,,,,,,,,,
UDFA,UDFA,UDFA,TRUE,FALSE,FALSE,FALSE,FALSE,FALSE,Andre Jones,Southwestern,,WR,WR311,,,6011,216,,,,1.59,5.02,DNP,7.71,4.64,26.5,,,0.0,0.04,NA,0.04,,,0.0,0.0,,,,,,,,,,,,,,
UDFA,UDFA,UDFA,TRUE,FALSE,FALSE,FALSE,FALSE,FALSE,Terrell Gardner,Alabama A&M,,WR,WR312,,,5042,162,,,,1.58,4.72,DNP,7.01,4.61,31,,,0.0,0.03,NA,0.03,,,0.0,0.0,,,,,,,,,,,,,,
UDFA,UDFA,UDFA,TRUE,FALSE,FALSE,FALSE,FALSE,FALSE,Navarie Solomon,Reinhardt,,WR,WR313,,,6002,189,,,,1.82,5.1,10,7.7,4.84,26.5,,,0.0,0.01,NA,0.01,,,0.0,0.0,,,,,,,,,,,,,,
,,,FALSE,FALSE,FALSE,FALSE,FALSE,FALSE,,,,,,,,,,,,,,,,,,,,,,,,,,,,,,,,,,,,,,,,,,